{"type":"FeatureCollection","features":[{"type":"Feature","properties":{"kind":"world"},"geometry":{"type":"MultiLineString","coordinates":[[[-124.75985,48.49453],[-124.5819,48.44392],[-124.41284,48.39581],[-124.22546,48.35005],[-124.02963,48.30225],[-123.85636,48.26],[-123.64687,48.22295],[-123.5391,48.21721],[-123.38711,48.24894],[-123.20031,48.33204],[-123.14201,48.40007],[-123.16646,48.45751],[-123.21545,48.54603],[-123.2264,48.57729],[-123.2355,48.63786],[-123.21247,48.6853],[-123.01396,48.76405],[-123.00515,48.78617],[-123.02944,48.82185],[-123.18367,48.918],[-123.3136,48.99303]],[[91.49336,27.98178],[91.36758,28.02165],[91.30681,28.06402],[91.27301,28.07839],[91.22588,28.07126],[91.14992,28.02677],[91.07778,27.97447],[91.02078,27.97008],[90.96254,27.99457],[90.90663,28.02653],[90.71573,28.07172],[90.63005,28.07854],[90.4773,28.07084],[90.35276,28.08022],[90.33312,28.094],[90.3337,28.11753]],[[23.60526,51.51792],[23.61378,51.52538],[23.60856,51.61049],[23.6467,51.62886],[23.7068,51.64132],[23.79171,51.63713],[23.86431,51.62398],[23.95118,51.58507],[23.97831,51.59132],[24.12683,51.66463],[24.28005,51.77472],[24.32377,51.83844],[24.3619,51.86753],[24.49518,51.88303],[24.61129,51.88952],[24.68514,51.88831],[24.86637,51.89911],[24.9738,51.91115],[25.06672,51.9305],[25.26722,51.93776],[25.58028,51.92474],[25.7858,51.92381],[25.92527,51.91352],[26.26706,51.85503],[26.39439,51.84443],[26.4534,51.81343],[26.56688,51.8019],[26.77349,51.77069],[26.95281,51.754],[27.07414,51.76082],[27.14199,51.75203],[27.27015,51.61357],[27.29635,51.59739],[27.34761,51.59414],[27.45231,51.6061],[27.60134,51.6016],[27.68971,51.57243],[27.67679,51.48993],[27.70005,51.47799],[27.74128,51.48257],[27.78888,51.52916],[27.82882,51.57742],[27.85854,51.59241],[28.01078,51.55975],[28.08028,51.56502],[28.14441,51.60166],[28.18374,51.60786],[28.29164,51.58184],[28.42455,51.56362],[28.53209,51.56243],[28.59901,51.54264],[28.64774,51.45652],[28.69027,51.43888],[28.7313,51.43342],[28.79326,51.51035],[28.84954,51.54019],[28.92757,51.56218],[28.97769,51.57179],[29.01314,51.59892],[29.06079,51.62543],[29.10208,51.62752],[29.13562,51.61729],[29.17422,51.58062],[29.2305,51.49701],[29.29881,51.41304],[29.34651,51.38255],[29.46965,51.40834],[29.55316,51.43459],[29.70602,51.43955],[29.9088,51.458],[30.06378,51.48203],[30.16077,51.47789],[30.21953,51.4512],[30.30898,51.3996],[30.33337,51.32555],[30.44954,51.27434],[30.54452,51.26506],[30.57692,51.31834],[30.63253,51.35542],[30.6117,51.40637],[30.6024,51.47122],[30.56075,51.53148],[30.53295,51.59633],[30.5839,51.68899],[30.6395,51.77007],[30.66731,51.8141],[30.75531,51.89518],[30.84564,51.95308],[30.98067,52.04618],[31.07932,52.07698],[31.16847,52.06292],[31.21797,52.05023],[31.34603,52.10537],[31.57371,52.10809],[31.76336,52.10108]],[[35.84074,33.41566],[35.86911,33.43176],[35.91474,33.46537],[35.92652,33.50028],[35.96755,33.53459],[36.02222,33.56253],[36.03447,33.58506],[36.02667,33.59792],[35.97169,33.62312],[35.94239,33.66756],[35.96843,33.73241],[35.98615,33.75264],[36.01881,33.78393],[36.09225,33.83158],[36.14981,33.83949],[36.19937,33.83954],[36.28335,33.83561],[36.34856,33.82703],[36.3651,33.83936],[36.36283,33.85514],[36.28226,33.89419],[36.27782,33.92532],[36.29782,33.95865],[36.35492,34.01134],[36.42282,34.04983],[36.45755,34.05681],[36.53517,34.13432],[36.58498,34.22122],[36.50437,34.43237],[36.45553,34.46616],[36.37647,34.49518],[36.32991,34.4996],[36.32629,34.51335],[36.38861,34.56691],[36.43295,34.6135],[36.38391,34.65789],[36.29632,34.67869],[36.26355,34.63285],[36.15111,34.62861],[35.97623,34.6292]],[[34.67993,-12.00888],[34.71491,-12.00278],[34.739,-12.01306],[34.75595,-12.03079],[34.75626,-12.05906],[34.74602,-12.08836],[34.71936,-12.11068],[34.68422,-12.11869],[34.6621,-12.10076],[34.66748,-12.04758],[34.67993,-12.00888],[34.67993,-12.00888],[34.67993,-12.00888],[34.67993,-12.00888],[34.67993,-12.00888],[34.67993,-12.00888],[34.67993,-12.00888],[34.67993,-12.00888],[34.67993,-12.00888],[34.67993,-12.00888],[34.67993,-12.00888],[34.67993,-12.00888],[34.67993,-12.00888],[34.67993,-12.00888],[34.67993,-12.00888],[34.67993,-12.00888]],[[80.20935,42.19004],[80.23307,42.20781],[80.25911,42.23541],[80.25508,42.27416],[80.20578,42.39943],[80.17932,42.51834],[80.16186,42.62554],[80.16501,42.66551],[80.20222,42.73447],[80.25028,42.79729],[80.42401,42.85578],[80.53894,42.87351],[80.54369,42.9117],[80.45068,42.93554],[80.38334,42.97376],[80.3713,42.99562],[80.3745,43.0204],[80.39021,43.04313],[80.507,43.08577],[80.61702,43.12827],[80.75123,43.10251],[80.77779,43.11894],[80.78575,43.16155],[80.75701,43.20434],[80.72978,43.27428],[80.66777,43.31007],[80.66539,43.35299],[80.70384,43.42706],[80.65082,43.56416],[80.59346,43.68509],[80.496,43.8921],[80.43156,43.95176],[80.3958,44.04718],[80.35523,44.09728],[80.35895,44.17131],[80.36536,44.2233],[80.35492,44.32649],[80.33632,44.4384],[80.35502,44.55198],[80.39104,44.62681],[80.38148,44.65541],[80.40055,44.67691],[80.45543,44.68407],[80.48153,44.71464],[80.45543,44.74608],[80.36081,44.77029],[80.25503,44.80812],[80.12785,44.80378],[79.99716,44.79721],[79.9321,44.82517],[79.87526,44.86083],[79.87185,44.88377],[79.95019,44.94408],[80.05923,45.00645],[80.22821,45.034],[80.41497,45.0751],[80.50923,45.105],[80.6348,45.1265],[80.78011,45.13557],[80.85334,45.12931],[81.04036,45.16913],[81.3347,45.24621],[81.60208,45.31083],[81.69205,45.34938],[81.75887,45.31083],[81.78966,45.22602],[81.86749,45.1821],[81.9449,45.16086],[81.98924,45.16184],[82.12277,45.19486],[82.26659,45.2191],[82.32338,45.20587],[82.39666,45.16246],[82.47872,45.12358],[82.52145,45.12549],[82.55897,45.15543],[82.597,45.21595],[82.62109,45.2931],[82.62579,45.37441],[82.61163,45.42426],[82.58254,45.4426],[82.45164,45.47195],[82.32663,45.51993],[82.31222,45.5637],[82.31521,45.59494],[82.34813,45.67153],[82.42973,45.81193],[82.51169,46.0058],[82.5551,46.15868],[82.69224,46.38668],[82.80004,46.62444],[82.97491,46.96602],[83.00406,47.03351],[83.02008,47.14146],[83.02943,47.18596],[83.09031,47.20937],[83.19309,47.18655],[83.44352,47.10865],[83.6341,47.0432],[83.71394,47.02106],[83.83264,46.99786],[84.01604,46.97052],[84.12203,46.97863],[84.21515,46.9947],[84.33886,46.99615],[84.53244,46.97579],[84.59228,46.97496],[84.66665,46.97238],[84.71956,46.93933],[84.74602,46.86438],[84.78617,46.83073],[84.85826,46.84319],[85.01221,46.90923],[85.1106,46.96122],[85.23349,47.03635],[85.35534,47.04674],[85.48479,47.06351],[85.52975,47.10079],[85.57724,47.18849],[85.65661,47.25464],[85.66984,47.3384],[85.64183,47.39742],[85.58664,47.49367],[85.5883,47.55849],[85.56163,47.74647],[85.52597,47.91563],[85.56225,48.05187],[85.62638,48.20398],[85.65155,48.25054],[85.69222,48.31183],[85.74937,48.38508],[85.82983,48.40805],[86.05612,48.42371],[86.26557,48.45456],[86.37254,48.48624],[86.48328,48.50536],[86.54942,48.52861],[86.66373,48.63553],[86.71794,48.69718],[86.75784,48.86074],[86.72859,48.93934],[86.75313,49.00882],[86.80832,49.04969],[86.88599,49.09057],[86.93798,49.09757],[87.04852,49.10992],[87.22995,49.10584],[87.32282,49.08579]],[[23.48464,53.93981],[23.55911,53.91981],[23.73367,53.91226],[23.87253,53.9357],[23.94446,53.93898],[24.00849,53.93164],[24.10393,53.94503],[24.19132,53.95045],[24.23659,53.91996],[24.31793,53.89299],[24.47854,53.93185],[24.62075,53.97983],[24.76818,53.97464],[24.78922,53.99823],[24.82565,54.119],[24.86952,54.14517],[25.04605,54.13308],[25.11142,54.15494],[25.17953,54.21426],[25.28366,54.25126],[25.37058,54.25121],[25.46117,54.29279],[25.50561,54.26496],[25.52736,54.21514],[25.49739,54.17525],[25.51041,54.15961],[25.57304,54.13987],[25.68053,54.14047],[25.74926,54.15698],[25.76518,54.17979],[25.76507,54.22119],[25.74812,54.25969],[25.7026,54.29299],[25.61687,54.3101],[25.55754,54.31069],[25.54736,54.33183],[25.56762,54.37707],[25.62033,54.4604],[25.68518,54.53579],[25.72477,54.56424],[25.73169,54.59036],[25.72394,54.63602],[25.72249,54.71787],[25.78083,54.83327],[25.85928,54.91928],[25.96444,54.94716],[26.09301,54.9623],[26.17518,55.00328],[26.21585,55.05039],[26.2313,55.09015],[26.25078,55.12449],[26.29176,55.13958],[26.6012,55.1302],[26.64843,55.2042],[26.67504,55.2249],[26.73442,55.24676],[26.77571,55.27311],[26.76021,55.29334],[26.6813,55.30644],[26.49531,55.31802],[26.45764,55.34246],[26.46958,55.37194],[26.51924,55.44814],[26.56658,55.54648],[26.59086,55.62265],[26.59355,55.66751]],[[-53.37061,-33.74218],[-53.39754,-33.73732],[-53.46355,-33.70988],[-53.51885,-33.67722],[-53.53133,-33.65546],[-53.53763,-33.62286],[-53.5304,-33.50033],[-53.53135,-33.17095],[-53.51187,-33.10873],[-53.48285,-33.06852],[-53.39524,-33.01039],[-53.3101,-32.92703],[-53.21408,-32.82104],[-53.12556,-32.73671],[-53.15729,-32.68012],[-53.23124,-32.6254],[-53.36276,-32.58111],[-53.48942,-32.50318],[-53.60171,-32.40304],[-53.65359,-32.2987],[-53.70114,-32.1863],[-53.74659,-32.09742],[-53.7617,-32.0568],[-53.80609,-32.0399],[-53.87653,-31.99458],[-53.92061,-31.95231],[-53.98515,-31.92813],[-54.10044,-31.90151],[-54.22056,-31.85516],[-54.36993,-31.74504],[-54.4777,-31.62277],[-54.5309,-31.542],[-54.58764,-31.48516],[-54.896,-31.39121],[-55.03604,-31.27897],[-55.09115,-31.31401],[-55.17355,-31.27959],[-55.25463,-31.22564],[-55.27897,-31.18414],[-55.31329,-31.14166],[-55.34553,-31.09299],[-55.36607,-31.04622],[-55.44956,-30.96441],[-55.55735,-30.87595],[-55.60301,-30.85078],[-55.62714,-30.85812],[-55.65047,-30.89207],[-55.66523,-30.92488],[-55.70595,-30.94659],[-55.75636,-30.9871],[-55.80569,-31.0347]],[[116.6833,49.82378],[116.58971,49.6848],[116.40212,49.40618],[116.24338,49.17038],[116.15966,49.03747],[116.09827,48.93614],[116.0344,48.84002],[116.02551,48.78229],[115.95378,48.68938],[115.82056,48.57724],[115.79167,48.4557],[115.79658,48.34635],[115.78552,48.24822],[115.63948,48.18621],[115.52507,48.13086],[115.55763,47.94503],[115.61638,47.8748],[115.71168,47.79894],[115.81167,47.73822],[115.89823,47.68693],[115.99388,47.71133],[116.07486,47.78954],[116.23118,47.85822],[116.31717,47.85984],[116.37825,47.84406],[116.51344,47.83956],[116.65193,47.86452],[116.76055,47.86979],[116.90117,47.85307],[116.95165,47.83656],[117.06973,47.80638],[117.19706,47.74029],[117.2859,47.66634],[117.3508,47.65218],[117.38398,47.67575],[117.45514,47.74138],[117.55534,47.80468],[117.67667,47.90829],[117.7684,47.98787],[117.84049,47.99986],[117.97919,47.99963],[118.04187,48.01893],[118.14703,48.0289],[118.23969,47.9995],[118.49838,47.984],[118.56778,47.94327],[118.69051,47.82225],[118.75991,47.7576],[118.88032,47.7251],[118.95313,47.70293],[119.01757,47.68536],[119.08196,47.65415],[119.09726,47.61627],[119.12294,47.55849],[119.16242,47.52521],[119.23523,47.49255],[119.29084,47.47263],[119.30856,47.43072],[119.32593,47.41018],[119.37667,47.38088],[119.52695,47.25593],[119.60017,47.22244],[119.71117,47.14999],[119.75727,47.09005],[119.75985,47.027],[119.78853,46.97881],[119.86269,46.9066],[119.89783,46.85781],[119.88414,46.79143],[119.89587,46.73286],[119.86724,46.67219],[119.74745,46.62718],[119.70663,46.60602],[119.62022,46.60395],[119.47408,46.62666],[119.33187,46.6138],[119.16206,46.63868],[119.02853,46.69219],[118.95716,46.73485],[118.84394,46.76022],[118.7903,46.7471],[118.72291,46.69188],[118.64871,46.70165],[118.58044,46.69188],[118.40438,46.70317],[118.30868,46.71704],[118.15685,46.67857],[118.07127,46.66658],[117.91046,46.61933],[117.81351,46.5377],[117.74127,46.51814],[117.67104,46.5221],[117.6205,46.55199],[117.54686,46.58827],[117.43813,46.58625],[117.40558,46.57088],[117.39214,46.53757],[117.35638,46.43665],[117.3569,46.3913],[117.33344,46.36203],[117.26905,46.35226],[117.15598,46.3551],[116.97878,46.36177],[116.85905,46.38794],[116.78701,46.37668],[116.68888,46.32198],[116.61937,46.31309],[116.56258,46.28981],[116.51669,46.20907],[116.44481,46.15879],[116.35763,46.09657],[116.26456,45.96303],[116.21299,45.88689],[116.22911,45.84573],[116.24058,45.79599],[116.19764,45.73938],[116.10984,45.6867],[116.03956,45.67693],[115.93414,45.62616],[115.78914,45.53479],[115.68103,45.45826],[115.53944,45.4395],[115.4395,45.41997],[115.21749,45.3962],[115.16261,45.39025],[114.91922,45.37829],[114.73876,45.4196],[114.6443,45.41327],[114.56017,45.38999],[114.51723,45.36462],[114.50224,45.3163],[114.48726,45.27173],[114.41909,45.20259],[114.28107,45.11089],[114.16743,45.04986],[114.0803,44.97116],[114.03033,44.94258],[113.93091,44.9123],[113.87706,44.89617],[113.75216,44.82592],[113.65263,44.76347],[113.587,44.74572],[113.50794,44.76233],[113.45564,44.76745],[113.30092,44.79163],[113.19612,44.79484],[113.04946,44.81034],[112.70674,44.88346],[112.59678,44.91767],[112.49931,45.01092],[112.41131,45.05818],[112.29209,45.06304],[112.11293,45.06293],[112.03268,45.08162],[111.89801,45.06405],[111.75104,44.96955],[111.68148,44.89917],[111.62128,44.82713],[111.54743,44.67291],[111.51478,44.56981],[111.48945,44.51157],[111.4109,44.4192],[111.40222,44.36727],[111.42956,44.32236],[111.4862,44.27161],[111.51974,44.19188],[111.60263,44.10713],[111.68376,44.04114],[111.83693,43.93468],[111.88033,43.87892],[111.93175,43.81495],[111.94286,43.75242],[111.93315,43.71144],[111.87816,43.68018],[111.77114,43.6646],[111.71972,43.62116],[111.64076,43.56318],[111.54733,43.49631],[111.50351,43.4928],[111.45111,43.47492],[111.18684,43.39198],[111.08648,43.36877],[111.00721,43.34139],[110.91331,43.25687],[110.83957,43.19411],[110.74852,43.11081],[110.70857,43.07388],[110.62749,42.99053],[110.52093,42.89526],[110.46171,42.84416],[110.42962,42.81359],[110.40042,42.77367],[110.28891,42.74274],[110.19682,42.71],[110.05802,42.6606],[109.85875,42.60626],[109.69804,42.55378],[109.59556,42.51053],[109.44317,42.45596],[109.33982,42.43837],[109.13166,42.44056],[108.87452,42.42645],[108.68735,42.41612],[108.54648,42.42932],[108.33394,42.43679],[108.17121,42.44733],[108.06232,42.42718],[107.80596,42.40584],[107.7487,42.40098],[107.29234,42.34925],[107.09076,42.32155],[106.90606,42.30886],[106.77005,42.28874],[106.69321,42.26357],[106.57906,42.22734],[106.5188,42.21158],[106.31721,42.14058],[105.86757,41.994],[105.5664,41.87512],[105.51705,41.85473],[105.31433,41.77089],[105.19712,41.73805],[105.11548,41.6633],[105.05057,41.61594],[104.98205,41.59552],[104.8603,41.64374],[104.77369,41.64118],[104.49825,41.6587],[104.49825,41.87698],[104.30519,41.84615],[103.9973,41.79698],[103.71112,41.7513],[103.44974,41.85584],[103.24789,41.93656],[103.07281,42.00596],[102.80688,42.05201],[102.57522,42.09211],[102.15669,42.1581],[101.97293,42.21587],[101.87991,42.29233],[101.71382,42.46581],[101.65998,42.50004],[101.5791,42.52356],[101.49528,42.53875],[101.31374,42.53787],[101.09195,42.5513],[100.77259,42.58779],[100.51906,42.6168],[100.08633,42.67073],[99.9838,42.67734],[99.75746,42.62947],[99.46786,42.5682],[98.94686,42.61621],[98.71628,42.63874],[98.24825,42.6845],[97.71892,42.73628],[97.20567,42.78979],[96.83298,42.76023],[96.6253,42.74385],[96.38547,42.72034],[96.35239,42.7468],[96.34247,42.84932],[96.29948,42.9287],[96.16842,43.01448],[96.08032,43.09613],[95.91252,43.20651],[95.85961,43.27596],[95.84204,43.38371],[95.68732,43.66405],[95.5912,43.85363],[95.56717,43.89226],[95.52557,43.95396],[95.47131,43.98618],[95.35643,44.00597],[95.32553,44.03935],[95.32553,44.10488],[95.34367,44.19539],[95.36682,44.26154],[95.35028,44.27807],[95.04984,44.25942],[94.86597,44.30334],[94.71198,44.35083],[94.49432,44.47253],[94.36471,44.51951],[94.19935,44.64518],[93.95791,44.67495],[93.86815,44.7242],[93.75524,44.83194],[93.65643,44.90098],[93.51623,44.94447],[93.29439,44.98317],[92.91607,45.02017],[92.78786,45.03573],[92.57893,45.011],[92.4238,45.00893],[92.1726,45.03524],[92.02976,45.06852],[91.85282,45.06934],[91.73779,45.06896],[91.58436,45.07652],[91.51005,45.09823],[91.44106,45.12474],[91.31208,45.11812],[91.2218,45.14451],[91.13772,45.19393],[91.04998,45.21745],[90.9536,45.2159],[90.91397,45.19393],[90.87727,45.19611],[90.85325,45.26287],[90.76317,45.37067],[90.74958,45.41893],[90.69444,45.47464],[90.66184,45.52523],[90.67072,45.59515],[90.70964,45.7308],[90.79594,45.85353],[90.85247,45.88542],[90.88709,45.92164],[90.95975,45.98508],[91.00171,46.03577],[90.9968,46.10499],[90.94755,46.17731],[90.91154,46.27064],[90.91825,46.32425],[90.97143,46.38797],[91.03391,46.529],[91.02889,46.56607],[91.00424,46.59573],[90.99789,46.66108],[90.98569,46.74903],[90.91056,46.88324],[90.86994,46.9545],[90.79904,46.98514],[90.71553,47.00385],[90.64339,47.1003],[90.55295,47.21399],[90.49621,47.28518],[90.47647,47.32882],[90.46748,47.40817],[90.42521,47.50408],[90.38066,47.55663],[90.34749,47.59699],[90.33064,47.65515],[90.31333,47.67619],[90.19096,47.7021],[90.10321,47.74541],[90.06658,47.80354],[90.05386,47.85049],[90.02787,47.8777],[89.95867,47.88633],[89.91046,47.84432],[89.83134,47.82331],[89.77817,47.827],[89.72561,47.85248],[89.69321,47.87915],[89.63849,47.90907],[89.56097,48.00394],[89.47922,48.02906],[89.32988,48.02487],[89.19634,47.9809],[89.11568,47.98772],[89.04767,48.00255],[88.97114,48.04994],[88.91781,48.089],[88.83833,48.10171],[88.68185,48.17055],[88.57602,48.22018],[88.56682,48.31741],[88.51711,48.38449],[88.41396,48.40343],[88.30999,48.47208],[88.15816,48.50908],[88.06256,48.53784],[87.97973,48.55512],[87.96738,48.58107],[87.97223,48.60334],[88.01063,48.64042],[88.05016,48.67504],[88.06008,48.70716],[88.02794,48.7356],[87.94216,48.76529],[87.83183,48.79165],[87.80914,48.83573],[87.7432,48.88162],[87.75473,48.91857],[87.80687,48.94549],[87.85984,48.96554],[87.87219,49.00014],[87.83467,49.03192],[87.81633,49.08026],[87.82521,49.11633],[87.8141,49.1633]],[[13.81474,48.76695],[13.76989,48.81599],[13.68498,48.87671],[13.54763,48.95967],[13.44076,48.95559],[13.40118,48.9776],[13.38371,49.00809],[13.33911,49.06078],[13.28878,49.09744],[13.22785,49.11168],[13.14052,49.15834],[13.02373,49.26009],[12.91666,49.33048],[12.81341,49.32937],[12.74788,49.36619],[12.68112,49.4145],[12.63203,49.46122],[12.55575,49.57485],[12.5003,49.63971],[12.45705,49.67981],[12.40822,49.71319],[12.39049,49.73965],[12.45023,49.80016],[12.47183,49.83008],[12.49756,49.85306],[12.51255,49.87742],[12.51203,49.89579],[12.45757,49.9555],[12.38413,49.9986],[12.27644,50.04235],[12.20781,50.09751],[12.18249,50.14805],[12.175,50.17585],[12.12787,50.21342],[12.08973,50.26856],[12.08984,50.30174],[12.09924,50.31099],[12.13485,50.31094],[12.17479,50.2884],[12.23117,50.24489],[12.27732,50.18143],[12.30564,50.2057],[12.35855,50.27326],[12.45266,50.3498],[12.54903,50.39341],[12.63554,50.39705],[12.70644,50.40912],[12.76545,50.43098],[12.86829,50.42222],[12.9427,50.40646],[12.96684,50.4162],[12.99707,50.45604],[13.01645,50.49038],[13.18114,50.51048],[13.23767,50.57676],[13.26951,50.57642],[13.30609,50.58632],[13.34103,50.61141],[13.37462,50.62172],[13.40118,50.60931],[13.43616,50.6011],[13.47259,50.61694],[13.52654,50.69282],[13.55672,50.70466],[13.70142,50.71649],[13.89851,50.76129],[13.99845,50.80111],[14.09653,50.82276],[14.2018,50.86124],[14.36908,50.89875],[14.37703,50.91405],[14.29942,50.9526],[14.27337,50.97689],[14.25585,51.00185],[14.28324,51.02947],[14.31973,51.03782],[14.36732,51.02629],[14.50736,51.00986],[14.54571,50.99397],[14.55966,50.95493],[14.59521,50.9186],[14.62384,50.91475],[14.61361,50.85555],[14.65816,50.83261],[14.72337,50.81468],[14.76647,50.81832],[14.79747,50.84232],[14.80941,50.85896]],[[27.35195,57.52812],[27.32658,57.52548],[27.18711,57.53835],[27.03342,57.57876],[26.96603,57.60914],[26.89979,57.60878],[26.81974,57.58873],[26.53268,57.53101],[26.46208,57.54447],[26.29806,57.60108],[26.21507,57.66273],[26.03038,57.78557],[26.01519,57.81477],[25.99111,57.8382],[25.79381,57.86856],[25.72089,57.91383],[25.66017,57.92019],[25.57129,57.94277],[25.33998,58.03943],[25.28262,58.0485],[25.26867,58.03222],[25.2727,58.00938],[25.25828,57.99615],[25.22872,57.99656],[25.17514,58.03212],[25.11106,58.06343],[24.91128,58.00457],[24.83903,57.98873],[24.77578,57.98525],[24.4589,57.90786],[24.36247,57.86618],[24.32253,57.8706]],[[27.35195,57.52812],[27.46967,57.52403],[27.51112,57.50817],[27.53871,57.4298],[27.67276,57.36813],[27.79689,57.31694],[27.82862,57.2933],[27.83823,57.2477],[27.83022,57.19447],[27.81456,57.1669],[27.76278,57.13512],[27.71741,57.05463],[27.7111,56.97807],[27.63948,56.84565],[27.65571,56.84322],[27.80609,56.86707],[27.84867,56.85343],[27.88153,56.82418],[27.89208,56.74108],[27.94138,56.70372],[27.9916,56.64533],[28.00752,56.59985],[28.10317,56.54572],[28.11087,56.51069],[28.16927,56.38687],[28.1917,56.31556],[28.20203,56.26039],[28.17335,56.19034],[28.14793,56.14293]],[[21.04609,56.07007],[21.3147,56.18815],[21.65349,56.31455],[21.73054,56.32599],[22.04287,56.4008],[22.08458,56.40676],[22.3659,56.39289],[22.58692,56.37511],[22.77322,56.37728],[22.87553,56.39646],[22.96829,56.38043],[23.04297,56.32406],[23.11986,56.33067],[23.19588,56.36715],[23.61265,56.33382],[23.70675,56.3346],[23.81274,56.32925],[24.00818,56.29527],[24.12068,56.26427],[24.3679,56.28303],[24.47368,56.28406],[24.52897,56.29631],[24.69951,56.38129],[24.7732,56.39589],[24.841,56.41118],[24.90306,56.39821],[24.94383,56.32561],[25.06987,56.20039],[25.20697,56.17841],[25.58576,56.13017],[25.66322,56.10484],[25.87633,55.99436],[26.00423,55.94015],[26.08552,55.8969],[26.20959,55.81212],[26.28122,55.75045],[26.40111,55.70378],[26.54286,55.67242],[26.59355,55.66751]],[[20.62218,69.03687],[20.49196,69.03331],[20.11674,69.0209],[20.28231,68.93435],[20.33714,68.89965],[20.34804,68.84872],[20.31941,68.75405],[20.23999,68.67312],[20.14743,68.60734],[19.96884,68.54202],[20.24004,68.47753],[20.05597,68.39037],[19.96982,68.3564],[19.87003,68.36224],[19.69123,68.39241],[19.25896,68.46533],[19.05261,68.49272],[18.86823,68.50114],[18.76984,68.50003],[18.37865,68.56238],[18.30305,68.5554],[18.16259,68.5284],[18.14704,68.46776],[18.15593,68.31686],[18.17665,68.20064],[18.12497,68.13346],[18.0733,68.08783],[17.91666,67.9649],[17.56475,68.04846],[17.32466,68.1038],[17.17046,68.03011],[16.78361,67.89503],[16.58558,67.62833],[16.57411,67.61957],[16.45712,67.55177],[16.30715,67.52061],[16.19356,67.50518],[16.12742,67.42581],[16.28152,67.31207],[16.36069,67.25202],[16.43427,67.15507],[16.42073,67.09337],[16.40348,67.05498],[16.2377,66.9764],[15.88413,66.76884],[15.55701,66.55209],[15.42297,66.48984],[15.48374,66.30598],[15.37491,66.25203],[15.15332,66.19105],[15.04004,66.16754],[14.91798,66.15371],[14.54323,66.12935],[14.60994,65.93225],[14.63521,65.84503],[14.63459,65.79327],[14.59583,65.74286],[14.54953,65.64641],[14.47966,65.30144],[14.42623,65.26434],[14.35244,65.17085],[14.11514,64.94616],[13.92476,64.79677],[13.65026,64.58154],[13.87355,64.51356],[14.07762,64.464],[14.11989,64.38775],[14.148,64.26032],[14.14118,64.17352],[14.06326,64.09552],[14.00269,64.04074],[13.96052,64.014],[13.67072,64.04064],[13.29958,64.0748],[13.20346,64.07508],[12.98756,64.05048],[12.79274,64.0],[12.69001,63.95744],[12.66246,63.94049],[12.5327,63.84354],[12.30192,63.6712],[12.17521,63.59596],[12.2121,63.49225],[11.99992,63.29169],[12.13862,63.08917],[12.14461,63.08251],[12.2182,63.00065],[12.14105,62.94784],[12.10865,62.91947],[12.1196,62.82593],[12.13981,62.72134],[12.12193,62.66003],[12.11454,62.59189],[12.30347,62.2856],[12.3014,62.21377],[12.29199,62.16742],[12.2337,61.97684],[12.15536,61.72073],[12.2921,61.65345],[12.48681,61.57299],[12.59606,61.54131],[12.7575,61.44568],[12.8808,61.35228],[12.86369,61.29026],[12.82819,61.22185],[12.77641,61.17399],[12.72783,61.10826],[12.70603,61.05984],[12.68303,61.04682],[12.46759,61.04152],[12.35375,61.0232],[12.29416,61.00268],[12.31463,60.89215],[12.44527,60.68963],[12.55379,60.54563],[12.58862,60.45073],[12.55286,60.35451],[12.51586,60.30521],[12.51462,60.23888],[12.48609,60.10677],[12.40207,60.04006],[12.29194,59.96724],[12.16921,59.91288],[12.07185,59.89761],[11.98829,59.89133],[11.93212,59.86368],[11.88127,59.78245],[11.8343,59.69718],[11.68076,59.59228],[11.68485,59.55575],[11.7434,59.43146],[11.79817,59.28987],[11.75187,59.15758],[11.71218,59.01867],[11.64273,58.92607],[11.54351,58.89299],[11.47075,58.90953],[11.38828,59.03653],[11.34177,59.08812],[11.29795,59.10135],[11.23593,59.10466],[11.14333,59.08812],[11.11356,59.02198],[11.05734,58.95914],[10.91182,58.94591]],[[20.62218,69.03687],[20.67588,69.06948],[20.8893,69.07144],[21.06572,69.04173],[21.10453,69.05444],[21.12784,69.08082],[21.0526,69.18655],[21.06614,69.21412],[21.14375,69.24725],[21.26685,69.27371],[21.46125,69.2775],[21.59375,69.2736],[21.62181,69.27071],[21.81968,69.15449],[21.98949,69.04113],[22.07972,68.99279],[22.30043,68.85585],[22.3829,68.77663],[22.41091,68.71989],[22.50067,68.7202],[22.81104,68.69529],[23.0717,68.67436],[23.14436,68.64258],[23.32398,68.64899],[23.46248,68.67762],[23.70701,68.71384],[23.77253,68.75839],[23.85403,68.80593],[23.99733,68.79844],[24.15411,68.76087],[24.33198,68.71152],[24.49053,68.68868],[24.70323,68.65281],[24.80244,68.60651],[24.94135,68.59328],[25.08687,68.63958],[25.17286,68.76526],[25.24914,68.82133],[25.35714,68.86246],[25.4809,68.88063],[25.57527,68.88716],[25.64663,68.91915],[25.74833,68.99016],[25.76817,69.07615],[25.74869,69.23143],[25.76724,69.28267],[25.85024,69.36649],[25.96155,69.58862],[26.01152,69.65265],[26.07244,69.69156],[26.15616,69.71471],[26.30819,69.78194],[26.52544,69.91506],[26.58425,69.92633],[26.74021,69.93304],[26.93425,69.92813],[27.10866,69.90467],[27.12752,69.90648],[27.20571,69.91868],[27.34803,69.96004],[27.59173,70.04224],[27.7479,70.06482],[27.8899,70.06167],[28.04721,69.9717],[28.26916,69.87145],[28.41173,69.82277],[28.80034,69.73151],[29.14161,69.67146],[29.33344,69.47302],[29.23881,69.39393],[29.19174,69.36672],[29.02488,69.28797],[28.84628,69.17689],[28.83264,69.11899],[28.89191,69.06059],[28.96586,69.02199]],[[104.42637,10.41125],[104.46699,10.42236],[104.51407,10.46334],[104.5643,10.51595],[104.68966,10.52326],[104.81544,10.52078],[104.85053,10.53447],[104.90128,10.59026],[104.98386,10.66193],[105.04638,10.70167],[105.06111,10.73379],[105.0361,10.80939],[105.0223,10.88686],[105.04571,10.91138],[105.1595,10.89758],[105.28425,10.86146],[105.31469,10.84518],[105.38647,10.94008],[105.40579,10.95163],[105.45272,10.95143],[105.57653,10.96892],[105.69777,10.99406],[105.75513,10.98997],[105.81073,10.92605],[105.85331,10.86358],[105.87522,10.85851],[105.93816,10.88518],[105.99015,10.85179],[106.09888,10.79727],[106.16399,10.79495],[106.13154,10.92197],[106.16792,11.01233],[106.16089,11.0371],[106.0995,11.07868],[105.89166,11.24484],[105.85605,11.2943],[105.86091,11.37243],[105.85398,11.48708],[105.83538,11.55914],[105.83853,11.60133],[105.85145,11.635],[105.8899,11.64838],[105.92659,11.65293],[105.95625,11.68249],[106.00607,11.75799],[106.10296,11.75127],[106.23918,11.70833],[106.3399,11.68182],[106.39917,11.68704],[106.4125,11.69779],[106.4108,11.73841],[106.41777,11.9117],[106.4139,11.94842],[106.49963,11.96552],[106.63094,11.96919],[106.70013,11.97932],[106.76468,12.05234],[106.93066,12.07751],[107.05066,12.1759],[107.15897,12.27703],[107.21209,12.30398],[107.27963,12.32157],[107.33002,12.31904],[107.39337,12.26049],[107.44598,12.29568],[107.50644,12.36454],[107.53812,12.43177],[107.55543,12.53998],[107.54354,12.70589],[107.5115,12.83573],[107.48153,12.93311],[107.47544,13.03037],[107.54551,13.22545],[107.60545,13.43781],[107.59398,13.52166],[107.52861,13.65421],[107.46231,13.81564],[107.38944,13.993],[107.36216,14.01948],[107.34263,14.06888],[107.33141,14.12663],[107.3604,14.30786],[107.36443,14.36868],[107.44846,14.45124],[107.49321,14.54575],[107.53522,14.64996],[107.51941,14.7051]],[[-69.51108,-17.50493],[-69.495,-17.61954],[-69.35801,-17.77173],[-69.31336,-17.94314],[-69.28233,-17.9649],[-69.09392,-18.05053],[-69.09045,-18.07068],[-69.11808,-18.10272],[-69.14546,-18.14406],[-69.12634,-18.2024],[-69.09229,-18.28245],[-69.08097,-18.3566],[-69.06015,-18.43298],[-69.0394,-18.55013],[-69.02679,-18.65628],[-68.97886,-18.81296],[-68.96909,-18.9097],[-68.96832,-18.96799],[-68.93101,-19.02514],[-68.85796,-19.09336],[-68.75908,-19.16219],[-68.68069,-19.24239],[-68.62056,-19.29665],[-68.54788,-19.34109],[-68.49201,-19.38192],[-68.47018,-19.40993],[-68.46287,-19.43277],[-68.48703,-19.45442],[-68.57527,-19.5602],[-68.69831,-19.72112],[-68.69619,-19.74076],[-68.57826,-19.85651],[-68.5594,-19.9023],[-68.56069,-19.9671],[-68.60017,-20.04487],[-68.7275,-20.06963],[-68.7558,-20.09081],[-68.75934,-20.11557],[-68.73004,-20.14843],[-68.73456,-20.22522],[-68.68859,-20.31008],[-68.71231,-20.33897],[-68.75923,-20.37803],[-68.76055,-20.41617],[-68.74518,-20.4586],[-68.69583,-20.49296],[-68.49987,-20.61202],[-68.48432,-20.62846],[-68.48742,-20.6407],[-68.56317,-20.72013],[-68.57103,-20.76912],[-68.56894,-20.84984],[-68.55827,-20.90193],[-68.53382,-20.92363],[-68.43551,-20.94828],[-68.31389,-21.12972],[-68.19702,-21.3003],[-68.19854,-21.44722],[-68.1864,-21.61858],[-68.11214,-21.75299],[-68.10181,-21.86063],[-68.07677,-21.98284],[-67.98835,-22.0571],[-67.95393,-22.20402],[-67.94494,-22.28221],[-67.95037,-22.33367],[-67.88174,-22.49341],[-67.87376,-22.63061],[-67.88998,-22.72921],[-67.88916,-22.78414],[-67.87944,-22.82295],[-67.82048,-22.85767],[-67.79443,-22.87948],[-67.70731,-22.8892],[-67.57993,-22.89168],[-67.36226,-22.85519],[-67.19488,-22.82171]],[[-69.51074,-17.50586],[-69.58642,-17.57319],[-69.68476,-17.64983],[-69.80612,-17.66492],[-69.85209,-17.70383],[-69.84149,-17.78517],[-69.80243,-17.90004],[-69.80258,-17.99027],[-69.83971,-18.09342],[-69.92635,-18.20602],[-70.0591,-18.28348],[-70.18377,-18.32524],[-70.28229,-18.32544],[-70.37748,-18.33361],[-70.41828,-18.3456]],[[6.34429,49.45274],[6.34848,49.51269],[6.37835,49.59961],[6.40677,49.64498],[6.4446,49.68203],[6.4848,49.70782],[6.4938,49.75438],[6.48728,49.79848],[6.44088,49.80531],[6.32461,49.83789],[6.25603,49.87215],[6.20492,49.91515],[6.13816,49.97431],[6.10974,50.03436],[6.10834,50.09423],[6.11651,50.12097]],[[2.52494,51.09714],[2.53605,51.04949],[2.57481,50.98857],[2.60142,50.95529],[2.57925,50.91178],[2.59677,50.87591],[2.66912,50.81142],[2.7594,50.75065],[2.83975,50.71179],[2.86244,50.716],[2.92197,50.72703],[3.0229,50.76688],[3.10687,50.77943],[3.15488,50.74894],[3.18201,50.73168],[3.23498,50.66295],[3.24975,50.59118],[3.27332,50.53154],[3.31621,50.50736],[3.47693,50.49945],[3.59537,50.47736],[3.62679,50.45733],[3.6673,50.32478],[3.68932,50.30608],[3.71887,50.32166],[3.74802,50.34349],[3.78859,50.34695],[3.85809,50.33856],[3.94971,50.33595],[4.04413,50.32135],[4.17456,50.24649],[4.1696,50.22177],[4.14412,50.17841],[4.13528,50.14381],[4.15771,50.12989],[4.19218,50.09415],[4.18386,50.05281],[4.15032,50.02387],[4.13683,50.0],[4.13704,49.98447],[4.14934,49.97158],[4.17606,49.96026],[4.36871,49.94496],[4.54502,49.96026],[4.65618,50.00245],[4.67509,50.04689],[4.70662,50.09705],[4.77287,50.13906],[4.81865,50.15319],[4.86056,50.13591],[4.79002,49.95959],[4.84154,49.9145],[4.84914,49.84714],[4.86759,49.78812],[4.93058,49.78926],[5.00691,49.77836],[5.06107,49.75655],[5.12411,49.72146],[5.21501,49.68924],[5.27878,49.67792],[5.30198,49.651],[5.3535,49.61984],[5.43464,49.55447],[5.50729,49.51088],[5.54243,49.51103],[5.61008,49.52824],[5.71048,49.5392],[5.7897,49.53827]],[[6.11651,50.12097],[6.11005,50.12376],[6.08906,50.15459],[6.05475,50.1543],[5.97631,50.16717],[5.86691,50.08284],[5.8174,50.01268],[5.7881,49.96124],[5.74407,49.91964],[5.73529,49.87564],[5.74077,49.85716],[5.72578,49.83334],[5.72495,49.80828],[5.788,49.75888],[5.80371,49.73216],[5.8804,49.64477],[5.85657,49.61284],[5.83761,49.57834],[5.81544,49.55382],[5.7897,49.53827]],[[46.42991,41.89096],[46.41157,41.90463],[46.2678,41.96033],[46.21266,41.98989],[46.1598,41.99206],[46.04849,42.00875],[45.95402,42.03539],[45.91041,42.07071],[45.84602,42.10994],[45.72654,42.15887],[45.63859,42.20507],[45.63425,42.23474],[45.68835,42.35736],[45.72758,42.47503],[45.70525,42.49808],[45.65554,42.51766],[45.56294,42.53575],[45.34372,42.52978],[45.20823,42.64825],[45.16027,42.67502],[45.0716,42.69416],[44.94339,42.73026],[44.87099,42.75638],[44.85052,42.74682],[44.77105,42.61678],[44.69177,42.70964],[44.64433,42.73473],[44.57643,42.74848],[44.50589,42.74866],[44.32952,42.70349],[44.19971,42.65362],[44.10271,42.61637],[44.00468,42.59559],[43.95745,42.56655],[43.82599,42.57151],[43.75984,42.59383],[43.73834,42.61699],[43.74992,42.6575],[43.79539,42.70298],[43.7987,42.72778],[43.78258,42.747],[43.62311,42.80772],[43.55779,42.84446],[43.34798,42.89666],[43.08918,42.98906],[43.00015,43.04967],[42.99162,43.09148],[42.89002,43.13261],[42.76062,43.16956],[42.66027,43.15907],[42.56601,43.15514],[42.41904,43.22424],[42.27967,43.22806],[42.12221,43.20734],[42.0878,43.19912],[42.04997,43.19013],[41.58054,43.21925],[41.46076,43.2763],[41.35823,43.33338],[41.08311,43.37448],[40.94203,43.41807],[40.80168,43.47993],[40.64799,43.53391],[40.519,43.51202],[40.34227,43.54274],[40.15014,43.5698],[40.08461,43.5531],[40.02374,43.48484],[39.97832,43.41983]],[[20.96428,40.84991],[20.95855,40.87151],[20.93348,40.90314],[20.87018,40.91792],[20.74078,40.90525],[20.70931,40.92836],[20.65603,41.06168],[20.61448,41.08307],[20.56787,41.12783],[20.48896,41.27262],[20.48705,41.33608],[20.49242,41.39143],[20.4486,41.52126],[20.47558,41.5541],[20.51619,41.57478],[20.51661,41.62707],[20.50514,41.7065],[20.55314,41.86236],[20.56617,41.8737]],[[20.56617,41.8737],[20.58141,41.91744],[20.57542,42.01309],[20.52281,42.17148],[20.48545,42.22337],[20.40829,42.27497],[20.34825,42.30881],[20.2405,42.33897],[20.18578,42.42589],[20.10356,42.52467],[20.06397,42.54727]],[[41.51006,41.51749],[41.57651,41.49731],[41.70172,41.47158],[41.77939,41.44052],[41.82352,41.43236],[41.92574,41.49566],[42.07777,41.49411],[42.21115,41.48672],[42.27998,41.47499],[42.36437,41.45401],[42.46638,41.43985],[42.50793,41.47005],[42.56736,41.5593],[42.59045,41.57072],[42.60684,41.57881],[42.68239,41.58573],[42.75411,41.57891],[42.78786,41.56372],[42.82171,41.4924],[42.90677,41.46685],[43.05714,41.35285],[43.14897,41.30714],[43.17125,41.28795],[43.14096,41.26485],[43.15285,41.23642],[43.20551,41.19917],[43.2793,41.18521],[43.35894,41.19012],[43.40239,41.17656],[43.4334,41.15552],[43.44157,41.12599],[43.43945,41.1071]],[[101.13892,21.56747],[101.19665,21.52205],[101.17535,21.40753],[101.20558,21.3833],[101.2199,21.34242],[101.21184,21.27824],[101.22445,21.22372],[101.24791,21.19731],[101.2815,21.18413],[101.44361,21.2308],[101.54236,21.23426],[101.58391,21.20356],[101.62163,21.18444],[101.66861,21.16964],[101.70478,21.15013],[101.72809,21.15638],[101.78348,21.20413],[101.80054,21.21261],[101.80209,21.23597],[101.76312,21.27888],[101.72292,21.31493],[101.72416,21.39503],[101.74349,21.53383],[101.74721,21.60576],[101.7439,21.778],[101.73651,21.82652],[101.69956,21.88249],[101.60292,21.98972],[101.57579,22.05527],[101.56024,22.12092],[101.56184,22.16242],[101.53724,22.20986],[101.52448,22.25365],[101.56789,22.27639],[101.61998,22.32745],[101.64618,22.4054],[101.67145,22.46232],[101.70752,22.48659],[101.73878,22.49527],[101.76002,22.49031],[101.84177,22.38848],[101.94544,22.43941],[102.0244,22.4392],[102.09147,22.41225],[102.12744,22.3792]],[[73.63166,39.44886],[73.71574,39.46227],[73.82291,39.48896],[73.87278,39.5333],[73.90715,39.57852],[73.91469,39.60647],[73.88255,39.71455],[73.83976,39.76284],[73.83537,39.80015],[73.85625,39.82868],[73.88462,39.87793],[73.93877,39.97883],[73.99159,40.04314],[74.02053,40.05936],[74.08512,40.0743],[74.24268,40.09202],[74.41192,40.13719],[74.61305,40.27217],[74.67987,40.31061],[74.76777,40.32986],[74.8305,40.32849],[74.84177,40.34498],[74.80125,40.42854],[74.81112,40.45877],[74.8351,40.48259],[74.86559,40.4935],[75.00455,40.44949],[75.11131,40.45412],[75.24102,40.48029],[75.5208,40.62755],[75.55558,40.62519],[75.58353,40.60533],[75.61743,40.5166],[75.65598,40.32927],[75.67717,40.30581],[75.87199,40.3032],[76.00428,40.37144],[76.06231,40.38753],[76.15662,40.37648],[76.20608,40.40839],[76.25832,40.43074],[76.31852,40.35227],[76.39635,40.38981],[76.48017,40.44952],[76.52094,40.51125],[76.57789,40.57789],[76.62218,40.66238],[76.6398,40.74222],[76.66119,40.77966],[76.70842,40.81813],[76.82408,40.9823],[76.90774,41.02419],[76.98665,41.03915],[77.18209,41.01073],[77.284,41.01434],[77.58176,40.99277],[77.71932,41.02429],[77.81523,41.05561],[77.95641,41.0507],[78.12343,41.07563],[78.34626,41.28146],[78.34884,41.3252],[78.36238,41.37161],[78.44289,41.41755],[78.54314,41.45959],[78.74262,41.56005],[79.14843,41.71913],[79.29359,41.78283],[79.35441,41.78107],[79.50386,41.82101],[79.76612,41.89886],[79.84043,41.99573],[79.90968,42.01501],[80.21622,42.03242],[80.23513,42.04348],[80.24619,42.05981],[80.22919,42.12983],[80.20935,42.19004]],[[43.43945,41.1071],[43.49195,41.11553],[43.64502,41.11666],[43.79322,41.13108],[43.90919,41.15899],[44.07724,41.1825],[44.14654,41.20338],[44.22736,41.21335],[44.47303,41.191],[44.56486,41.20821],[44.84138,41.21136],[44.84851,41.22017],[44.81094,41.24859],[44.81135,41.25937],[44.97589,41.27748],[45.00142,41.29097]],[[80.20935,42.19004],[80.07132,42.303],[79.92105,42.41312],[79.80343,42.43847],[79.59838,42.45663],[79.49012,42.45756],[79.42826,42.48351],[79.3678,42.54722],[79.29545,42.60484],[79.203,42.666],[79.16481,42.75902],[79.12667,42.77574],[79.05986,42.7638],[78.94798,42.76669],[78.88514,42.77488],[78.7915,42.79082],[78.64226,42.82873],[78.52423,42.86467],[78.37592,42.87149],[78.29003,42.86433],[78.02312,42.85751],[77.80169,42.89524],[77.62248,42.90224],[77.5122,42.90007],[77.45928,42.90475],[77.36859,42.90446],[77.23552,42.91263],[77.05734,42.97066],[76.9881,42.9736],[76.94407,42.97149],[76.64652,42.9288],[76.50916,42.91888],[76.21812,42.92374],[75.93219,42.92849],[75.84036,42.93748],[75.78956,42.93294],[75.68177,42.83049],[75.63567,42.8146],[75.36618,42.83697],[75.04765,42.90438],[74.81753,42.97815],[74.62225,43.05618],[74.36386,43.17943],[74.20909,43.24036],[74.18682,43.2053],[74.14589,43.19408],[74.08626,43.1886],[73.94916,43.19504],[73.88606,43.13256],[73.71853,43.08789],[73.61202,43.04792],[73.55626,43.0028],[73.45023,42.70303],[73.42191,42.59352],[73.49296,42.40904],[73.41162,42.41976],[73.31597,42.46699],[73.2829,42.50412],[73.19081,42.52686],[72.85512,42.56112],[72.79244,42.60347],[72.75296,42.63791],[72.66609,42.66042],[72.5432,42.67776],[72.27583,42.75767],[72.16183,42.76067],[71.81684,42.82219],[71.76056,42.82149],[71.73477,42.81889],[71.60083,42.77866],[71.51422,42.76693],[71.42203,42.78318],[71.25666,42.73357],[71.16737,42.66742],[71.09357,42.58652],[71.02278,42.53544],[71.002,42.45906],[70.95239,42.41938],[70.89286,42.34],[70.89286,42.2937],[70.94681,42.24866]],[[-56.4828,1.94213],[-56.52551,1.92727],[-56.56354,1.90725],[-56.61646,1.92267],[-56.68982,1.9143],[-56.76624,1.89219],[-56.83673,1.88123],[-56.96954,1.9164],[-57.01003,1.92125],[-57.0376,1.93647],[-57.09269,2.00582],[-57.11891,2.01396],[-57.1896,1.98161],[-57.27557,1.95924],[-57.3175,1.96347],[-57.36678,1.94014],[-57.41272,1.90893],[-57.50044,1.77382],[-57.54576,1.72607],[-57.59441,1.70411],[-57.69174,1.70481],[-57.79567,1.70003],[-57.87341,1.66726],[-57.94635,1.6506],[-57.98284,1.64843],[-57.99514,1.57432],[-58.01178,1.53996],[-58.03467,1.52024],[-58.09133,1.51438],[-58.14223,1.51699],[-58.17308,1.54786],[-58.23042,1.56329],[-58.28114,1.57432],[-58.31421,1.59194],[-58.34067,1.58755],[-58.36271,1.55668],[-58.38036,1.53022],[-58.39578,1.48172],[-58.47296,1.46627],[-58.50606,1.43865],[-58.48686,1.34777],[-58.49567,1.31227],[-58.51188,1.28468],[-58.60507,1.27915],[-58.6846,1.28106],[-58.73034,1.24752],[-58.78723,1.2085],[-58.82175,1.20122],[-58.86253,1.2036],[-58.91663,1.24886],[-58.96851,1.30457],[-59.10039,1.34367],[-59.23119,1.37601],[-59.31697,1.46461],[-59.33725,1.50818],[-59.37769,1.52735],[-59.47944,1.63241],[-59.53569,1.7],[-59.59661,1.71803],[-59.66661,1.7463],[-59.66377,1.79524],[-59.66852,1.84234],[-59.69855,1.86146],[-59.74074,1.87417],[-59.75619,1.90063],[-59.75177,1.96239],[-59.7435,2.12163],[-59.75521,2.27413],[-59.84913,2.32704],[-59.88965,2.36296],[-59.96078,2.58837],[-59.99432,2.68999],[-59.99592,2.76541],[-59.9723,2.99046],[-59.94566,3.08782],[-59.87303,3.28308],[-59.83115,3.34923],[-59.82882,3.39858],[-59.83306,3.46214],[-59.8544,3.58748],[-59.73162,3.66655],[-59.67901,3.6998],[-59.6702,3.75272],[-59.60444,3.81966],[-59.5754,3.88346],[-59.55114,3.93353],[-59.55775,3.95999],[-59.58641,3.97542],[-59.6202,4.02317],[-59.69121,4.16039],[-59.71689,4.18817],[-59.73854,4.22677],[-59.72749,4.28765],[-59.69971,4.35353],[-59.70327,4.3811],[-59.7458,4.41666],[-59.83335,4.47593],[-59.9061,4.48032],[-59.96236,4.50169],[-60.04501,4.50458],[-60.11116,4.5112],[-60.14865,4.53324],[-60.14092,4.56964],[-60.12457,4.59765],[-60.06896,4.66667],[-60.03178,4.74051],[-60.02674,4.8127],[-60.01548,4.9075],[-59.99938,4.98985],[-59.99067,5.08284],[-60.07808,5.144],[-60.10596,5.19423],[-60.14203,5.2388],[-60.18172,5.2388],[-60.24167,5.25797],[-60.3352,5.1993],[-60.40881,5.21015],[-60.45953,5.18808],[-60.5764,5.1925],[-60.65136,5.22115],[-60.74213,5.20203]],[[8.39311,55.09684],[8.46189,55.07116],[8.54121,54.95461],[8.59455,54.91595],[8.67072,54.90332],[8.85727,54.90114],[8.90295,54.89691],[9.18583,54.84466],[9.25497,54.80802],[9.34194,54.80632],[9.49873,54.84043],[9.61577,54.85541],[9.66125,54.83438],[9.72497,54.82554],[9.73975,54.82552]],[[9.51873,30.22942],[9.638,30.28234],[9.80739,30.34223],[9.89504,30.38729],[9.9325,30.42535],[10.05973,30.5801],[10.12593,30.66598],[10.21636,30.78321],[10.25605,30.86494],[10.25698,30.9408],[10.24333,31.03211],[10.17264,31.25096],[10.11497,31.46376],[10.15988,31.5458],[10.196,31.5851],[10.27465,31.68497],[10.30602,31.70483],[10.47577,31.73602],[10.54368,31.80256],[10.59546,31.88575],[10.60889,31.92955],[10.683,31.97541],[10.77157,32.0212],[10.8264,32.08068],[11.00515,32.17271],[11.16829,32.25677],[11.35805,32.34524],[11.50501,32.41368],[11.53597,32.47337],[11.5338,32.52494],[11.45391,32.64258],[11.45391,32.78169],[11.45923,32.89737],[11.46724,32.96571],[11.50243,33.15555],[11.50455,33.18195]],[[45.00142,41.29097],[45.02292,41.2457],[45.08472,41.19547],[45.15231,41.17516],[45.18859,41.14741],[45.19019,41.12635],[45.07066,41.10083],[45.0626,41.08814],[45.07046,41.07558],[45.10612,41.06935],[45.27339,41.00626],[45.36894,41.00489],[45.41917,40.98572],[45.44423,40.94799],[45.52397,40.89673],[45.58753,40.84691],[45.59146,40.82976],[45.57937,40.80449],[45.40134,40.70715],[45.37897,40.67359],[45.37618,40.63809],[45.45441,40.53236],[45.5695,40.41686],[45.73569,40.32912],[45.96462,40.23377],[45.96756,40.17481],[45.93129,40.10468],[45.90012,40.05709],[45.88596,40.02484],[45.85811,40.01128],[45.63017,40.0142],[45.59601,40.00286],[45.58097,39.98903],[45.57978,39.97756],[45.66179,39.95619],[45.78964,39.88111],[45.86317,39.80837],[45.93997,39.77654],[46.0259,39.71853],[46.09479,39.66448],[46.20207,39.59448],[46.32165,39.61745],[46.48143,39.55516],[46.48805,39.51283],[46.47812,39.47511],[46.37767,39.43387],[46.36516,39.41679],[46.36526,39.4025],[46.37839,39.38227],[46.43725,39.34855],[46.50665,39.29856],[46.58473,39.22368],[46.54995,39.20143],[46.47709,39.19818],[46.42035,39.20737],[46.4003,39.19218],[46.40144,39.16769],[46.47544,39.11087],[46.48985,39.06945],[46.48676,38.99746],[46.49063,38.90667]],[[44.76826,39.70352],[44.86716,39.71913],[45.03165,39.76512],[45.07645,39.74282],[45.12456,39.69634],[45.14859,39.65657],[45.15283,39.58268],[45.17257,39.57061],[45.25257,39.59546],[45.28833,39.56557],[45.34987,39.52989],[45.45684,39.49446],[45.61079,39.54978],[45.68742,39.56405],[45.75052,39.56296],[45.78447,39.5456],[45.79651,39.48813],[45.78416,39.41723],[45.76633,39.37845],[45.79868,39.35018],[45.92498,39.28194],[45.97743,39.24388],[45.95185,39.1781],[46.0459,39.01752],[46.07748,38.95488],[46.11443,38.87778]],[[20.24185,46.10861],[20.28096,46.133],[20.50808,46.16692],[20.61366,46.13352],[20.66099,46.14566],[20.7074,46.17281],[20.73272,46.19444],[20.73737,46.21749],[20.76021,46.24622],[20.837,46.25971],[21.03988,46.24224],[21.12164,46.28245],[21.15192,46.30436],[21.17042,46.35267],[21.19181,46.39154],[21.26457,46.41231],[21.26323,46.44773],[21.25222,46.48636],[21.29455,46.57245],[21.32018,46.6078],[21.36131,46.62077],[21.41102,46.64785],[21.49712,46.70428],[21.47707,46.75337],[21.49443,46.78973],[21.58414,46.87838],[21.65266,46.96377],[21.65142,47.00654],[21.66145,47.0439],[21.72181,47.08483],[21.78547,47.13816],[21.86929,47.30461],[21.89926,47.33256],[21.95425,47.36424],[21.99528,47.39571],[21.99972,47.50503],[22.03796,47.53661],[22.11196,47.57203],[22.18509,47.62903],[22.24462,47.69637],[22.29066,47.72784],[22.35143,47.73621],[22.41747,47.76267],[22.49137,47.77256],[22.56294,47.75957],[22.60837,47.76631],[22.67679,47.79905],[22.85176,47.92258],[22.87662,47.94725]],[[70.95797,40.23889],[70.99058,40.25491],[71.0945,40.27124],[71.30467,40.2869],[71.37619,40.27519],[71.45748,40.24201],[71.52042,40.20897],[71.58047,40.21026],[71.62987,40.21713],[71.6509,40.20799],[71.66677,40.17863],[71.6925,40.15236],[71.77265,40.18804],[71.84541,40.23434],[71.90272,40.24095],[71.95564,40.2586],[71.97109,40.28948],[72.01259,40.34074],[72.13124,40.43862],[72.19289,40.45443],[72.23278,40.45438],[72.23469,40.43862],[72.25397,40.4242],[72.35768,40.40167],[72.38931,40.42738],[72.40595,40.46306],[72.36977,40.51975],[72.36905,40.54347],[72.38259,40.56515],[72.40202,40.57809],[72.56749,40.52435],[72.60407,40.52543],[72.67963,40.55561],[72.74887,40.60868],[72.77388,40.65039],[73.11288,40.78604],[73.13696,40.81064],[73.1321,40.82852],[72.98999,40.86012],[72.92602,40.84244],[72.86659,40.84231],[72.83099,40.86216],[72.65833,40.86993],[72.62041,40.88381],[72.50594,40.98168],[72.42739,41.01894],[72.36404,41.04344],[72.29495,41.03992],[72.21309,41.01424],[72.18736,41.02595],[72.18064,41.06685],[72.18095,41.11847],[72.16426,41.17374],[72.11537,41.18658],[72.05243,41.16475],[71.95848,41.18705],[71.87864,41.19501],[71.85797,41.31138],[71.82573,41.36104],[71.79245,41.41313],[71.75772,41.42801],[71.70067,41.45401],[71.6972,41.51558],[71.68516,41.53299],[71.66491,41.54121],[71.63752,41.53418],[71.60228,41.50326],[71.61964,41.43546],[71.6062,41.36742],[71.58558,41.33324],[71.54559,41.30807],[71.50006,41.30748],[71.42084,41.34187],[71.40839,41.13604],[71.39309,41.12338],[71.29883,41.15248],[71.22338,41.13992],[71.11073,41.15263],[71.02593,41.18658],[70.96257,41.19599],[70.86046,41.2249],[70.78248,41.2625],[70.73442,41.40052],[70.68884,41.44982],[70.64585,41.46036],[70.47139,41.41267],[70.40783,41.44956],[70.29006,41.49685],[70.20091,41.51447],[70.17699,41.54],[70.18097,41.57142],[70.45496,41.72505],[70.56291,41.83081],[70.63091,41.87551],[70.7277,41.90522],[70.80336,41.92263],[70.84191,42.01963],[70.85658,42.03082],[70.91033,42.038],[71.03218,42.07779],[71.22855,42.16291],[71.23232,42.18626],[71.21264,42.20644],[71.12995,42.25001],[71.03601,42.28468],[70.97901,42.26657],[70.94681,42.24866]],[[18.83222,49.51078],[18.93815,49.49827],[18.95722,49.4483],[18.96833,49.39624],[19.14946,49.39998],[19.25017,49.51145],[19.30237,49.52483],[19.38624,49.56364],[19.44164,49.5977],[19.47972,49.57638],[19.53476,49.50478],[19.59305,49.44711],[19.62669,49.42437],[19.63025,49.40662],[19.66415,49.39605],[19.73004,49.38959],[19.77391,49.37218],[19.78704,49.31854],[19.78797,49.26996],[19.76735,49.23521],[19.75665,49.20439],[19.80223,49.19235],[19.869,49.204],[19.91613,49.22139],[20.05762,49.18129],[20.10764,49.27074],[20.16371,49.3164],[20.23652,49.33766],[20.30257,49.36551],[20.36303,49.38526],[20.40468,49.38407],[20.42266,49.39233],[20.47454,49.39016],[20.53459,49.3812],[20.61614,49.39171],[20.729,49.36991],[20.79949,49.32867],[20.86847,49.31469],[20.94728,49.31709],[21.00113,49.33983],[21.07942,49.41828],[21.13616,49.41706],[21.22499,49.42944],[21.35046,49.42877],[21.63964,49.41195],[21.71214,49.38192],[21.89012,49.34345],[21.96768,49.29908],[22.0022,49.24609],[22.02008,49.2095],[22.20255,49.15323],[22.47308,49.08129],[22.53866,49.07272]],[[-7.21862,55.09201],[-7.37691,55.0277],[-7.40143,55.00331],[-7.44597,54.90512],[-7.45125,54.87712],[-7.5022,54.82544],[-7.55041,54.76795],[-7.60643,54.7457],[-7.68999,54.728],[-7.73748,54.71046],[-7.79727,54.7193],[-7.87293,54.71785],[-7.9106,54.69832],[-7.90874,54.68333],[-7.88615,54.66607],[-7.81985,54.63971],[-7.74627,54.61584],[-7.75441,54.59494],[-7.79381,54.57124],[-8.04434,54.51246],[-8.11896,54.47696],[-8.14479,54.4535],[-8.11823,54.41425],[-7.91845,54.29658],[-7.88445,54.28377],[-7.85494,54.21527],[-7.67878,54.18667],[-7.60653,54.14383],[-7.54442,54.13359],[-7.40944,54.13732],[-7.35518,54.12125],[-7.32451,54.13344],[-7.30673,54.156],[-7.19304,54.21411],[-7.15545,54.23951],[-7.17808,54.27488],[-7.20258,54.3018],[-7.13349,54.35539],[-7.04969,54.40826],[-7.00773,54.40671],[-6.93616,54.37433],[-6.87722,54.32909],[-6.86927,54.29405],[-6.85834,54.26868],[-6.8026,54.21437],[-6.76658,54.19561],[-6.66954,54.1847],[-6.64685,54.16344],[-6.66421,54.08476],[-6.64982,54.05864],[-6.54815,54.05727],[-6.44027,54.06363],[-6.40257,54.06063],[-6.36366,54.07711],[-6.30367,54.09489],[-6.21801,54.08874]],[[18.83222,49.51078],[18.82927,49.54013],[18.80689,49.61372],[18.59466,49.75779],[18.56882,49.81794],[18.57719,49.84112],[18.56241,49.87933],[18.51621,49.90238],[18.34847,49.92985],[18.30532,49.91406],[18.26631,49.93029],[18.20528,49.96475],[18.09918,49.99279],[18.08766,50.00728],[18.04947,50.03193],[18.02829,50.03524],[18.01464,50.02028],[17.98384,49.99907],[17.87475,49.97225],[17.83129,49.98331],[17.79171,50.00661],[17.74655,50.05679],[17.68107,50.10077],[17.62707,50.11642],[17.59627,50.13952],[17.58935,50.15746],[17.70929,50.19355],[17.73549,50.23078],[17.72009,50.29864],[17.70226,50.30716],[17.65466,50.28422],[17.55462,50.26406],[17.46232,50.25476],[17.4152,50.25476],[17.15196,50.37832],[16.9808,50.4161],[16.88003,50.42703],[16.86918,50.41449],[16.91476,50.3452],[16.99341,50.2597],[16.98969,50.23693],[16.89533,50.20195],[16.84174,50.1867],[16.77865,50.15704],[16.72531,50.11606],[16.67912,50.09748],[16.63912,50.10216],[16.59664,50.1219],[16.4876,50.24841],[16.35046,50.3452],[16.33413,50.3669],[16.29134,50.37186],[16.23072,50.39408],[16.21031,50.42372],[16.24069,50.45467],[16.28255,50.48299],[16.3566,50.50048],[16.37908,50.51692],[16.39231,50.54167],[16.4197,50.57366],[16.41252,50.58518],[16.35996,50.62141],[16.28224,50.65562],[16.06644,50.62993],[16.00722,50.61164],[15.97384,50.63546],[15.94852,50.67024],[15.89389,50.67691],[15.81922,50.70869],[15.73054,50.73972],[15.64393,50.74887],[15.464,50.79385],[15.39465,50.79628],[15.35439,50.81178],[15.31259,50.84573],[15.27703,50.88302],[15.25863,50.95854],[15.12593,50.99286],[14.99374,51.01438],[14.98444,51.0034],[14.98997,50.92723],[14.98289,50.88656],[14.89576,50.86139],[14.80941,50.85896]],[[70.95797,40.23889],[70.96097,40.22065],[70.9464,40.18757],[70.73861,40.13114],[70.6443,40.08344],[70.62409,39.99895],[70.59924,39.97451],[70.55686,39.95451],[70.51511,39.94991],[70.45139,40.04924],[70.37894,40.06985],[70.2744,40.10484],[70.07152,40.17277],[69.96677,40.20222],[69.76523,40.15801],[69.53026,40.09729],[69.49367,40.06035],[69.46871,40.02074],[69.47098,39.99063],[69.48788,39.95043],[69.47626,39.91971],[69.43197,39.90979],[69.36541,39.94707],[69.30727,39.96854],[69.2788,39.91777],[69.24474,39.82708],[69.22909,39.76109],[69.2803,39.66585],[69.29771,39.52482],[69.39151,39.53247],[69.46334,39.53206],[69.59878,39.57376],[69.66699,39.5749],[69.7721,39.55676],[69.95597,39.55309],[70.10164,39.56058],[70.13678,39.55759],[70.1711,39.5842],[70.20929,39.57498],[70.24484,39.54263],[70.39207,39.58187],[70.50115,39.58735],[70.56802,39.57585],[70.60787,39.56441],[70.67861,39.47129],[70.73308,39.41331],[70.79933,39.3947],[71.00485,39.41186],[71.06505,39.4934],[71.11807,39.51356],[71.20276,39.51981],[71.27289,39.53531],[71.32849,39.5687],[71.40425,39.59787],[71.47035,39.60368],[71.50301,39.58218],[71.51742,39.55387],[71.5059,39.51707],[71.50332,39.47883],[71.54626,39.4531],[71.67266,39.44705],[71.73219,39.42299],[71.73539,39.37773],[71.72568,39.30659],[71.7786,39.27797],[71.80598,39.27559],[71.99099,39.35091],[72.04282,39.35217],[72.08421,39.31062],[72.14736,39.26076],[72.22999,39.20753],[72.24978,39.21569],[72.28719,39.27373],[72.35773,39.33685],[72.49023,39.35739],[72.56335,39.37721],[72.63994,39.38599],[72.87248,39.36039],[72.94938,39.35708],[73.10926,39.36194],[73.23494,39.37455],[73.33617,39.41237],[73.38739,39.44271],[73.47043,39.46059],[73.57559,39.45762],[73.63166,39.44886]],[[20.00129,39.70941],[20.02258,39.7107],[20.05979,39.69913],[20.1311,39.66161],[20.20686,39.6535],[20.2482,39.67838],[20.27208,39.70119],[20.28758,39.73856],[20.29383,39.78222],[20.30618,39.79669],[20.36406,39.79173],[20.38246,39.80264],[20.38163,39.84181],[20.34427,39.89064],[20.31135,39.95077],[20.31114,39.97942],[20.33843,39.99105],[20.3837,40.01717],[20.40804,40.04944],[20.45604,40.06556],[20.52705,40.06851],[20.60627,40.08267],[20.65737,40.1174],[20.66497,40.15176],[20.69701,40.24638],[20.71789,40.29268],[20.75168,40.3349],[20.77003,40.3919],[20.8061,40.44544],[20.88165,40.46792],[20.95017,40.4944],[21.0019,40.56339],[21.03089,40.62248],[21.0311,40.65866],[20.9879,40.71777],[20.95575,40.77529],[20.96428,40.84991]],[[33.20173,-14.01336],[33.14809,-13.94096],[33.10359,-13.9592],[33.04236,-14.01005],[33.00928,-14.02374],[32.99213,-14.02219],[32.98122,-14.00933],[32.96753,-13.97687],[32.9203,-13.88386],[32.86722,-13.8174],[32.811,-13.79156],[32.76516,-13.76107],[32.78537,-13.73141],[32.80671,-13.71027],[32.79751,-13.68852],[32.77178,-13.65658],[32.67204,-13.61033],[32.67044,-13.59044],[32.75845,-13.55034],[32.81405,-13.50274],[32.85182,-13.45701],[32.89973,-13.35701],[32.93854,-13.25738],[32.96763,-13.22498],[32.97766,-13.15889],[32.97114,-13.08432],[32.99047,-12.98944],[32.99998,-12.89963],[32.97053,-12.86474],[32.94562,-12.80439],[32.97518,-12.70134],[33.02158,-12.63049],[33.24343,-12.55655],[33.39794,-12.48983],[33.43065,-12.46048],[33.48326,-12.40343],[33.5123,-12.34772],[33.49142,-12.33108],[33.36998,-12.32969],[33.34011,-12.30834],[33.25237,-12.11259],[33.301,-11.88822],[33.30513,-11.8],[33.30394,-11.69081],[33.28833,-11.61113],[33.24999,-11.57764],[33.22643,-11.53485],[33.23273,-11.4177],[33.26839,-11.4039],[33.34554,-11.24913],[33.37975,-11.15792],[33.33867,-11.08516],[33.29324,-10.98114],[33.27273,-10.91504],[33.26136,-10.89334],[33.29278,-10.85231],[33.34487,-10.81267],[33.40316,-10.80177],[33.46476,-10.78306],[33.65906,-10.59052],[33.66154,-10.5531],[33.6262,-10.48861],[33.55375,-10.3913],[33.53762,-10.35156],[33.52894,-10.23467],[33.5001,-10.19969],[33.39355,-10.12093],[33.31149,-10.03799],[33.33712,-9.95397],[33.35097,-9.86219],[33.31045,-9.81186],[33.25004,-9.75956],[33.21268,-9.68298],[33.19573,-9.62613],[33.14809,-9.6035],[33.10447,-9.60267],[33.07243,-9.63822],[33.03781,-9.63502],[32.996,-9.62282],[32.9821,-9.57363],[32.97983,-9.52035],[32.95104,-9.48423],[32.92334,-9.434],[32.91988,-9.40738]],[[22.13186,48.40531],[22.14287,48.56851],[22.29521,48.68581],[22.33257,48.74509],[22.38947,48.87348],[22.43205,48.93355],[22.48321,48.98326],[22.52414,49.03137],[22.53866,49.07272]],[[-11.50754,6.90653],[-11.45454,6.95123],[-11.37669,7.09466],[-11.26765,7.23263],[-11.16614,7.31441],[-11.08539,7.39857],[-11.00023,7.46303],[-10.87806,7.53822],[-10.69128,7.73643],[-10.64748,7.75937],[-10.61759,7.89642],[-10.57085,8.07116],[-10.51674,8.12527],[-10.38957,8.15759],[-10.3598,8.18792],[-10.31464,8.31086],[-10.28575,8.45411],[-10.28322,8.48514]],[[24.1474,8.66564],[24.19478,8.65337],[24.22088,8.60826],[24.17995,8.46111],[24.20837,8.36913],[24.29136,8.29143],[24.37549,8.25846],[24.45606,8.23945],[24.73671,8.19154],[24.85329,8.13754],[25.00719,7.96486],[25.20035,7.8079],[25.24738,7.72457],[25.2387,7.64899],[25.18134,7.55721],[25.19012,7.51933],[25.27895,7.42751],[25.38065,7.33338],[25.56664,7.22871],[25.88899,7.06492],[26.03653,6.95524],[26.08692,6.87214],[26.16929,6.78176],[26.28452,6.69902],[26.36183,6.63531],[26.30861,6.45532],[26.32463,6.39625],[26.35336,6.34491],[26.42054,6.27419],[26.44751,6.18298],[26.51428,6.06924],[26.59365,6.01751],[26.72631,5.99824],[26.79643,5.94553],[26.94231,5.85494],[27.08344,5.77683],[27.1439,5.72296],[27.18122,5.67516],[27.21336,5.61881],[27.22907,5.5625],[27.23253,5.44075],[27.25671,5.28965],[27.33247,5.18635],[27.33247,5.18635]],[[42.92273,10.9993],[43.04867,11.19433],[43.15941,11.36571],[43.24597,11.49981]],[[42.92273,10.9993],[42.84414,10.99796],[42.78295,11.00928],[42.74125,11.04237],[42.655,11.07834],[42.55774,11.08077],[42.46514,11.04708],[42.3081,11.00522],[42.16624,10.99158],[42.05214,10.96835],[41.95747,10.94104],[41.8722,10.95582],[41.7982,10.98047],[41.78208,11.18779],[41.76467,11.4129],[41.76653,11.58911],[41.79267,11.68606],[41.81567,11.72378],[41.94962,11.85788],[41.99587,11.91237],[42.14909,12.13414],[42.28034,12.32426],[42.37848,12.46642]],[[29.4032,-4.44929],[29.40418,-4.49668],[29.36754,-4.66881],[29.32568,-4.83562],[29.32341,-4.89887],[29.34274,-4.98311],[29.4201,-5.17617],[29.47648,-5.31663],[29.50366,-5.40096],[29.54236,-5.49977],[29.59419,-5.65077],[29.60701,-5.7227],[29.59636,-5.77593],[29.49079,-5.96542],[29.48009,-6.02501],[29.50619,-6.17208],[29.54076,-6.31383],[29.59063,-6.39439],[29.70964,-6.61691],[29.79811,-6.69189],[29.96182,-6.80315],[30.10631,-6.91508],[30.16181,-6.97306],[30.21271,-7.03792],[30.31322,-7.20369],[30.37451,-7.33862],[30.40675,-7.46063],[30.48561,-7.62718],[30.55889,-7.7819],[30.65382,-7.97093],[30.72084,-8.10441],[30.75113,-8.19361]],[[42.37848,12.46642],[42.40861,12.49438],[42.44995,12.52135],[42.4794,12.5136],[42.67009,12.37658],[42.70368,12.38033],[42.76745,12.42286],[42.82532,12.56936],[42.86589,12.6228],[42.88331,12.62127],[43.00567,12.66233],[43.11673,12.7086]],[[13.81474,48.76695],[13.84311,48.75987],[13.92435,48.72803],[13.98874,48.69243],[14.04915,48.60251],[14.18986,48.57859],[14.36763,48.57621],[14.43109,48.61626],[14.48871,48.62556],[14.55387,48.61331],[14.69133,48.5992],[14.70668,48.67191],[14.78595,48.74736],[14.82187,48.774],[14.92253,48.77139],[14.94734,48.82774],[14.97214,48.98394],[14.99343,49.00112],[15.06681,48.99784],[15.13978,48.96934],[15.16169,48.94626],[15.19962,48.94812],[15.25274,48.96388],[15.31093,48.97401],[15.40292,48.95737],[15.59944,48.8864],[15.70078,48.86043],[15.76501,48.86544],[15.82522,48.86446],[16.05724,48.7548],[16.2193,48.7394],[16.3673,48.73899],[16.41484,48.77209],[16.47789,48.80012],[16.54352,48.79625],[16.60098,48.78188],[16.71271,48.73423],[16.76449,48.72204],[16.83322,48.71429],[16.88365,48.70369],[16.9283,48.62091],[16.95311,48.59884]],[[42.359,37.10859],[42.45589,37.12869],[42.63547,37.24928],[42.74109,37.36191],[42.77458,37.37188],[42.86909,37.33493],[42.93664,37.32478],[43.09249,37.36738],[43.1851,37.34485],[43.26313,37.31648],[43.30674,37.31462],[43.51588,37.24455],[43.56802,37.23587],[43.67582,37.22726],[43.83642,37.22352],[43.93999,37.2693],[44.01316,37.31354],[44.06463,37.31245],[44.11439,37.30186],[44.15625,37.28294],[44.19175,37.24985],[44.20839,37.20264],[44.20167,37.05182],[44.21749,37.01185],[44.2457,36.98332],[44.28188,36.978],[44.32559,37.01076],[44.40192,37.05849],[44.49602,37.11053],[44.56605,37.15825],[44.60594,37.17603],[44.66935,37.1736],[44.73094,37.16528],[44.76515,37.14244]],[[16.09305,46.86329],[16.25258,46.97191],[16.33185,47.0022],[16.42389,46.99695],[16.45339,47.00677],[16.46125,47.02248],[16.47696,47.05785],[16.48481,47.09126],[16.49267,47.12268],[16.48285,47.14038],[16.43836,47.14591],[16.41686,47.22342],[16.43975,47.25275],[16.46259,47.27314],[16.43433,47.36744],[16.4429,47.39954],[16.51479,47.40455],[16.57442,47.42465],[16.623,47.44757],[16.63664,47.47661],[16.67653,47.53601],[16.63974,47.60888],[16.4321,47.65632],[16.4213,47.67446],[16.46962,47.69507],[16.52114,47.72448],[16.55101,47.74737],[16.59096,47.75055],[16.64749,47.739],[16.74759,47.68626],[16.78598,47.67864],[16.82309,47.69399],[16.86267,47.69727],[16.97341,47.69533],[17.06664,47.70755],[17.04561,47.76375],[17.04586,47.80452],[17.0301,47.83713],[17.03992,47.87294],[17.07775,47.9009],[17.08907,47.96364],[17.14736,48.00596]],[[7.0211,45.92578],[7.05572,45.90379],[7.129,45.8804],[7.32796,45.91234],[7.45157,45.94446],[7.53859,45.97818],[7.59254,45.97223],[7.78788,45.92185],[7.85237,45.94748],[7.99313,46.0159],[8.01422,46.05189],[8.12522,46.16096],[8.12729,46.1876],[8.0815,46.25601],[8.09566,46.27103],[8.23193,46.3412],[8.29854,46.40342],[8.37068,46.44512],[8.42257,46.44603],[8.43683,46.43189],[8.44293,46.4028],[8.43848,46.28286],[8.45843,46.24591],[8.5654,46.15982],[8.64167,46.1108],[8.81851,46.07714],[8.82678,46.06101],[8.778,45.99621],[8.88517,45.9187],[8.90429,45.86196],[8.9537,45.83004],[9.02377,45.84568],[9.04671,45.8756],[9.01917,45.9281],[8.99891,45.98311],[9.00305,46.01489],[9.02238,46.05148],[9.071,46.10246],[9.20345,46.21925],[9.25109,46.28676],[9.25972,46.39128],[9.26014,46.4752],[9.30437,46.49556],[9.39935,46.48068],[9.42762,46.48233],[9.44059,46.43081],[9.48105,46.3488],[9.5287,46.30622],[9.5796,46.29612],[9.6395,46.29588],[9.78775,46.34603],[9.88444,46.36776],[9.93927,46.3618],[9.97167,46.32766],[10.04102,46.23811],[10.08055,46.22798],[10.12835,46.23821],[10.1452,46.25353],[10.1299,46.28798],[10.10965,46.36286],[10.0819,46.42073],[10.04562,46.44792],[10.03823,46.48318],[10.06123,46.5468],[10.08701,46.59989],[10.1375,46.61436],[10.19553,46.62108],[10.27227,46.56486],[10.36307,46.54708],[10.43061,46.55005],[10.44249,46.58284],[10.43826,46.61883],[10.39795,46.66503],[10.40601,46.73487],[10.45283,46.86494]],[[10.45283,46.86494],[10.45459,46.89944],[10.4149,46.9644],[10.34943,46.98478],[10.17977,46.86233],[10.13347,46.85151],[9.99689,46.88533],[9.87772,46.93768],[9.86465,46.97597],[9.84532,47.00736],[9.74502,47.03713],[9.61996,47.05749],[9.58022,47.05739]],[[44.76515,37.14244],[44.76671,37.15634],[44.75833,37.21711],[44.79678,37.26977],[44.7942,37.29039],[44.71513,37.35715],[44.60413,37.42371],[44.57406,37.43542],[44.57312,37.50639],[44.57721,37.56019],[44.56723,37.60863],[44.54605,37.63631],[44.54527,37.65817],[44.58997,37.71036],[44.56124,37.74462],[44.39779,37.82924],[44.33624,37.87177],[44.22297,37.88017],[44.21129,37.90807],[44.22891,37.96719],[44.26792,38.03881],[44.32942,38.10925],[44.34895,38.14651],[44.37272,38.20974],[44.38089,38.25462],[44.44962,38.31777],[44.44988,38.33425],[44.43086,38.35678],[44.37577,38.36957],[44.3196,38.37471],[44.29852,38.38629],[44.29087,38.42011],[44.29784,38.5578],[44.28017,38.64069],[44.25707,38.70063],[44.27164,38.83605],[44.23247,38.86321],[44.17082,38.93437],[44.14452,38.99436],[44.15878,39.01674],[44.17186,39.05627],[44.18059,39.10808],[44.17806,39.14485],[44.12127,39.18061],[44.0791,39.21833],[44.07434,39.25998],[44.05755,39.31083],[44.03383,39.35104],[44.02318,39.37744],[44.04391,39.39294],[44.12406,39.40524],[44.24048,39.39679],[44.33541,39.39605],[44.38936,39.42214],[44.45592,39.66673],[44.51669,39.73127],[44.58713,39.76853],[44.72505,39.68171],[44.7821,39.65107],[44.81714,39.65042]],[[23.48464,53.93981],[23.47767,53.95896],[23.48299,54.00595],[23.48139,54.07903],[23.45364,54.14346],[23.37008,54.20047],[23.28233,54.24031],[23.1703,54.28144],[23.08751,54.29945],[23.04219,54.30418],[23.03196,54.32787],[23.01553,54.34836],[22.97672,54.36635],[22.89393,54.39053],[22.82375,54.39578],[22.76624,54.35679]],[[30.75113,-8.19361],[30.77671,-8.26585],[30.83071,-8.38559],[30.89194,-8.47375],[30.96837,-8.55095],[31.03338,-8.59767],[31.07633,-8.61188],[31.35062,-8.60707],[31.44922,-8.65389],[31.53485,-8.71327],[31.55625,-8.80551],[31.61278,-8.86323],[31.67365,-8.90876],[31.70001,-8.91434],[31.74471,-8.90323],[31.81804,-8.90225],[31.8861,-8.92199],[31.91865,-8.94219],[31.92186,-9.01945],[31.94263,-9.05397],[32.03534,-9.06741],[32.12975,-9.07335],[32.22086,-9.12559],[32.3193,-9.13489],[32.43319,-9.15639],[32.48714,-9.21272],[32.60838,-9.27055],[32.75659,-9.32222],[32.86324,-9.38087],[32.91988,-9.40738]],[[7.19732,53.28228],[7.18895,53.18719],[7.18993,52.9995],[7.17954,52.96623],[7.11707,52.88701],[7.05087,52.74479],[7.03299,52.65136],[7.01314,52.63353],[6.74846,52.6341],[6.71073,52.61787],[6.70541,52.59767],[6.71879,52.57359],[6.71244,52.54966],[6.69161,52.53018],[6.70298,52.49923],[6.74882,52.46403],[6.83248,52.44228],[6.92204,52.44026],[6.96813,52.44411],[7.00183,52.41897],[7.03516,52.38021],[7.03263,52.33148],[7.0196,52.26604],[6.97728,52.2055],[6.85506,52.13578],[6.80034,52.11121],[6.74902,52.09868],[6.72448,52.08023],[6.71296,52.0569],[6.71564,52.0362],[6.80241,51.98019],[6.80034,51.9674],[6.77522,51.93828],[6.74184,51.91089],[6.51757,51.85394],[6.42496,51.85838],[6.37215,51.83002],[6.35572,51.82467],[6.29711,51.85074],[6.16653,51.88076],[6.11723,51.8704],[6.08984,51.85394],[6.00757,51.83399],[5.94876,51.80268],[5.9485,51.7624],[6.05274,51.65824],[6.08938,51.63778],[6.09113,51.59892],[6.14157,51.55008],[6.19325,51.4889],[6.19888,51.44999],[6.19283,51.41061],[6.16622,51.35485],[6.07584,51.22411],[6.07475,51.19905],[6.08245,51.17998],[6.11335,51.17471],[6.13692,51.16484],[6.12999,51.14742],[5.96106,51.05668],[5.9392,51.04081],[5.86841,51.04531],[5.8575,51.03012],[5.86717,51.00567],[5.89471,50.98423],[5.95512,50.97293],[6.00685,50.94996],[6.04845,50.9049],[5.99393,50.75044]],[[9.58022,47.05739],[9.59572,47.07583],[9.6105,47.10715],[9.6012,47.13206],[9.57185,47.15792],[9.55578,47.18549],[9.55108,47.21223],[9.54214,47.23415],[9.53681,47.25464],[9.52751,47.27076]],[[-8.48643,7.55851],[-8.42997,7.60186],[-8.35176,7.59057],[-8.23187,7.55675],[-8.20595,7.59023],[-8.11544,7.76074],[-8.11782,7.82402],[-8.12684,7.86774],[-8.07384,7.98442],[-8.03175,8.02972],[-8.00987,8.0785],[-8.01674,8.14493],[-8.04857,8.16973],[-8.09053,8.16516],[-8.14061,8.18146],[-8.21714,8.21968],[-8.25611,8.25371],[-8.24414,8.40794],[-8.23696,8.45566],[-8.20993,8.48325],[-8.16779,8.49067],[-8.04914,8.4953],[-7.95313,8.47773],[-7.86876,8.46754],[-7.82357,8.46765],[-7.7874,8.42197],[-7.73895,8.37525],[-7.69611,8.37561],[-7.68121,8.41034],[-7.69097,8.56247],[-7.71957,8.64301],[-7.78404,8.72063],[-7.95096,8.7868],[-7.95496,8.87943],[-7.93817,8.97976],[-7.9021,9.01707],[-7.77799,9.08084],[-7.7998,9.11505],[-7.83939,9.15161],[-7.91809,9.18851],[-7.90003,9.30868],[-7.89621,9.41586],[-7.96269,9.40387],[-8.031,9.39764],[-8.08867,9.43066],[-8.13697,9.4957],[-8.14603,9.67481],[-8.14585,9.88172],[-8.15518,9.97319],[-8.13663,10.02208],[-8.07782,10.06711],[-8.01354,10.12527],[-7.99064,10.16251]],[[7.49311,43.76715],[7.49053,43.82296],[7.482,43.86489],[7.52267,43.91107],[7.5897,43.96543],[7.6515,44.03364],[7.67713,44.08315],[7.66504,44.11604],[7.63724,44.16485],[7.59946,44.16836],[7.3709,44.12738],[7.31855,44.13798],[7.14936,44.2017],[6.96725,44.28001],[6.90023,44.33574],[6.87486,44.39202],[6.89387,44.42819],[6.87858,44.46328],[6.84292,44.51069],[6.87517,44.56457],[6.93191,44.63164],[6.96033,44.67717],[7.00787,44.68898],[7.03071,44.7167],[6.99268,44.82729],[6.97284,44.84504],[6.93987,44.85876],[6.88933,44.86028],[6.80112,44.88315],[6.73822,44.92139],[6.72469,44.97302],[6.69141,45.0226],[6.63477,45.06818],[6.62769,45.11797],[6.69228,45.1443],[6.78034,45.14533],[6.8423,45.13564],[6.98121,45.21559],[7.03237,45.22259],[7.07836,45.23993],[7.11681,45.34904],[7.14637,45.38173],[7.15339,45.40095],[7.12611,45.42369],[7.01366,45.5005],[6.9624,45.58058],[6.88147,45.67034],[6.80623,45.71],[6.79094,45.74088],[6.78918,45.7801],[6.80447,45.81457],[6.9408,45.86836],[7.0211,45.92578]],[[28.96586,69.02199],[28.89894,69.00969],[28.69223,68.96101],[28.56604,68.92825],[28.41401,68.90417],[28.45349,68.87228],[28.70593,68.86554],[28.74484,68.85647],[28.77285,68.84004],[28.7776,68.81381],[28.75208,68.77144],[28.47933,68.53763],[28.47075,68.48838],[28.5601,68.35136],[28.68521,68.18979],[29.06296,68.11796],[29.34387,68.06187],[29.52417,67.92908],[29.82157,67.754],[29.97923,67.68858],[29.98807,67.66827],[29.94125,67.54748],[29.75062,67.4264],[29.57228,67.32437],[29.38775,67.20143],[29.24341,67.0966],[29.08699,66.97095],[29.06901,66.9302],[29.06627,66.89173],[29.09309,66.84923],[29.29323,66.69552],[29.37121,66.61702],[29.46433,66.53217],[29.54438,66.43972],[29.59073,66.35683],[29.67088,66.27614],[29.72065,66.23487],[29.80348,66.17707],[29.90343,66.09108],[29.9366,66.02297],[30.0875,65.78653],[30.10274,65.72627],[30.09535,65.68168],[30.029,65.67072],[29.88265,65.66364],[29.7239,65.63439],[29.71594,65.62457],[29.81945,65.56876],[29.72804,65.47342],[29.71481,65.33694],[29.61714,65.26534],[29.60799,65.24868],[29.61238,65.23478],[29.6297,65.22387],[29.81056,65.20475],[29.82622,65.18532],[29.82694,65.14507],[29.81087,65.10791],[29.72003,65.08032],[29.62251,65.03949],[29.60091,65.00195],[29.60422,64.96839],[29.63745,64.91175],[29.70168,64.84576],[29.78323,64.80431],[30.07282,64.76504],[30.11023,64.73259],[30.12615,64.68809],[30.12016,64.64463],[29.98559,64.55774],[29.98663,64.52428],[30.04187,64.44338],[30.10812,64.36612],[30.39068,64.28243],[30.48789,64.23655],[30.51378,64.20001],[30.52788,64.14112],[30.52607,64.0773],[30.50391,64.02059],[30.41533,63.94752],[30.21028,63.80334],[30.00409,63.74732],[29.99153,63.73518],[30.05541,63.68901],[30.41854,63.50403],[30.65527,63.41747],[30.97478,63.30063],[31.18087,63.20829],[31.24743,63.14188],[31.33672,63.06809],[31.43698,63.00773],[31.50927,62.95533],[31.5365,62.92164],[31.53402,62.88541],[31.43734,62.77612],[31.3824,62.69165],[31.28567,62.56781],[31.18676,62.48141],[30.93571,62.32379],[30.56561,62.12758],[30.47972,62.0682],[30.3065,61.96485],[30.00993,61.75737],[29.93319,61.71158],[29.69016,61.54611],[29.57942,61.49348],[29.49234,61.44423],[29.25163,61.28778],[28.99299,61.16903],[28.73905,61.05875],[28.66283,61.00284],[28.56811,60.96021],[28.45504,60.91964],[28.40744,60.89693],[28.15201,60.74583],[27.79766,60.53612],[27.731,60.45657]],[[30.86978,69.78344],[30.92414,69.65177],[30.92249,69.60583],[30.89665,69.56123],[30.86073,69.53842],[30.7889,69.52852],[30.61537,69.53255],[30.37968,69.58469],[30.22754,69.63379],[30.18015,69.63585],[30.15974,69.62986],[30.19653,69.58056],[30.18672,69.54278],[30.16377,69.5016],[30.13189,69.46424],[30.08729,69.43287],[29.99407,69.39246],[29.83273,69.36047],[29.38831,69.29815],[29.35302,69.27063],[29.20993,69.09702],[29.17086,69.07152],[29.11856,69.04995],[28.96586,69.02199]],[[55.18586,22.70409],[55.19408,22.84998],[55.19222,22.92294],[55.19987,23.03477],[55.27025,23.18995],[55.35324,23.38746],[55.41381,23.51877],[55.46631,23.63293],[55.50853,23.7246],[55.53163,23.81906],[55.51933,23.88549],[55.49179,23.90968],[55.46848,23.9411],[55.54785,23.99135],[55.69658,24.02414],[55.77916,24.01711],[55.89409,24.04143],[55.98514,24.06339],[55.99217,24.09295],[55.96633,24.14263],[55.92861,24.21514],[55.79973,24.22263],[55.76087,24.24268],[55.80567,24.34978],[55.80401,24.38355],[55.78681,24.42352],[55.7682,24.4906],[55.77756,24.57734],[55.80396,24.63625],[55.80417,24.68361],[55.79156,24.7813],[55.7957,24.8681],[55.82288,24.91127],[55.87068,24.95142],[55.91584,24.97178],[55.96308,24.97026],[56.00064,24.95321],[56.01666,24.90773],[56.00633,24.87642],[55.97971,24.87207],[55.97036,24.85895],[56.0084,24.79823],[56.0639,24.73875],[56.10653,24.7487],[56.15443,24.79552],[56.20471,24.83332],[56.26786,24.86672],[56.3136,24.93129],[56.35297,24.97331],[56.38796,24.97917]],[[48.57288,41.84448],[48.51862,41.77934],[48.43072,41.66335],[48.39139,41.60191],[48.29812,41.54501],[48.14231,41.48475],[48.05606,41.45871],[47.96372,41.33396],[47.86109,41.21273],[47.79102,41.19927],[47.59186,41.21811],[47.52059,41.22906],[47.31766,41.28244],[47.26118,41.31508],[47.20531,41.45561],[47.14263,41.51604],[47.06393,41.5547],[47.01018,41.58749],[46.98776,41.62139],[46.93091,41.67043],[46.8256,41.74342],[46.74932,41.81259],[46.69031,41.83135],[46.616,41.80696],[46.57125,41.80009],[46.55212,41.81228],[46.53766,41.87039],[46.42991,41.89096]],[[-54.61627,2.32678],[-54.66185,2.32756],[-54.69741,2.35981],[-54.70293,2.39794],[-54.72221,2.44166],[-54.76683,2.45473],[-54.85169,2.43957],[-54.87608,2.45039],[-54.92659,2.49734],[-54.9684,2.54835],[-54.97868,2.59767],[-55.00581,2.59297],[-55.0703,2.54832],[-55.11412,2.53923],[-55.14885,2.5508],[-55.18771,2.54749],[-55.28605,2.49964],[-55.34398,2.48879],[-55.38537,2.44063],[-55.65895,2.41877],[-55.73057,2.40616],[-55.89374,2.48949],[-55.93593,2.51659],[-55.95748,2.52047],[-55.9756,2.51597],[-55.9935,2.49752],[-56.02035,2.39277],[-56.0451,2.3644],[-56.08778,2.3413],[-56.12941,2.2995],[-56.13768,2.25904],[-56.07365,2.23676],[-56.02006,2.15816],[-55.96198,2.09514],[-55.91531,2.03954],[-55.92162,1.97668],[-55.92963,1.88751],[-55.96332,1.8571],[-56.01991,1.84224],[-56.22713,1.88536],[-56.38585,1.92386],[-56.4528,1.93234],[-56.4828,1.94213]],[[46.42991,41.89096],[46.40547,41.85507],[46.34826,41.79016],[46.30253,41.75709],[46.25183,41.75177],[46.20186,41.73688],[46.18424,41.70216],[46.18212,41.6571],[46.19055,41.62485],[46.20352,41.6126],[46.25473,41.60214],[46.30542,41.5077],[46.385,41.45985],[46.50877,41.40559],[46.61889,41.34373],[46.67258,41.28683],[46.6624,41.24549],[46.62633,41.15968],[46.53435,41.08855],[46.45792,41.07021],[46.43094,41.07705],[46.38077,41.0993],[46.28,41.15444],[46.17075,41.19785],[46.08652,41.18384],[46.03123,41.16728],[45.92198,41.18674],[45.79279,41.22441],[45.72551,41.26162],[45.69569,41.28901],[45.71559,41.33766],[45.42232,41.42527],[45.28099,41.44956],[45.21717,41.42321],[45.00142,41.29097]],[[-11.3894,12.40441],[-11.38243,12.47924],[-11.44878,12.53195],[-11.45056,12.55771],[-11.44408,12.6276],[-11.41436,12.7755],[-11.41744,12.83188],[-11.39038,12.942],[-11.43395,12.99161],[-11.44413,13.02825],[-11.49281,13.08695],[-11.54877,13.17026],[-11.56167,13.23697],[-11.58133,13.29002],[-11.63497,13.36986],[-11.67445,13.38239],[-11.75827,13.39453],[-11.77222,13.36707],[-11.80336,13.3273],[-11.83168,13.3158],[-11.87777,13.36453],[-11.89521,13.40631],[-11.89459,13.44445],[-11.95707,13.51091],[-12.05422,13.63307],[-12.04414,13.73386],[-11.9842,13.7881],[-11.96637,13.82897],[-11.96089,13.87528],[-11.9881,13.93078],[-12.02011,13.97468],[-12.01117,14.07183],[-12.01918,14.2065],[-12.06838,14.27422],[-12.1129,14.32331],[-12.17525,14.37667],[-12.2284,14.4586],[-12.20682,14.57113],[-12.18654,14.64815],[-12.28061,14.80904]],[[-54.61627,2.32678],[-54.59196,2.31376],[-54.55051,2.29309],[-54.51509,2.24545],[-54.43308,2.20751],[-54.29304,2.15424],[-54.22798,2.15331],[-54.16739,2.13708],[-54.13005,2.12106],[-54.08977,2.15049],[-53.94642,2.23255],[-53.8766,2.27826],[-53.82952,2.31293],[-53.79423,2.34601],[-53.76777,2.35484],[-53.75015,2.335],[-53.7347,2.30854],[-53.68367,2.29293],[-53.56399,2.26193],[-53.509,2.25314],[-53.43182,2.27945],[-53.36599,2.3242],[-53.33444,2.33975],[-53.2855,2.29521],[-53.2522,2.23227],[-53.22979,2.2049],[-53.18006,2.21134],[-53.08226,2.20173],[-53.00973,2.18173],[-52.96485,2.18356],[-52.90346,2.21152],[-52.87038,2.26666],[-52.78341,2.31717],[-52.70063,2.36365],[-52.65319,2.42574],[-52.58301,2.52889],[-52.5595,2.57313],[-52.55469,2.64764],[-52.45589,2.86417],[-52.4184,2.90385],[-52.39636,2.9722],[-52.35667,3.05157],[-52.35667,3.11772],[-52.32789,3.18172],[-52.27122,3.23712],[-52.22944,3.27169],[-52.16262,3.36468],[-52.11614,3.4523],[-51.99948,3.64688],[-51.99065,3.70202],[-51.94434,3.73509],[-51.92892,3.77698],[-51.87949,3.82855],[-51.8275,3.86958],[-51.80528,3.92994],[-51.76709,3.99268],[-51.68346,4.0397],[-51.65255,4.06128]],[[2.70648,6.36925],[2.70803,6.42767],[2.73568,6.59572],[2.75366,6.66176],[2.77464,6.71174],[2.75294,6.77163],[2.73175,6.85284],[2.72142,6.98027],[2.74772,7.01983],[2.75676,7.06792],[2.75061,7.14323],[2.75051,7.39505],[2.76581,7.42252],[2.78394,7.4434],[2.78513,7.47686],[2.75103,7.54192],[2.71935,7.61625],[2.72043,7.72309],[2.70772,7.8266],[2.68602,7.87376],[2.70235,8.04982],[2.71149,8.27301],[2.70307,8.37184],[2.72359,8.44191],[2.73464,8.61402],[2.73289,8.78254],[2.77485,9.04854],[2.8981,9.06136],[3.04496,9.08384],[3.11044,9.18828],[3.14806,9.32059],[3.13617,9.45162],[3.1647,9.49467],[3.2234,9.56564],[3.32954,9.66703],[3.3252,9.77847],[3.35445,9.81281],[3.40478,9.83863],[3.47672,9.85191],[3.55723,9.9073],[3.60209,10.00456],[3.64591,10.16013],[3.57656,10.26834],[3.5779,10.2925],[3.60415,10.35069],[3.64658,10.409],[3.68022,10.42779],[3.75846,10.4127],[3.77179,10.41761],[3.78383,10.4359],[3.83447,10.60744],[3.82972,10.65377],[3.7568,10.76872],[3.74487,10.85045],[3.73417,10.97191],[3.71639,11.07961],[3.69536,11.12033],[3.65624,11.15459],[3.63888,11.17684],[3.48783,11.39543],[3.49057,11.4992],[3.55392,11.6319],[3.59542,11.69629]],[[13.07272,-4.63481],[13.04807,-4.6192],[12.97138,-4.55176],[12.88105,-4.44515],[12.84814,-4.42893],[12.79822,-4.43053],[12.71946,-4.46975],[12.64169,-4.53114],[12.50149,-4.58752],[12.3846,-4.6191],[12.37406,-4.65775],[12.34667,-4.7241],[12.30791,-4.76555],[12.20435,-4.77862],[12.16709,-4.83769],[12.07754,-4.9521],[12.01832,-5.00429]],[[16.51618,46.4999],[16.42766,46.5244],[16.32121,46.53463],[16.30121,46.5214],[16.25842,46.50789],[16.23677,46.48383],[16.2533,46.38911],[16.22741,46.37283],[16.10644,46.38221],[16.06649,46.37133],[16.00071,46.30539],[15.93332,46.27764],[15.84759,46.25787],[15.78429,46.23397],[15.70424,46.21325],[15.63598,46.20072],[15.609,46.17194],[15.59257,46.13997],[15.59691,46.10923],[15.66621,46.04851],[15.67561,45.98371],[15.66807,45.90446],[15.6522,45.86216],[15.62476,45.83402],[15.45407,45.79762],[15.27703,45.73261],[15.27295,45.71773],[15.35372,45.65993],[15.35698,45.64548],[15.29011,45.61267],[15.28354,45.57967],[15.29119,45.54154],[15.32669,45.50229],[15.33946,45.46704],[15.2421,45.44141],[15.11048,45.45079],[14.95457,45.49991],[14.9,45.49268],[14.84708,45.46735],[14.79308,45.47821],[14.7336,45.50849],[14.64947,45.57148],[14.60854,45.61008],[14.5918,45.65127],[14.56886,45.65721],[14.53403,45.64528],[14.50519,45.5952],[14.42737,45.50575],[14.3699,45.48146],[14.28298,45.48663],[14.16123,45.48513],[14.08558,45.47785],[13.99282,45.50944],[13.97034,45.50335],[13.97014,45.4826],[13.93562,45.44978],[13.87867,45.42839],[13.61522,45.47676],[13.57791,45.51689]],[[18.90539,45.93172],[18.90032,45.93172],[18.83299,45.91084],[18.72178,45.89937],[18.66597,45.90748],[18.56469,45.8133],[18.53358,45.79612],[18.4373,45.76734],[18.35829,45.75302],[18.29059,45.76444],[18.26393,45.76548],[17.96384,45.77028],[17.80716,45.79041],[17.70639,45.82726],[17.63968,45.86836],[17.60702,45.91379],[17.52919,45.94133],[17.40631,45.9511],[17.3106,45.99616],[17.24218,46.07662],[17.14958,46.14034],[17.03269,46.18731],[16.93998,46.25366],[16.87146,46.33929],[16.74805,46.41642],[16.56998,46.48499],[16.51618,46.4999]],[[20.24185,46.10861],[20.21017,46.12602],[20.16138,46.14189],[19.93411,46.16147],[19.8444,46.14589],[19.72451,46.15191],[19.61346,46.16917],[19.53073,46.15519],[19.45755,46.08737],[19.42128,46.06445],[19.3929,46.0498],[19.33022,46.02851],[19.27813,46.00288],[19.20842,45.98443],[19.14625,45.98701],[19.08734,46.01618],[19.06626,46.00952],[19.04765,45.98267],[19.01572,45.95973],[18.92787,45.93138],[18.90539,45.93172]],[[16.51618,46.4999],[16.50569,46.52207],[16.41846,46.60723],[16.38125,46.63865],[16.38456,46.68082],[16.3672,46.7048],[16.33547,46.72162],[16.31842,46.78252],[16.30849,46.828],[16.28358,46.85727],[16.09305,46.86329]],[[51.26801,24.60723],[51.17799,24.58674],[51.09335,24.56465],[51.02276,24.56525],[50.96607,24.57395],[50.92829,24.59514],[50.85563,24.67963],[50.80437,24.78926]],[[25.2588,-17.79359],[25.23901,-17.8431],[25.22397,-17.91524],[25.24226,-17.96908],[25.28242,-18.04122],[25.34019,-18.10448],[25.38432,-18.14194],[25.43672,-18.23491],[25.48928,-18.35128],[25.55832,-18.44177],[25.76125,-18.64925],[25.78368,-18.72356],[25.81189,-18.79704],[25.93933,-18.93864],[25.95917,-18.98566],[25.95069,-19.08173],[26.0819,-19.36993],[26.1681,-19.53829],[26.24101,-19.5693],[26.47459,-19.74861],[26.67825,-19.89279],[26.91673,-19.99015],[27.09181,-20.05418],[27.17822,-20.10094],[27.22152,-20.1458],[27.25677,-20.23205],[27.27465,-20.38186],[27.28074,-20.4787],[27.46895,-20.47482],[27.62465,-20.48356],[27.67932,-20.50299],[27.69958,-20.53068],[27.69483,-20.59456],[27.697,-20.68974],[27.70428,-20.76643],[27.68806,-20.84834],[27.67689,-20.94482],[27.66945,-21.0643],[27.69343,-21.11101],[27.84412,-21.26149],[27.90748,-21.35906],[27.97455,-21.50675],[28.01403,-21.55419],[28.04561,-21.5731],[28.18162,-21.58933],[28.53204,-21.65124],[28.74773,-21.70762],[28.9193,-21.76606],[28.99072,-21.78146],[29.02555,-21.79686],[29.03733,-21.81138],[29.01583,-21.9399],[29.02338,-21.98124],[29.04239,-22.0184],[29.07154,-22.04749],[29.10688,-22.06568],[29.23721,-22.07948],[29.31525,-22.15772],[29.3648,-22.19389]],[[28.01444,41.96907],[27.87921,41.98664],[27.83192,41.98129],[27.80164,41.95654],[27.73891,41.96152],[27.66118,41.96131],[27.57985,41.93289],[27.53484,41.92077],[27.47484,41.9469],[27.36291,42.02503],[27.2949,42.07955],[27.24436,42.09325],[27.19336,42.0771],[27.01172,42.05865],[26.96872,42.02684],[26.88485,41.99186],[26.80036,41.97516],[26.67923,41.96333],[26.61536,41.96488],[26.5797,41.94796],[26.54973,41.89672],[26.52932,41.84667],[26.51144,41.82636],[26.36039,41.80158],[26.32721,41.7728],[26.31801,41.74469],[26.3209,41.71657]],[[102.9339,11.70668],[102.91809,11.7321],[102.7366,12.08981],[102.70622,12.25569],[102.73743,12.38338],[102.75562,12.42624],[102.70327,12.4935],[102.62974,12.56991],[102.49956,12.66995],[102.49073,12.82831],[102.46168,13.01502],[102.42262,13.07796],[102.36298,13.19299],[102.33079,13.28823],[102.31973,13.54],[102.33632,13.56031],[102.42846,13.5676],[102.5469,13.58568],[102.56555,13.62635],[102.54468,13.65994],[102.62043,13.71694],[102.72885,13.84189],[102.81283,13.97246],[102.87329,14.05488],[102.90925,14.13673],[103.03105,14.25252],[103.19937,14.33261],[103.31352,14.35132],[103.43243,14.37861],[103.54637,14.41742],[103.60037,14.42108],[103.74192,14.37416],[103.81835,14.36217],[103.8986,14.36282],[103.9818,14.35791],[104.05435,14.36274],[104.22768,14.3955],[104.41164,14.36956],[104.57577,14.39003],[104.77901,14.42785],[104.8788,14.40398],[104.9697,14.3661],[104.98246,14.28944],[105.00344,14.25443],[105.03367,14.2274],[105.07413,14.22745],[105.12597,14.28096],[105.16912,14.3361],[105.18333,14.34626]],[[88.85766,26.96148],[88.91915,26.93221],[89.04095,26.86503],[89.14823,26.81614],[89.3321,26.84865],[89.38419,26.82658],[89.47457,26.80343],[89.54516,26.79622],[89.58609,26.77893],[89.60919,26.76219],[89.60614,26.74113],[89.60996,26.71945],[89.71089,26.7139],[89.76386,26.70155],[89.94317,26.72395],[90.12295,26.75459],[90.2061,26.84751],[90.24233,26.85415],[90.34589,26.89032],[90.44764,26.85076],[90.55988,26.79656],[90.62034,26.78023],[90.73966,26.7717],[90.85578,26.77772],[91.1339,26.8034],[91.28655,26.78992],[91.4268,26.86709],[91.45584,26.86689]],[[104.0667,1.27791],[104.06438,1.33351],[104.05554,1.40165],[103.8971,1.43555],[103.8216,1.4604],[103.7015,1.43725],[103.63309,1.34914],[103.58947,1.26173],[103.59329,1.2238],[103.59888,1.20639]],[[100.11909,6.44198],[100.138,6.48867],[100.16126,6.64161],[100.17676,6.67184],[100.21665,6.68662],[100.26146,6.68269],[100.34543,6.54988],[100.56392,6.46751],[100.62955,6.44798],[100.71564,6.48069],[100.7545,6.46007],[100.79378,6.42617],[100.81651,6.33163],[100.87393,6.24541],[100.9888,6.25765],[101.02942,6.2453],[101.0535,6.24256],[101.07593,6.16608],[101.08647,6.03369],[101.07562,5.95648],[100.99278,5.84621],[100.98167,5.77104],[101.02518,5.72451],[101.08172,5.6749],[101.11396,5.63676],[101.14766,5.64304],[101.19065,5.66872],[101.22977,5.73371],[101.257,5.78936],[101.40418,5.85168],[101.55611,5.90775],[101.57678,5.90202],[101.60138,5.87716],[101.64995,5.79598],[101.67843,5.77882],[101.71951,5.7706],[101.79072,5.77936],[101.87361,5.82528],[101.91722,5.9114],[101.93613,5.97933],[102.0552,6.09668],[102.06832,6.18469],[102.10109,6.24226]],[[5.99393,50.75044],[6.00597,50.73223],[6.11945,50.67923],[6.15449,50.63727],[6.23598,50.59671],[6.16844,50.54534],[6.17867,50.5225],[6.20306,50.49911],[6.29494,50.4855],[6.34094,50.45175],[6.34362,50.40026],[6.3645,50.31615],[6.17506,50.23264],[6.12131,50.13937],[6.11651,50.12097]],[[-71.77923,19.71815],[-71.7574,19.68818],[-71.71146,19.48659],[-71.70696,19.42197],[-71.75316,19.32445],[-71.74649,19.28585],[-71.64722,19.19596],[-71.64531,19.16351],[-71.65704,19.13075],[-71.74205,19.0455],[-71.80711,18.98701],[-71.78639,18.92003],[-71.73363,18.85639],[-71.72706,18.80322],[-71.74321,18.73289],[-71.82424,18.64553],[-71.86649,18.61416],[-71.98687,18.61034],[-72.00038,18.59788],[-71.94038,18.51262],[-71.87258,18.41622],[-71.76189,18.34131],[-71.73724,18.27082],[-71.76375,18.20395],[-71.76833,18.03916]],[[14.06393,13.0785],[13.93236,13.25849],[13.76348,13.48957],[13.60633,13.70462]],[[46.53146,29.09626],[46.69377,29.25966],[46.76937,29.34746],[46.9058,29.53753],[46.97597,29.67287],[47.04367,29.82299],[47.10207,29.93998],[47.11436,29.96132],[47.14827,30.00096],[47.2233,30.0415],[47.33135,30.07969],[47.51486,30.09651],[47.64374,30.09731],[47.67278,30.0956],[47.75386,30.07661],[47.9787,29.98282]],[[-90.09519,13.73653],[-90.10589,13.78303],[-90.10475,13.83476],[-90.04817,13.90406],[-89.9427,13.99736],[-89.8727,14.0456],[-89.83996,14.05506],[-89.79371,14.05012],[-89.74935,14.07702],[-89.71113,14.14133],[-89.67127,14.1827],[-89.57026,14.22466],[-89.54716,14.24125],[-89.55502,14.27727],[-89.57693,14.34708],[-89.57362,14.39008],[-89.54055,14.40992],[-89.50086,14.41377],[-89.41883,14.43108],[-89.38325,14.42762],[-89.3626,14.41599]],[[124.03639,-9.3416],[124.05241,-9.3754],[124.09013,-9.41643],[124.11556,-9.42314],[124.13457,-9.41384],[124.28232,-9.4279],[124.31932,-9.41374],[124.37569,-9.34992],[124.41301,-9.31432],[124.43822,-9.23856],[124.44442,-9.19034]],[[124.92228,-8.9425],[124.91509,-9.03154],[124.93685,-9.05345],[124.97328,-9.0643],[125.10035,-9.004],[125.12444,-9.01542],[125.14898,-9.04255],[125.14945,-9.1229],[125.10051,-9.18983],[124.97752,-9.19494],[124.96016,-9.2138],[124.95861,-9.25468],[124.96827,-9.29426],[124.99695,-9.32599],[125.03364,-9.38186],[125.06811,-9.51193]],[[115.13998,4.89975],[115.16845,4.86671],[115.22793,4.75056],[115.26669,4.63398],[115.2793,4.45637],[115.32674,4.38077],[115.31925,4.36529],[115.29062,4.3526],[115.24669,4.34723],[115.17057,4.3642],[115.10701,4.39043],[115.05156,4.58267],[115.02676,4.69137],[115.02882,4.82113],[115.02681,4.89973]],[[109.62889,2.02752],[109.53898,1.89621],[109.5489,1.84836],[109.57081,1.8063],[109.63582,1.77664],[109.65401,1.61489],[109.73576,1.52293],[109.81803,1.43896],[109.87849,1.39785],[109.9449,1.33806],[109.99166,1.28256],[110.04086,1.23574],[110.11476,1.19016],[110.31526,0.99601],[110.39908,0.93906],[110.4614,0.88206],[110.50574,0.86196],[110.61478,0.87814],[110.93807,1.01735],[110.99605,1.02635],[111.10131,1.05053],[111.28673,1.04319],[111.48315,0.99575],[111.54671,0.99436],[111.60738,1.02262],[111.6913,1.0142],[111.76975,0.99947],[111.80902,1.01167],[111.92312,1.11327],[112.07846,1.14334],[112.12859,1.24359],[112.16734,1.33816],[112.18574,1.43909],[112.25065,1.47965],[112.3416,1.51474],[112.47616,1.55908],[112.94301,1.56701],[112.98822,1.54758],[112.99799,1.49624],[112.98822,1.45712],[113.00657,1.43389],[113.06863,1.4318],[113.12625,1.40813],[113.359,1.32715],[113.45822,1.30214],[113.51321,1.3084],[113.62224,1.23595],[113.68167,1.26059],[113.76032,1.31139],[113.83525,1.37986],[113.90238,1.43428],[114.0,1.45526],[114.12599,1.45237],[114.27471,1.47089],[114.38705,1.50006],[114.51252,1.452],[114.54591,1.46715],[114.56746,1.51415],[114.63221,1.61706],[114.66094,1.68628],[114.68616,1.81906],[114.70352,1.85079],[114.75106,1.86898],[114.79995,1.89394],[114.81271,1.93378],[114.83059,1.98001],[114.81581,2.01895],[114.78796,2.05161],[114.75871,2.1624],[114.76832,2.21294],[114.78641,2.25051],[114.83633,2.26937],[114.96909,2.35081],[115.08655,2.44616],[115.15083,2.49292],[115.17905,2.5232],[115.18086,2.5669],[115.12985,2.6124],[115.08076,2.63423],[115.07704,2.68702],[115.0789,2.72343],[115.09368,2.75782],[115.08655,2.7912],[115.08634,2.84112],[115.11755,2.89486],[115.18995,2.97444],[115.24695,3.02591],[115.3102,2.99393],[115.3842,3.00873],[115.45438,3.03431],[115.49314,3.12813],[115.49913,3.17314],[115.48973,3.20864],[115.51422,3.34241],[115.51996,3.36166],[115.5661,3.44573],[115.57065,3.50229],[115.5445,3.63368],[115.56088,3.73305],[115.56843,3.93878],[115.59608,3.97552],[115.6275,4.08197],[115.67881,4.19303],[115.78242,4.25375],[115.83684,4.33328],[115.86076,4.34805],[115.89621,4.3487],[116.02158,4.29069],[116.13444,4.35519],[116.23624,4.36255],[116.32032,4.35371],[116.36771,4.32733],[116.41453,4.30821],[116.51478,4.37079],[116.55312,4.35984],[116.58909,4.33844],[116.63865,4.33911],[116.69782,4.35495],[116.84349,4.34015],[117.10064,4.33707],[117.27752,4.29932],[117.4509,4.1929],[117.53735,4.17137],[117.7454,4.16693],[117.88472,4.18615]],[[10.45283,46.86494],[10.47939,46.85513],[10.57975,46.85373],[10.6893,46.84639],[10.75979,46.79332],[10.82893,46.77523],[10.92732,46.7695],[10.99326,46.77699],[11.0251,46.79699],[11.06349,46.85913],[11.13392,46.93618],[11.24441,46.97569],[11.43318,46.98308],[11.52754,46.99742],[11.62552,46.99656],[11.69937,46.98468],[11.77564,46.98607],[11.96948,47.03971],[12.16942,47.08214],[12.19717,47.07498],[12.20125,47.0609],[12.16549,47.02819],[12.13076,46.98478],[12.15412,46.93527],[12.26802,46.83588],[12.33013,46.75983],[12.38832,46.70265],[12.47917,46.6725],[12.59864,46.6541],[12.69983,46.64744],[12.80556,46.62589],[13.16874,46.57266],[13.35157,46.55793],[13.49006,46.55556],[13.69997,46.52026]],[[13.69997,46.52026],[13.67971,46.4629],[13.63713,46.44853],[13.56323,46.4151],[13.47848,46.36921],[13.39952,46.31753],[13.37818,46.26159],[13.39963,46.22496],[13.42102,46.2123],[13.44975,46.22351],[13.49177,46.21661],[13.54468,46.19656],[13.63248,46.17703],[13.63496,46.15775],[13.61656,46.1331],[13.54804,46.08913],[13.48644,46.03954],[13.48029,46.00923],[13.48768,45.98709],[13.50918,45.97378],[13.60055,45.97978],[13.61398,45.96169],[13.56964,45.83413],[13.58344,45.81237],[13.66349,45.79199],[13.72167,45.76126],[13.83118,45.68042],[13.87474,45.61484],[13.84477,45.59285],[13.77594,45.58197],[13.71987,45.58758]],[[29.01438,-2.72019],[29.02865,-2.66459],[29.06317,-2.60253],[29.10203,-2.59565],[29.19758,-2.62031],[29.29705,-2.67301],[29.34976,-2.79151],[29.39023,-2.80856],[29.46371,-2.80836],[29.6514,-2.7928],[29.69806,-2.79471],[29.78338,-2.76639],[29.86818,-2.71637],[29.89257,-2.66464],[29.91242,-2.54863],[29.93019,-2.33955],[29.97345,-2.33707],[30.09189,-2.41153],[30.11731,-2.4166],[30.14227,-2.41396],[30.18331,-2.37701],[30.23384,-2.34709],[30.271,-2.34787],[30.40851,-2.31298],[30.4822,-2.37603],[30.52887,-2.39556],[30.55362,-2.40011]],[[92.5749,21.97809],[92.5828,21.94031],[92.58425,21.60902],[92.59345,21.46735],[92.62528,21.35074],[92.63169,21.30619],[92.59986,21.27015],[92.56854,21.26333],[92.53919,21.31981],[92.47186,21.36299],[92.37264,21.40903],[92.33057,21.43978],[92.27972,21.42758],[92.20825,21.35787],[92.17957,21.29312],[92.19203,21.20227],[92.21476,21.11269],[92.26443,21.06145],[92.26846,21.00469],[92.28623,20.93159],[92.31192,20.86444],[92.32411,20.79183]],[[1.42832,42.5959],[1.34946,42.69068],[1.29329,42.70995],[1.20833,42.71316],[1.11118,42.74204],[1.01005,42.77894],[0.76443,42.83803],[0.69684,42.84514],[0.66981,42.83573],[0.65177,42.80044],[0.64201,42.70065],[0.63162,42.68962],[0.51767,42.68626],[0.37727,42.70013],[0.31285,42.69326],[0.25552,42.6929],[0.20141,42.71936],[-0.04115,42.68913],[-0.08149,42.70388],[-0.14001,42.74892],[-0.20533,42.78532],[-0.25608,42.80398],[-0.2993,42.82532],[-0.33855,42.82883],[-0.39845,42.80808],[-0.48115,42.7993],[-0.54981,42.80199],[-0.58644,42.79899],[-0.74018,42.90953],[-0.76266,42.93981],[-0.83919,42.94821],[-0.93384,42.9495],[-1.17545,43.02112],[-1.28547,43.05962],[-1.30154,43.08246],[-1.30004,43.10096],[-1.31883,43.09696],[-1.35273,43.06424],[-1.37053,43.03758],[-1.39404,43.03262],[-1.42877,43.03675],[-1.46086,43.05177],[-1.4805,43.07114],[-1.45941,43.10497],[-1.42262,43.1491],[-1.40735,43.19711],[-1.41071,43.2401],[-1.47171,43.26767],[-1.56147,43.27922],[-1.62713,43.28247],[-1.71284,43.30705],[-1.75327,43.32469],[-1.79273,43.37255],[-1.79402,43.40733]],[[1.42832,42.5959],[1.45886,42.62169],[1.50134,42.64272],[1.56815,42.635],[1.7099,42.60443],[1.73946,42.57593],[1.74018,42.55673],[1.71393,42.52562],[1.70602,42.5033]],[[1.70602,42.5033],[1.85971,42.4571],[1.92798,42.4263],[1.95149,42.39276],[1.98653,42.3585],[2.03267,42.35354],[2.0983,42.38609],[2.20041,42.42092],[2.37446,42.39028],[2.56799,42.34581],[2.65165,42.34049],[2.65475,42.36209],[2.67,42.39302],[2.70188,42.40847],[2.74942,42.41302],[2.81557,42.42925],[2.89138,42.45607],[2.97003,42.46723],[3.05266,42.44723],[3.15219,42.431],[3.21141,42.43116]],[[1.42832,42.5959],[1.41483,42.54841],[1.42196,42.53081],[1.43028,42.49787],[1.42816,42.46131],[1.44883,42.43744],[1.48619,42.43446],[1.53405,42.4417],[1.58639,42.45596],[1.67848,42.49666],[1.70602,42.5033]],[[74.89133,37.23163],[74.91815,37.25003],[75.00837,37.29354],[75.07901,37.34405],[75.1188,37.38568],[75.09752,37.45125],[74.98641,37.5304],[74.91582,37.57282],[74.89427,37.60143],[74.91236,37.68731],[74.9383,37.77253],[74.92125,37.80501],[74.90027,37.83273],[74.89081,37.9258],[74.84249,38.03809],[74.78968,38.10362],[74.7751,38.19191],[74.77211,38.27474],[74.83598,38.40432],[74.81226,38.46031],[74.74503,38.51003],[74.51404,38.60002],[74.27746,38.65976],[74.18734,38.65751],[74.13137,38.66118],[74.06533,38.6085],[74.02559,38.53982],[73.97004,38.5337],[73.86911,38.56287],[73.80163,38.60689],[73.75413,38.69893],[73.71682,38.81722],[73.69605,38.85432],[73.7068,38.88621],[73.73,38.91468],[73.79449,38.94129],[73.80529,38.96863],[73.79558,39.00217],[73.74375,39.04454],[73.69042,39.10454],[73.60732,39.22921],[73.62313,39.29783],[73.63636,39.39669],[73.63166,39.44886]],[[74.89133,37.23163],[74.84022,37.22507],[74.76735,37.24917],[74.73898,37.28563],[74.72669,37.29075],[74.66896,37.26669],[74.55894,37.23662]],[[20.96428,40.84991],[21.10003,40.85616],[21.14758,40.86314],[21.32369,40.86714],[21.40415,40.90719],[21.4597,40.9036],[21.57577,40.86893],[21.6275,40.89632],[21.77948,40.95045],[21.92944,41.10741],[21.99331,41.13098],[22.13884,41.14054],[22.18446,41.15863],[22.23769,41.15516],[22.40078,41.12341],[22.49354,41.11852],[22.60361,41.1402],[22.72479,41.17852],[22.75513,41.31272],[22.78386,41.332],[22.85926,41.33737],[22.916,41.33629]],[[21.56083,42.24768],[21.38953,42.2198],[21.3317,42.18717],[21.29754,42.13009],[21.28664,42.1004],[21.25631,42.0995],[21.20607,42.12895],[21.14251,42.175],[21.05973,42.17128],[20.77809,42.07102],[20.75039,42.01837],[20.74419,41.90432],[20.72497,41.87352],[20.69489,41.8538],[20.57852,41.86623],[20.56617,41.8737]],[[22.34404,42.31395],[22.31743,42.32171],[22.27707,42.34984],[22.23971,42.35814],[22.14669,42.32501],[22.05202,42.30465],[21.9775,42.32005],[21.90412,42.32207],[21.85306,42.30837],[21.81462,42.3031],[21.73927,42.2677],[21.61825,42.24213],[21.56083,42.24768]],[[22.34404,42.31395],[22.42207,42.32886],[22.44569,42.35912],[22.52351,42.44098],[22.5324,42.48118],[22.52424,42.50389],[22.47205,42.5433],[22.43623,42.6291],[22.46326,42.70949],[22.46564,42.75078],[22.43923,42.79165],[22.46677,42.8425],[22.52279,42.8703],[22.55809,42.87847],[22.70619,42.88392],[22.79988,42.98575],[22.85688,43.01825],[22.91522,43.07598],[22.9423,43.09706],[22.96798,43.14202],[22.97682,43.18801],[22.85962,43.25235],[22.81967,43.30072],[22.76753,43.35415],[22.69694,43.39105],[22.55462,43.45451],[22.49912,43.51884],[22.47411,43.60225],[22.43629,43.6655],[22.39484,43.70663],[22.38688,43.74012],[22.36962,43.78128],[22.36538,43.8621],[22.39908,43.96954],[22.42083,44.00744],[22.46905,44.01804],[22.59741,44.07529],[22.60341,44.14857],[22.62656,44.1941],[22.66748,44.22019],[22.7051,44.23779]],[[22.916,41.33629],[22.92969,41.35608],[22.9515,41.60563],[23.00566,41.71696],[23.00364,41.73983],[22.99196,41.75719],[22.94395,41.7751],[22.90918,41.8352],[22.83678,41.99361],[22.79606,42.0257],[22.68232,42.05914],[22.58274,42.10482],[22.49825,42.1651],[22.34404,42.31395]],[[18.43637,42.55973],[18.43808,42.52296],[18.47668,42.4811],[18.51745,42.43291]],[[18.43637,42.55973],[18.34661,42.58665],[18.30398,42.59942],[18.12389,42.69057],[18.04451,42.74127],[17.91883,42.80741],[17.84127,42.84506],[17.80199,42.90224],[17.74024,42.91547],[17.66758,42.89712]],[[20.34437,42.82796],[20.21513,42.79883],[20.1926,42.75465],[20.13002,42.75977],[20.05426,42.76008],[20.02951,42.73202],[20.06568,42.68582],[20.08924,42.63156],[20.07033,42.55709],[20.06397,42.54727]],[[19.19436,43.53331],[19.19162,43.52104],[19.19643,43.48499],[19.21876,43.44996],[19.29828,43.41394],[19.41466,43.34283],[19.55155,43.21225],[19.61444,43.17344],[19.67103,43.16396],[19.78115,43.10977],[19.85804,43.09654],[19.94403,43.08166],[20.1679,42.96849],[20.26846,42.93547],[20.33998,42.89289],[20.34763,42.85278],[20.34437,42.82796]],[[-89.3626,14.41599],[-89.33725,14.41137],[-89.17013,14.36031],[-89.12052,14.37023],[-89.05712,14.32915],[-89.02686,14.29696],[-89.00017,14.25272],[-88.86832,14.16366],[-88.84597,14.12477],[-88.74737,14.07227],[-88.7076,14.03206],[-88.66562,14.01553],[-88.58314,14.00013],[-88.51255,13.97897],[-88.50433,13.96421],[-88.49764,13.90453],[-88.48268,13.85425],[-88.44914,13.85099],[-88.4085,13.87538],[-88.27623,13.94266],[-88.15102,13.98734],[-88.08046,13.96059],[-88.03873,13.90463],[-87.99103,13.87962],[-87.89197,13.89499],[-87.80226,13.88998],[-87.73146,13.84107],[-87.71531,13.81267],[-87.75854,13.64994],[-87.77422,13.58031],[-87.7819,13.52137],[-87.75647,13.506],[-87.73167,13.48308],[-87.73702,13.45138],[-87.81422,13.39916]],[[-87.33727,12.97926],[-87.05918,12.99146],[-87.00931,13.00784],[-86.9589,13.05373],[-86.93316,13.11755],[-86.9288,13.1794],[-86.91823,13.22359],[-86.87355,13.26648],[-86.79214,13.27978],[-86.7293,13.28436],[-86.7107,13.31337],[-86.72958,13.40724],[-86.76351,13.63524],[-86.77059,13.69875],[-86.75896,13.74614],[-86.73364,13.76345],[-86.61024,13.77487],[-86.37694,13.75565],[-86.33175,13.77006],[-86.23822,13.89946],[-86.15122,13.9946],[-86.08924,14.03723],[-86.04038,14.05015],[-85.98376,13.96569],[-85.7867,13.84445],[-85.75344,13.85205],[-85.73393,13.85869],[-85.72771,13.87605],[-85.73122,13.93186],[-85.68192,13.98256],[-85.57981,14.02824],[-85.47708,14.1087],[-85.37378,14.22389],[-85.28419,14.29163],[-85.20833,14.31184],[-85.17947,14.34331],[-85.19756,14.386],[-85.19151,14.44661],[-85.16133,14.52516],[-85.11731,14.57058],[-85.0594,14.58296],[-85.03651,14.60766],[-85.04865,14.64474],[-85.03734,14.68556],[-84.98514,14.75243],[-84.86045,14.80974],[-84.78919,14.79036],[-84.72981,14.71337],[-84.64597,14.66107],[-84.53765,14.63342],[-84.45355,14.64368],[-84.39365,14.69177],[-84.33978,14.70634],[-84.29193,14.68737],[-84.26666,14.69812],[-84.26397,14.73853],[-84.23922,14.74783],[-84.1924,14.72603],[-84.1508,14.72042],[-84.11442,14.73101],[-84.10031,14.75062],[-84.09295,14.77091],[-84.06579,14.78608],[-83.97226,14.77109],[-83.8673,14.7945],[-83.75093,14.85625],[-83.67365,14.88356],[-83.63548,14.87643],[-83.58975,14.90757],[-83.53652,14.97702],[-83.41503,15.00805],[-83.15753,14.99306]],[[-75.28447,-0.10651],[-75.46394,-0.03845],[-75.61732,0.06289],[-75.77669,0.08925],[-75.87978,0.151],[-75.97487,0.24774],[-76.02616,0.31311],[-76.06794,0.34556],[-76.27061,0.4394],[-76.31105,0.4485],[-76.38817,0.40499],[-76.41337,0.37884],[-76.41797,0.30391],[-76.42729,0.26122],[-76.4946,0.23544],[-76.60304,0.24097],[-76.67849,0.26815],[-76.72898,0.27213],[-76.73932,0.25084],[-76.76774,0.24164],[-76.82936,0.24774],[-76.92013,0.26851],[-77.00243,0.29626],[-77.11413,0.35507],[-77.16572,0.34773],[-77.29267,0.36039],[-77.39633,0.39388],[-77.42274,0.42483],[-77.4677,0.6365],[-77.48139,0.65117],[-77.52614,0.66037],[-77.6013,0.68952],[-77.64861,0.72362],[-77.67321,0.78223],[-77.70287,0.83783],[-77.82953,0.82538],[-78.03699,0.8987],[-78.18067,0.96857],[-78.31209,1.04609],[-78.51153,1.19884],[-78.58763,1.23667],[-78.68165,1.28344],[-78.73713,1.3587],[-78.82888,1.43469],[-78.85968,1.45536]],[[-57.59546,3.36846],[-57.59599,3.36865],[-57.60276,3.37096],[-57.64673,3.39452],[-57.65611,3.42372],[-57.64947,3.51741],[-57.72037,3.58831],[-57.83267,3.67595],[-57.86657,3.78726],[-57.9077,3.85669],[-58.03224,4.00193],[-58.05431,4.10166],[-58.05451,4.17194],[-58.01074,4.23646],[-57.94976,4.34994],[-57.9247,4.45311],[-57.90625,4.5068],[-57.87473,4.57709],[-57.84597,4.66819],[-57.86788,4.72431],[-57.90486,4.7793],[-57.91705,4.8204],[-57.88109,4.88063],[-57.84491,4.92306],[-57.80412,4.92905],[-57.752,4.95448],[-57.7111,4.99106],[-57.64885,5.00068],[-57.57093,5.00448],[-57.41217,5.0046],[-57.33099,5.02018],[-57.30577,5.04956],[-57.3096,5.10586],[-57.26929,5.15702],[-57.22686,5.1785],[-57.20981,5.19539],[-57.20733,5.2142],[-57.21844,5.23154],[-57.23531,5.24288],[-57.27963,5.24676],[-57.31856,5.33533],[-57.29187,5.37396],[-57.25751,5.44515],[-57.24789,5.48527],[-57.19477,5.54845]],[[-54.08214,3.32686],[-54.06321,3.35334],[-54.00954,3.44852],[-54.00597,3.53053],[-53.99047,3.58955],[-54.0059,3.62043],[-54.03422,3.62939],[-54.08196,3.70595],[-54.11279,3.76941],[-54.19744,3.83442],[-54.25552,3.90105],[-54.35073,4.05412],[-54.34216,4.14003],[-54.36916,4.17093],[-54.39838,4.20251],[-54.39623,4.24139],[-54.41603,4.33764],[-54.44068,4.42802],[-54.44962,4.48502],[-54.42608,4.583],[-54.44026,4.69199],[-54.47114,4.74932],[-54.47969,4.8365],[-54.47334,4.91469],[-54.44688,4.95879],[-54.4522,5.01349],[-54.33167,5.18738],[-54.24017,5.28823],[-54.15597,5.359]],[[-58.41459,-33.94444],[-58.44508,-33.85039],[-58.48015,-33.74776],[-58.48015,-33.65154],[-58.46446,-33.51263],[-58.42658,-33.35331],[-58.3971,-33.2341],[-58.38478,-33.14159],[-58.35907,-33.11937],[-58.24192,-33.10516],[-58.15885,-33.02429],[-58.13479,-32.97618],[-58.13043,-32.91065],[-58.14135,-32.82756],[-58.18174,-32.6394],[-58.20114,-32.47166]],[[-57.60891,-30.18782],[-57.64575,-30.22699],[-57.65089,-30.295],[-57.71272,-30.38445],[-57.83122,-30.49524],[-57.87251,-30.59105],[-57.81856,-30.71197],[-57.8106,-30.85863],[-57.83409,-30.91744],[-57.88631,-30.93739],[-57.89829,-30.97521],[-57.87008,-31.03102],[-57.86843,-31.10441],[-57.89333,-31.19536],[-57.94837,-31.29943],[-58.03343,-31.41658],[-58.05384,-31.49487],[-58.00966,-31.53435],[-57.98798,-31.57621],[-57.98888,-31.6206],[-58.007,-31.68494],[-58.04234,-31.76928],[-58.09585,-31.8318],[-58.1675,-31.87268],[-58.18903,-31.92425],[-58.1604,-31.98657],[-58.15637,-32.05153],[-58.17699,-32.11902],[-58.16479,-32.18486],[-58.11975,-32.24894],[-58.12304,-32.3219],[-58.20114,-32.47166]],[[-54.61589,-25.57606],[-54.53783,-25.57647],[-54.5015,-25.60831],[-54.44393,-25.62495],[-54.38337,-25.58862],[-54.33187,-25.57193],[-54.25009,-25.57043],[-54.20617,-25.52955],[-54.15457,-25.52309],[-54.11922,-25.54521],[-54.08501,-25.57193],[-54.0123,-25.57797],[-53.95476,-25.64768],[-53.89115,-25.66887],[-53.8642,-25.74887],[-53.82325,-25.95955],[-53.74692,-26.08373],[-53.67127,-26.22512],[-53.66853,-26.28821],[-53.71093,-26.35183],[-53.71814,-26.44319],[-53.74457,-26.66649],[-53.75333,-26.7486],[-53.72713,-26.80472],[-53.71731,-26.88285],[-53.75852,-26.97835],[-53.83816,-27.12113],[-53.91562,-27.15958],[-53.93533,-27.16118],[-54.04013,-27.24376],[-54.11382,-27.27467],[-54.15646,-27.25379],[-54.20524,-27.2896],[-54.26015,-27.38205],[-54.32701,-27.42349],[-54.44812,-27.44644],[-54.48434,-27.45729],[-54.55493,-27.45414],[-54.61542,-27.47719],[-54.66586,-27.52654],[-54.71973,-27.54493],[-54.77709,-27.53253],[-54.82908,-27.55062],[-54.87574,-27.59924],[-54.90277,-27.6519],[-54.91021,-27.70854],[-54.95589,-27.74714],[-55.03992,-27.76781],[-55.06901,-27.79629],[-55.06387,-27.83592],[-55.10151,-27.86677],[-55.24373,-27.89887],[-55.34651,-27.95592],[-55.40982,-28.03782],[-55.47669,-28.08935],[-55.58239,-28.12097],[-55.72551,-28.20412],[-55.746,-28.25548],[-55.69153,-28.30282],[-55.67197,-28.34489],[-55.68727,-28.38168],[-55.73197,-28.38664],[-55.80604,-28.35977],[-55.85889,-28.35419],[-55.89051,-28.37],[-55.90542,-28.39966],[-55.90366,-28.44328],[-55.93015,-28.47289],[-55.98492,-28.4886],[-56.01962,-28.52462],[-56.03422,-28.58084],[-56.10287,-28.65174],[-56.22555,-28.73721],[-56.32234,-28.85245],[-56.39325,-28.99725],[-56.47601,-29.09249],[-56.57068,-29.13807],[-56.63584,-29.20302],[-56.67152,-29.28736],[-56.77245,-29.41789],[-56.93861,-29.59483],[-57.08935,-29.71617],[-57.22464,-29.78211],[-57.30071,-29.85652],[-57.3175,-29.93941],[-57.40522,-30.03393],[-57.56387,-30.13997],[-57.60891,-30.18782]],[[20.62218,69.03687],[20.89509,68.97982],[20.90708,68.96747],[20.90894,68.93776],[20.91855,68.90693],[21.18344,68.82882],[21.25977,68.78743],[21.42239,68.72459],[21.46539,68.69069],[21.61603,68.65098],[21.72403,68.60853],[21.85022,68.57411],[21.99745,68.52062],[22.19516,68.47796],[22.36208,68.46404],[22.78241,68.39102],[22.85414,68.36735],[22.97543,68.31645],[23.0979,68.25759],[23.18254,68.13662],[23.31856,68.13031],[23.35551,68.08869],[23.47426,68.01735],[23.6389,67.95438],[23.6329,67.93319],[23.50185,67.87521],[23.4878,67.79656],[23.5002,67.6962],[23.54128,67.61432],[23.53699,67.5904],[23.50454,67.56216],[23.46547,67.51787],[23.45147,67.47919],[23.45493,67.46027],[23.46806,67.44997],[23.53715,67.44916],[23.66081,67.44002],[23.73357,67.42291],[23.77491,67.32863],[23.76091,67.31052],[23.65662,67.26783],[23.62608,67.23393],[23.62309,67.18414],[23.64153,67.12939],[23.6774,67.06813],[23.75894,67.00258],[23.86932,66.93403],[23.94183,66.87783],[23.97609,66.83822],[23.98854,66.81052],[23.93888,66.77572],[23.89418,66.70688],[23.88581,66.62805],[23.8655,66.57661],[23.7684,66.50586],[23.70112,66.48075],[23.682,66.44339],[23.67383,66.3807],[23.69352,66.3043],[23.70029,66.25265],[23.72096,66.21544],[23.75145,66.19115],[23.90731,66.14826],[23.99464,66.06036],[24.049,65.98982],[24.15551,65.80529],[24.13003,65.75919],[24.15866,65.71832],[24.18998,65.65248],[24.18832,65.60747],[24.11603,65.5052]],[[4.22613,51.38648],[4.21145,51.34875],[4.17259,51.3071],[4.03999,51.24708],[3.90207,51.20768],[3.83075,51.21258],[3.78192,51.2332],[3.75567,51.25486],[3.68182,51.27568],[3.58028,51.28617],[3.51713,51.26364],[3.47196,51.24225],[3.43248,51.24576],[3.40282,51.26364],[3.38008,51.29113],[3.35011,51.37769]],[[5.99393,50.75044],[5.7974,50.75453],[5.74707,50.75959],[5.69364,50.77468],[5.66909,50.80594],[5.63948,50.84361],[5.64754,50.86666],[5.73663,50.93214],[5.74997,50.95022],[5.74082,50.95991],[5.74976,50.98875],[5.81828,51.08642],[5.82712,51.12564],[5.79647,51.15305],[5.75239,51.16949],[5.60879,51.19845],[5.54042,51.2393],[5.50874,51.27501],[5.47685,51.28504],[5.42978,51.273],[5.31087,51.25971],[5.21418,51.27896],[5.09987,51.34648],[5.07342,51.40681],[5.05946,51.45314],[5.03094,51.46911],[4.99259,51.44536],[4.94392,51.40777],[4.84806,51.40327],[4.82067,51.41206],[4.81607,51.43283],[4.81059,51.45273],[4.78418,51.47738],[4.75566,51.4911],[4.63396,51.42172],[4.5888,51.42193],[4.53169,51.44859],[4.50343,51.47469],[4.4409,51.45981],[4.38478,51.42761],[4.404,51.3671],[4.37372,51.35599],[4.30447,51.36152],[4.22613,51.38648]],[[6.34429,49.45274],[6.38228,49.45814],[6.45814,49.44285],[6.53431,49.39466],[6.56635,49.34621],[6.57467,49.31968],[6.60759,49.29087],[6.73543,49.16062],[6.77626,49.15416],[6.8207,49.17395],[6.84954,49.20196],[6.89119,49.20754],[6.95831,49.19462],[7.00146,49.17987],[7.02213,49.12346],[7.03671,49.11271],[7.06575,49.12486],[7.11738,49.12754],[7.1999,49.11364],[7.31338,49.12956],[7.40423,49.15307],[7.45053,49.15219],[7.52552,49.08636],[7.61094,49.06176],[7.79919,49.04192],[8.00125,49.01096],[8.08062,48.98587],[8.13483,48.9736],[8.14031,48.88642],[8.12398,48.8733],[7.92275,48.69853],[7.83795,48.63605],[7.7948,48.54683],[7.76514,48.41002],[7.70571,48.28005],[7.61662,48.1568],[7.58417,48.0643],[7.60846,48.00257],[7.59326,47.90566],[7.53859,47.77362],[7.52939,47.67389],[7.56546,47.60655],[7.61559,47.5927]],[[9.524,47.52421],[9.34995,47.59893],[9.18283,47.67068],[9.12754,47.67068],[8.88114,47.65639],[8.87401,47.66267],[8.83112,47.7036],[8.79309,47.71657],[8.77014,47.7099],[8.75479,47.69807],[8.72828,47.70006],[8.6179,47.7661],[8.57264,47.77564],[8.50985,47.76688],[8.4358,47.73135],[8.40345,47.68779],[8.41327,47.6627],[8.45171,47.65182],[8.55233,47.65913],[8.56705,47.65192],[8.57046,47.63779],[8.55951,47.62402],[8.47765,47.6127],[8.45404,47.59619],[8.43006,47.59213],[8.41476,47.5896],[8.32779,47.60691],[8.19829,47.60691],[8.0938,47.57617],[7.92709,47.56384],[7.69806,47.56989],[7.61559,47.5927]],[[9.52751,47.27076],[9.60906,47.39178],[9.6259,47.46702],[9.55438,47.51116],[9.524,47.52421]],[[9.58022,47.05739],[9.50229,47.06274],[9.48772,47.06224],[9.47945,47.09751],[9.48431,47.17268],[9.52751,47.27076]],[[7.0211,45.92578],[7.00389,45.95885],[6.95371,46.01714],[6.89729,46.05174],[6.85806,46.08938],[6.80571,46.13067],[6.77202,46.16514],[6.81677,46.27521],[6.78416,46.31394],[6.76742,46.36919],[6.77605,46.40665],[6.75807,46.41577],[6.57823,46.43737],[6.42889,46.4305],[6.32192,46.39371],[6.23469,46.33262],[6.2242,46.31945],[6.22957,46.30844],[6.27298,46.25227],[6.19939,46.19305],[6.08659,46.147],[6.00669,46.14235],[5.9715,46.15124],[5.97,46.2147],[6.03615,46.23811],[6.09589,46.2794],[6.11594,46.33764],[6.12322,46.37859],[6.06023,46.42817],[6.06798,46.45853],[6.107,46.51608],[6.12974,46.56698],[6.16079,46.61106],[6.28513,46.68304],[6.41013,46.75544],[6.42899,46.83228],[6.4386,46.92587],[6.45623,46.94832],[6.62485,47.00437],[6.66691,47.02654],[6.68805,47.05826],[6.82065,47.16317],[6.95206,47.26719],[6.97847,47.30205],[7.00064,47.32251],[7.00053,47.33944],[6.98405,47.35256],[6.92147,47.36122],[6.90038,47.39421],[6.96839,47.45323],[7.05345,47.48935],[7.13603,47.48987],[7.16921,47.47323],[7.16745,47.45369],[7.20311,47.43271],[7.26574,47.42579],[7.34315,47.43313],[7.42004,47.45519],[7.46743,47.50764],[7.49487,47.54738],[7.61559,47.5927]],[[-7.40613,37.17944],[-7.46716,37.42805],[-7.49605,37.52358],[-7.50349,37.58551],[-7.44396,37.72827],[-7.3789,37.78638],[-7.29224,37.90647],[-7.18542,38.00636],[-7.07251,38.03003],[-7.02285,38.04471],[-6.98109,38.12196],[-6.95755,38.1879],[-6.97479,38.19441],[-7.10641,38.181],[-7.34301,38.45742],[-7.3358,38.50147],[-7.30598,38.56685],[-7.28637,38.64937],[-7.28154,38.71454],[-7.21994,38.7705],[-7.1255,38.82696],[-7.04605,38.90706],[-7.00626,38.98527],[-6.99796,39.05645],[-7.04298,39.1071],[-7.1724,39.13521],[-7.30578,39.33812],[-7.33544,39.46514],[-7.36267,39.47834],[-7.44512,39.53617],[-7.52421,39.64471],[-7.53568,39.66156],[-7.45409,39.68068],[-7.11767,39.68169],[-7.04742,39.70556],[-7.03675,39.71396],[-6.97541,39.7984],[-6.91118,39.9371],[-6.89611,40.02182],[-6.91639,40.05683],[-7.02781,40.14264],[-7.03261,40.16791],[-7.01468,40.20835],[-6.94843,40.2516],[-6.85888,40.30074],[-6.81015,40.34312],[-6.82177,40.37624],[-6.84792,40.41097],[-6.85206,40.44327],[-6.83568,40.48314],[-6.82984,40.61907],[-6.81836,40.65406],[-6.83588,40.77751],[-6.85774,40.87833],[-6.92846,41.00915],[-6.91554,41.03804],[-6.8828,41.0624],[-6.77578,41.10772],[-6.69015,41.21449],[-6.56592,41.30373],[-6.40314,41.37541],[-6.28935,41.45504],[-6.24432,41.51592],[-6.21251,41.53204],[-6.22171,41.56046],[-6.24313,41.6018],[-6.30806,41.64221],[-6.39172,41.66536],[-6.48469,41.66438],[-6.54218,41.67249],[-6.559,41.70407],[-6.55259,41.78954],[-6.5575,41.87414],[-6.57533,41.9131],[-6.61827,41.9424],[-6.70359,41.93457],[-6.77728,41.95847],[-6.83322,41.96416],[-6.86554,41.94524],[-7.03044,41.95064],[-7.09912,41.96421],[-7.14713,41.98113],[-7.17793,41.9717],[-7.19534,41.95522],[-7.19832,41.92938],[-7.20961,41.89527],[-7.26854,41.86442],[-7.4036,41.83367],[-7.51258,41.836],[-7.61258,41.85796],[-7.6447,41.87398],[-7.69304,41.88845],[-7.89639,41.87057],[-7.92086,41.88365],[-7.99095,41.85192],[-8.09441,41.81422],[-8.15249,41.81197],[-8.17353,41.81998],[-8.18123,41.83698],[-8.22474,41.89584],[-8.21332,41.92708],[-8.12996,42.01819],[-8.13932,42.03997],[-8.17358,42.0694],[-8.20417,42.11185],[-8.21306,42.13371],[-8.26608,42.13738],[-8.32256,42.1151],[-8.5381,42.06932],[-8.58968,42.05273],[-8.68295,42.00852],[-8.77713,41.94108]],[[13.81474,48.76695],[13.80291,48.74752],[13.79748,48.68643],[13.79888,48.62168],[13.78534,48.58747],[13.72395,48.54236],[13.69217,48.53277],[13.67517,48.52303],[13.48665,48.58184],[13.47172,48.57182],[13.45983,48.56453],[13.40934,48.39415],[13.37456,48.36136],[13.32284,48.33126],[13.21524,48.30191],[13.14047,48.28992],[13.08213,48.27509],[12.89743,48.2037],[12.81424,48.16086],[12.76039,48.10699],[12.76003,48.07598],[12.84989,47.98482],[12.95356,47.89062],[12.95418,47.80778],[12.90829,47.74582],[12.89764,47.72189],[12.92813,47.71282],[12.98549,47.70941],[13.03355,47.69874],[13.05407,47.65513],[13.04792,47.57916],[13.03154,47.508],[13.01433,47.47808],[12.96803,47.47568],[12.87894,47.50646],[12.80938,47.54216],[12.78282,47.56418],[12.78116,47.59045],[12.79615,47.60702],[12.7714,47.63939],[12.68587,47.66931],[12.5942,47.65629],[12.5266,47.63614],[12.48289,47.6373],[12.43576,47.66611],[12.3632,47.6882],[12.26833,47.70275],[12.20931,47.71828],[12.19691,47.70908],[12.20383,47.64673],[12.18564,47.61952],[11.71684,47.58348],[11.5739,47.54973],[11.46993,47.50609],[11.39293,47.48718],[11.37412,47.46026],[11.29795,47.42491],[11.21196,47.41364],[11.19118,47.42519],[11.13604,47.40886],[11.04194,47.3931],[10.98086,47.39817],[10.95213,47.42672],[10.89394,47.47044],[10.87058,47.50077],[10.87306,47.5202],[10.7416,47.5241],[10.65871,47.54723],[10.48285,47.5418],[10.43945,47.55157],[10.43035,47.54105],[10.40394,47.41698],[10.36911,47.36605],[10.31279,47.31344],[10.2406,47.28414],[10.18303,47.27882],[10.18577,47.31716],[10.20029,47.36341],[10.15879,47.37427],[10.09647,47.37959],[10.06634,47.39334],[10.07425,47.42853],[10.05983,47.44909],[10.0341,47.47359],[9.97162,47.50532],[9.83917,47.55229],[9.74889,47.57555],[9.7151,47.55077],[9.65061,47.52589],[9.54891,47.53405],[9.524,47.52421]],[[16.09305,46.86329],[16.03719,46.84484],[15.97683,46.80138],[15.98045,46.70586],[15.97229,46.6972],[15.95766,46.67762],[15.76692,46.71126],[15.76026,46.71077],[15.63267,46.69844],[15.54534,46.65462],[15.4393,46.62966],[15.21703,46.64299],[15.00067,46.62599],[14.94946,46.61323],[14.89328,46.60592],[14.84057,46.58049],[14.8106,46.5446],[14.75675,46.49913],[14.68017,46.46344],[14.59697,46.43608],[14.57713,46.41293],[14.54984,46.3997],[14.50354,46.41706],[14.46592,46.41611],[14.41993,46.42792],[14.26727,46.44073],[14.09953,46.46192],[14.01964,46.48218],[13.92879,46.4982],[13.83138,46.51122],[13.744,46.51432],[13.69997,46.52026]],[[18.43637,42.55973],[18.45394,42.56448],[18.48004,42.57918],[18.53492,42.62014],[18.54593,42.64158],[18.54329,42.67419],[18.46604,42.77723],[18.45503,42.8441],[18.44387,42.96844],[18.46015,42.99789],[18.48846,43.01215],[18.6236,43.02768],[18.62184,43.1246],[18.63001,43.15364],[18.65688,43.19393],[18.67424,43.23082],[18.74922,43.28353],[18.85108,43.34635],[18.89562,43.34821],[18.93469,43.33945],[18.97867,43.28542],[19.02667,43.29245],[19.0367,43.3573],[18.97386,43.44239],[18.94022,43.49672],[18.95071,43.52667],[18.97417,43.54236],[19.02833,43.53251],[19.08006,43.51771],[19.11277,43.52776],[19.16434,43.53543],[19.19436,43.53331]],[[19.19436,43.53331],[19.25446,43.58437],[19.30076,43.59181],[19.3603,43.59346],[19.39962,43.56757],[19.45125,43.56204],[19.47998,43.59517],[19.49507,43.64287],[19.48814,43.70356],[19.36402,43.84477],[19.25725,43.94331],[19.24506,43.96502],[19.26811,43.98347],[19.30531,43.99336],[19.34521,43.98509],[19.44939,43.97801],[19.54954,43.98714],[19.58369,44.01109],[19.58375,44.04346],[19.54716,44.07349],[19.43022,44.15451],[19.3389,44.22583],[19.23152,44.28055],[19.15183,44.30252],[19.12837,44.33027],[19.11845,44.35998],[19.12734,44.41458],[19.1324,44.4838],[19.15132,44.52733],[19.22315,44.60955],[19.29188,44.69676],[19.33451,44.78068],[19.35689,44.85855],[19.34862,44.88093],[19.3127,44.89744],[19.23679,44.91426],[19.13152,44.89959],[19.04207,44.87132],[19.00714,44.8692],[18.9413,44.86517],[18.8364,44.88326],[18.78834,44.91488],[18.78018,44.9472],[18.7794,44.97723],[18.74607,45.0265],[18.66256,45.07746],[18.48831,45.08585],[18.42392,45.102],[18.35757,45.12055],[18.28496,45.1343],[18.21794,45.13293],[18.13722,45.11937],[17.9963,45.14182],[17.9486,45.11187],[17.87439,45.07725],[17.81279,45.0781],[17.69011,45.15838],[17.65348,45.1635],[17.54625,45.12257],[17.50263,45.12035],[17.46915,45.13332],[17.32414,45.16396],[17.25872,45.17058],[17.21066,45.15606],[17.12539,45.17177],[16.91869,45.27656],[16.79079,45.19685],[16.5307,45.21672],[16.4535,45.162],[16.36503,45.05833],[16.2934,45.00883],[16.23103,45.02661],[16.15729,45.07224],[16.02836,45.18959],[15.96319,45.21081],[15.88826,45.21574],[15.82289,45.20277],[15.78811,45.17895],[15.7615,45.00751],[15.73799,44.85641],[15.73664,44.76579],[15.88004,44.68195],[16.04908,44.53759],[16.10344,44.521],[16.13031,44.47372],[16.16984,44.35202],[16.21423,44.21513],[16.30012,44.12449],[16.37753,44.05964],[16.47205,44.00259],[16.59049,43.91319],[16.6877,43.81505],[16.71343,43.77883],[16.90189,43.64902],[17.08462,43.51657],[17.24807,43.47022],[17.27381,43.44577],[17.27526,43.34387],[17.29303,43.30563],[17.40223,43.19891],[17.62479,43.04275],[17.65053,43.00657],[17.65777,42.98006],[17.64345,42.95976],[17.58511,42.93836]],[[19.00714,44.8692],[18.99546,44.90403],[19.00952,44.91938],[19.03758,44.91752],[19.06052,44.91101],[19.08527,44.92677],[19.10005,44.97379],[19.06285,45.13719],[19.12972,45.15172],[19.13075,45.17549],[19.13695,45.19623],[19.20599,45.16779],[19.30304,45.16727],[19.3881,45.17301],[19.40102,45.18908],[19.39998,45.21249],[19.38231,45.23062],[19.35224,45.24543],[19.33027,45.26809],[19.27281,45.27796],[19.09308,45.33692],[19.00466,45.3995],[19.00766,45.4658],[19.03329,45.50218],[19.06429,45.515],[19.0551,45.52725],[18.95371,45.55799],[18.91784,45.60083],[18.9473,45.65582],[18.89448,45.7671],[18.83909,45.83576],[18.89355,45.86552],[18.9011,45.90764],[18.90539,45.93172]],[[16.95311,48.59884],[16.98525,48.6769],[17.06333,48.78074],[17.13563,48.84105],[17.18844,48.86095],[17.29686,48.84283],[17.48258,48.82777],[17.62542,48.84183],[17.75853,48.88813],[17.83088,48.92859],[17.89269,48.97112],[17.91331,48.99874],[17.94074,49.01194],[18.05087,49.03654],[18.08596,49.06512],[18.10043,49.11933],[18.10999,49.17979],[18.13262,49.22457],[18.16094,49.25735],[18.3648,49.33624],[18.3831,49.36394],[18.41586,49.39091],[18.47611,49.42112],[18.53456,49.46468],[18.59652,49.49145],[18.6762,49.48845],[18.74974,49.49401],[18.80705,49.50923],[18.83222,49.51078]],[[17.14736,48.00596],[17.08597,48.03957],[17.06788,48.08327],[16.97264,48.19809],[16.86546,48.38692],[16.86267,48.44141],[16.90448,48.50353],[16.94339,48.55094],[16.94887,48.58856],[16.95311,48.59884]],[[17.14736,48.00596],[17.17459,48.01206],[17.27727,48.00433],[17.30151,47.99335],[17.31732,47.9909],[17.48062,47.88762],[17.63529,47.8099],[17.76189,47.77016],[17.94798,47.7669],[18.14559,47.76342],[18.47627,47.77698],[18.72421,47.78716],[18.74059,47.80651],[18.77801,47.85289],[18.74834,47.89268],[18.7501,47.93945],[18.79186,48.00028],[18.91412,48.05081],[19.26511,48.07303],[19.46696,48.11071],[19.4975,48.16213],[19.56421,48.21282],[19.6254,48.2231],[19.70922,48.1998],[19.81009,48.15502],[19.89861,48.13133],[19.95039,48.14662],[20.12862,48.22202],[20.33378,48.29555],[20.47496,48.4951],[20.49,48.52691],[20.64311,48.5497],[20.86661,48.54567],[20.98118,48.51967],[21.06732,48.50593],[21.19636,48.5106],[21.38239,48.55347],[21.45133,48.55223],[21.50466,48.5219],[21.56316,48.49572],[21.60264,48.46366],[21.63251,48.41849],[21.64858,48.40149],[21.67463,48.37837],[21.7215,48.34656],[21.76697,48.33811],[22.11134,48.39338],[22.13186,48.40531]],[[14.80941,50.85896],[14.81422,50.87165],[14.91747,51.00872],[14.96382,51.09512],[15.01663,51.25274],[14.95307,51.37712],[14.93555,51.43536],[14.906,51.46332],[14.72471,51.52388],[14.71092,51.54492],[14.73867,51.62713],[14.72487,51.6617],[14.68131,51.69819],[14.62395,51.77079],[14.60162,51.83239],[14.6749,51.90482],[14.69299,51.95802],[14.72477,52.03088],[14.74812,52.0708],[14.75257,52.08183],[14.70461,52.11021],[14.69237,52.15005],[14.70539,52.20746],[14.67986,52.24999],[14.61568,52.27764],[14.57392,52.31417],[14.5546,52.35965],[14.56968,52.43109],[14.6194,52.5285],[14.51403,52.64562],[14.25368,52.78251],[14.12863,52.87822],[14.13886,52.93287],[14.19369,52.98235],[14.29322,53.02674],[14.36856,53.10554],[14.41094,53.19903],[14.41233,53.21675],[14.41455,53.28352],[14.29869,53.55642],[14.27988,53.62474],[14.26609,53.70711],[14.19823,53.91906],[14.21141,53.95035]],[[22.87662,47.94725],[22.8561,47.9603],[22.84649,47.99704],[22.85724,48.02955],[22.83621,48.0603],[22.78221,48.0952],[22.76918,48.10962],[22.70154,48.10701],[22.68314,48.10363],[22.67632,48.1044],[22.58243,48.13401],[22.52015,48.20538],[22.42383,48.24331],[22.35019,48.25605],[22.3167,48.28664],[22.2951,48.32728],[22.27216,48.358],[22.26947,48.3609],[22.25376,48.40738],[22.23113,48.41214],[22.2271,48.41343],[22.13186,48.40531]],[[28.58532,43.74224],[28.42346,43.74048],[28.3752,43.7448],[28.22198,43.77283],[28.05,43.82239],[27.94892,43.91861],[27.88427,43.98734],[27.7386,43.95631],[27.7108,43.9646],[27.6709,43.99778],[27.56104,44.02005],[27.42533,44.02052],[27.12065,44.14614],[27.08691,44.16741],[26.84775,44.14619],[26.48922,44.08398],[26.2158,44.00729],[25.93343,43.87055],[25.81882,43.76684],[25.68611,43.71175],[25.49708,43.6708],[25.15963,43.68633],[24.80818,43.73842],[24.43058,43.79438],[24.22677,43.76348],[23.95077,43.78666],[23.53456,43.85358],[23.22461,43.87389],[22.91905,43.83446],[22.86768,43.86456],[22.85641,43.89903],[22.8683,43.94789],[22.91129,43.98719],[22.9854,44.017],[23.02447,44.04723],[23.0285,44.07798],[22.9454,44.12728],[22.77518,44.19524],[22.7051,44.23779]],[[20.24185,46.10861],[20.30132,46.05068],[20.35858,45.97549],[20.43796,45.94076],[20.53258,45.89952],[20.58115,45.8695],[20.65272,45.7794],[20.70926,45.73524],[20.72786,45.73741],[20.74688,45.74899],[20.76011,45.75809],[20.77499,45.74982],[20.77582,45.72253],[20.77928,45.66199],[20.76579,45.59745],[20.78605,45.5365],[20.78657,45.51748],[20.77251,45.50012],[20.77416,45.48441],[20.79401,45.46787],[20.8708,45.42756],[20.9418,45.36532],[21.02386,45.32152],[21.09993,45.29354],[21.14789,45.29176],[21.22644,45.24132],[21.38178,45.2051],[21.43149,45.19254],[21.46539,45.17187],[21.49019,45.14789],[21.49185,45.12226],[21.46787,45.10986],[21.43448,45.07516],[21.42074,45.03296],[21.39594,45.02221],[21.37113,45.02139],[21.35294,45.00898],[21.35707,44.99079],[21.37775,44.97343],[21.40999,44.95772],[21.472,44.94201],[21.53319,44.91886],[21.53236,44.90067],[21.51996,44.88083],[21.44224,44.87338],[21.38436,44.87008],[21.3579,44.86181],[21.36007,44.82667]],[[22.916,41.33629],[23.0256,41.32564],[23.15598,41.32208],[23.23985,41.38497],[23.37204,41.38964],[23.43343,41.39871],[23.5358,41.38605],[23.63518,41.38678],[23.7623,41.41298],[23.8809,41.45594],[23.9735,41.4523],[24.01138,41.46005],[24.03288,41.4691],[24.05603,41.52723],[24.23039,41.5308],[24.2894,41.52504],[24.38676,41.52354],[24.48794,41.55524],[24.51823,41.55255],[24.56928,41.46739],[24.596,41.44274],[24.65103,41.41995],[24.77371,41.35608],[24.79583,41.3729],[24.84689,41.39422],[24.99355,41.36497],[25.13338,41.31577],[25.25115,41.24353],[25.38195,41.26436],[25.52705,41.2998],[25.62152,41.31009],[25.72394,41.31505],[25.78492,41.33042],[25.92331,41.3119],[26.06635,41.35068],[26.13534,41.38574],[26.15518,41.43489],[26.1436,41.52155],[26.1112,41.60821],[26.07699,41.6402],[26.06599,41.67322],[26.08557,41.70417],[26.10738,41.72567],[26.2006,41.74378],[26.3209,41.71657],[26.41051,41.69632],[26.4625,41.6634],[26.49506,41.63325],[26.54451,41.60723],[26.58135,41.60128],[26.60978,41.51214],[26.62487,41.40176],[26.60239,41.35414],[26.5364,41.34314],[26.33062,41.23877],[26.32566,41.14328],[26.32845,41.09703],[26.33258,41.06432],[26.35408,41.03677],[26.35413,40.99708],[26.33109,40.9545],[26.24122,40.88321],[26.1789,40.8265],[26.10919,40.74966],[26.06976,40.7403],[26.03896,40.72677]],[[20.06397,42.54727],[20.04573,42.54991],[19.93907,42.50671],[19.8598,42.48635],[19.78828,42.47617],[19.75448,42.49694],[19.73779,42.52516],[19.74074,42.60691],[19.72782,42.63453],[19.70338,42.64797],[19.65444,42.62859],[19.59744,42.56544],[19.54457,42.49195],[19.4651,42.41537],[19.39957,42.34191],[19.32898,42.24926],[19.28072,42.17257],[19.33084,42.12929],[19.36143,42.06911],[19.35213,42.02402],[19.36112,41.99775],[19.34547,41.91886],[19.34242,41.86907]],[[26.61897,48.25984],[26.7138,48.26346],[26.78729,48.25581],[26.90097,48.21111],[26.98076,48.15505],[27.01223,48.1105],[27.08034,48.04766],[27.15207,47.95929],[27.23082,47.84173],[27.24814,47.78225],[27.27795,47.71797],[27.33686,47.63975],[27.44926,47.55312],[27.46482,47.53668],[27.51587,47.47563],[27.61411,47.34055],[27.69617,47.28642],[27.76795,47.22758],[27.80237,47.16831],[27.85384,47.11449],[27.97419,47.04323],[28.07181,46.97843],[28.14994,46.79208],[28.20472,46.7064],[28.2395,46.64082],[28.2226,46.50807],[28.24435,46.45127],[28.19965,46.34756],[28.11919,46.13868],[28.09971,45.97259],[28.11356,45.88304],[28.11553,45.82552],[28.13496,45.78886],[28.1563,45.71308],[28.15981,45.64714],[28.13082,45.62828],[28.09031,45.61275],[28.0747,45.59897],[28.11196,45.56916],[28.16255,45.51376],[28.21247,45.45046]],[[22.87662,47.94725],[22.91285,47.96428],[23.0548,48.00655],[23.09077,48.04913],[23.1395,48.0874],[23.20265,48.08451],[23.40816,47.98999],[23.62867,47.99583],[23.66908,47.99232],[23.682,47.99038],[23.70902,47.9826],[24.00182,47.93578],[24.04735,47.94103],[24.05975,47.94477],[24.17773,47.90607],[24.28196,47.91118],[24.38097,47.93803],[24.48407,47.9471],[24.57889,47.93108],[24.65093,47.87651],[24.83789,47.76086],[24.89334,47.71776],[24.97913,47.72414],[25.07385,47.74572],[25.16966,47.82308],[25.46432,47.91077],[25.68932,47.93247],[25.90868,47.96756],[26.16267,47.99252],[26.23626,48.06435],[26.27693,48.11324],[26.30561,48.20378],[26.44234,48.22998],[26.57241,48.24848],[26.61897,48.25984]],[[22.53866,49.07272],[22.57994,49.07719],[22.70128,49.03995],[22.8098,49.02073],[22.83977,49.03889],[22.85207,49.06274],[22.84706,49.08127],[22.76019,49.13623],[22.70562,49.17121],[22.70231,49.19271],[22.72195,49.24095],[22.73244,49.29518],[22.71989,49.35381],[22.66061,49.48367],[22.64945,49.53902],[22.70614,49.60622],[22.89073,49.76626],[22.95222,49.82637],[23.0363,49.89907],[23.2645,50.07286],[23.40863,50.17391],[23.50619,50.22985],[23.64898,50.32703],[23.71176,50.37734],[23.97263,50.41005],[24.00497,50.45702],[24.05262,50.50844],[24.08993,50.53046],[24.09474,50.61704],[24.04632,50.7228],[24.0073,50.76013],[23.97841,50.78558],[23.99712,50.80935],[24.02595,50.81615],[24.06161,50.81953],[24.10574,50.84499],[24.09582,50.87276],[23.9857,50.94043],[23.93811,50.99255],[23.86343,51.12623],[23.71218,51.26511],[23.66443,51.31005],[23.65766,51.3525],[23.67972,51.3949],[23.65885,51.44895],[23.60526,51.51792]],[[20.89979,55.28665],[21.07533,55.26324],[21.29759,55.26446],[21.38922,55.27554],[21.44709,55.23441],[21.55468,55.19529],[21.68274,55.16035],[21.87394,55.10072],[22.07238,55.06367],[22.13785,55.05938],[22.34637,55.06424],[22.56728,55.05912],[22.62744,54.9707],[22.73658,54.92884],[22.82468,54.87128],[22.8312,54.83846],[22.70965,54.63261],[22.68444,54.56292],[22.67984,54.493],[22.72433,54.40559],[22.76624,54.35679]],[[31.76336,52.10108],[31.75861,52.12581],[31.6906,52.22064],[31.64988,52.26219],[31.60151,52.28482],[31.57733,52.31231],[31.5765,52.42603],[31.58554,52.53245],[31.61593,52.5462],[31.52617,52.63299],[31.51945,52.69875],[31.56348,52.73146],[31.56482,52.75923],[31.53516,52.79823],[31.44281,52.86184],[31.353,52.93346],[31.29518,52.98979],[31.25879,53.01671],[31.30293,53.0609],[31.36453,53.13898],[31.3884,53.18482],[31.41785,53.19603],[31.56296,53.20249],[31.66828,53.20091],[31.74745,53.1842],[31.77742,53.14688],[31.84971,53.10622],[32.05544,53.08947],[32.142,53.09115],[32.25067,53.12839],[32.42627,53.2106],[32.46937,53.27029],[32.57804,53.3124],[32.64445,53.32889],[32.70429,53.33633],[32.71028,53.37142],[32.70646,53.41943],[32.68568,53.44816],[32.46963,53.54696],[32.44239,53.57926],[32.42524,53.61727],[32.45097,53.65334],[32.45014,53.6929],[32.20044,53.78124],[31.99214,53.79687],[31.82083,53.79194],[31.75422,53.81046],[31.78305,53.85496],[31.82527,53.93503],[31.83778,54.00079],[31.82594,54.03071],[31.79204,54.0559],[31.62839,54.11119],[31.40359,54.19594],[31.2991,54.2917],[31.24557,54.39164],[31.1848,54.45296],[31.07483,54.49182],[31.08191,54.51709],[31.15493,54.61096],[31.15214,54.62535],[31.12128,54.6485],[30.98419,54.69589],[30.79887,54.78327],[30.79107,54.80601],[30.80446,54.86094],[30.82993,54.91499],[30.86683,54.94073],[30.97768,55.05049],[30.97768,55.0878],[30.95886,55.13762],[30.87748,55.22345],[30.81448,55.27872],[30.81055,55.30696],[30.82099,55.33027],[30.86182,55.36039],[30.90057,55.39739],[30.90874,55.52535],[30.90688,55.57005],[30.88223,55.5964],[30.85593,55.60751],[30.80073,55.6011],[30.72162,55.62214],[30.66235,55.65549],[30.6256,55.66627],[30.58669,55.70027],[30.47538,55.76879],[30.45626,55.7868],[30.23364,55.84522],[30.04264,55.83644],[29.93701,55.84527],[29.88162,55.8323],[29.82395,55.7951],[29.74416,55.77042],[29.68458,55.76975],[29.63006,55.75117],[29.48226,55.68456],[29.41302,55.72487],[29.35338,55.78437],[29.37317,55.83473],[29.39793,55.88106],[29.39612,55.91219],[29.37503,55.9387],[29.283,55.96785],[29.0874,56.02113],[29.03175,56.02177],[28.94741,56.00211],[28.79476,55.94258],[28.74081,55.9554],[28.69079,56.00263],[28.63689,56.06175],[28.56397,56.092],[28.40708,56.08903],[28.3921,56.08671],[28.31634,56.05255],[28.2843,56.05591],[28.14793,56.14293]],[[31.76336,52.10108],[31.78238,52.0994],[31.87561,52.07088],[31.97379,52.04664],[32.04159,52.04504],[32.12226,52.0506],[32.21677,52.08297],[32.28281,52.11403],[32.36302,52.27213],[32.39134,52.29484],[32.43547,52.30725],[32.50792,52.30854],[32.64543,52.27908],[32.8065,52.25263],[32.89973,52.25635],[33.14845,52.34042],[33.2871,52.35355],[33.45184,52.33381],[33.61338,52.33262],[33.73523,52.34476],[33.81885,52.31564],[33.92204,52.25146],[34.01532,52.15596],[34.11304,51.97962],[34.39783,51.78041],[34.40269,51.74149],[34.37933,51.71651],[34.23918,51.69225],[34.12115,51.67917],[34.11542,51.64496],[34.14678,51.60796],[34.20089,51.55383],[34.20926,51.48409],[34.20657,51.41994],[34.22988,51.36325],[34.27499,51.34017],[34.28068,51.31168],[34.22838,51.27687],[34.21386,51.25537],[34.23422,51.2438],[34.49105,51.23708],[34.61683,51.20313],[34.71228,51.17223],[34.76039,51.16933],[34.86855,51.1892],[34.99025,51.20173],[35.06409,51.20344],[35.09257,51.18065],[35.11536,51.12083],[35.15809,51.06099],[35.19799,51.04391],[35.2692,51.04675],[35.31193,51.04391],[35.33472,51.02112],[35.30909,50.98691],[35.31477,50.94989],[35.34614,50.90431],[35.38314,50.79892],[35.41735,50.76757],[35.44014,50.72768],[35.44014,50.6821],[35.41162,50.64223],[35.39167,50.61092],[35.41162,50.53968],[35.48851,50.45992],[35.54551,50.43997],[35.59109,50.36876],[35.67372,50.34597],[35.79619,50.40576],[35.89019,50.43713],[36.00776,50.41966],[36.11638,50.40852],[36.18945,50.36783],[36.2434,50.31176],[36.30608,50.28045],[36.36887,50.29683],[36.49982,50.28045],[36.55966,50.23487],[36.61945,50.20923],[36.6964,50.24626],[36.75908,50.29184],[36.98852,50.33956],[37.1312,50.3515],[37.17104,50.36088],[37.25491,50.39496],[37.34318,50.41765],[37.42281,50.4115],[37.50131,50.3407],[37.58234,50.29187],[37.60513,50.21492],[37.70419,50.10906],[37.95027,49.96421],[38.04691,49.92],[38.11248,49.92783],[38.1468,49.93941],[38.16266,49.95452],[38.1776,50.02537],[38.20866,50.05147],[38.25858,50.05235],[38.45122,49.96408],[38.55199,49.95457],[38.64775,49.95287],[38.77668,49.88435],[38.91838,49.82469],[39.02768,49.81841],[39.11496,49.84176],[39.1748,49.85598],[39.2118,49.83321],[39.24601,49.78195],[39.30295,49.74206],[39.36848,49.73066],[39.46279,49.72802],[39.62655,49.65066],[39.78055,49.57204],[39.87682,49.56767],[39.95852,49.59077],[40.03066,49.59674],[40.08063,49.57684],[40.0949,49.54266],[40.05785,49.49708],[40.05785,49.43156],[40.12621,49.36887],[40.12828,49.30725],[40.1088,49.25154],[40.06999,49.20028],[39.97635,49.12982],[39.88974,49.06406],[39.75946,49.03659],[39.68655,49.00791],[39.70562,48.9596],[39.75337,48.91443],[39.86375,48.878],[39.98917,48.85144],[40.00358,48.82209],[39.98446,48.80736],[39.90416,48.79377],[39.7929,48.80772],[39.75585,48.78206],[39.70459,48.73935],[39.67043,48.66243],[39.64474,48.59119],[39.76541,48.57187],[39.83564,48.54277],[39.85755,48.48425],[39.88256,48.41911],[39.88979,48.36046],[39.8499,48.33193],[39.84742,48.30279],[39.86633,48.28842],[39.91811,48.28191],[39.9579,48.26891],[39.961,48.23793],[39.88504,48.16838],[39.81393,48.03529],[39.7758,47.96446],[39.77869,47.88754],[39.73595,47.84481],[39.65849,47.84121],[39.39096,47.83372],[39.15847,47.83742],[39.0578,47.8485],[38.90029,47.85511],[38.82231,47.83703],[38.71891,47.71409],[38.64057,47.66593],[38.51096,47.62242],[38.36885,47.60996],[38.28741,47.55917],[38.25873,47.47953],[38.25651,47.40894],[38.24328,47.3737],[38.21243,47.3428],[38.20137,47.32078],[38.20798,47.29652],[38.24106,47.28771],[38.28074,47.27665],[38.28074,47.25905],[38.26534,47.23696],[38.22121,47.21273],[38.20137,47.17526],[38.20581,47.13557],[38.21439,47.09144]],[[43.43945,41.1071],[43.45526,41.06468],[43.51748,41.00484],[43.59169,40.9682],[43.63168,40.92903],[43.69649,40.79413],[43.72263,40.71953],[43.71287,40.64778],[43.66786,40.57406],[43.56936,40.48239],[43.59375,40.44404],[43.61577,40.39332],[43.60843,40.35661],[43.67809,40.2393],[43.70987,40.16649],[43.68331,40.14964],[43.66625,40.12636],[43.79167,40.07024],[43.94205,40.02316],[44.00536,40.01412],[44.17806,40.03575],[44.28921,40.0404],[44.39959,39.99575],[44.56046,39.88759],[44.73384,39.74646],[44.76826,39.70352],[44.78334,39.68466],[44.78334,39.68466]],[[87.81829,49.16209],[87.93477,49.16457],[87.98805,49.18689],[88.02846,49.21979],[88.11574,49.2563],[88.13429,49.29844],[88.13553,49.38148],[88.19258,49.45171],[88.33779,49.47256],[88.39334,49.48285],[88.45241,49.47269],[88.54439,49.48256],[88.63317,49.48615],[88.68268,49.46453],[88.7479,49.44623],[88.83166,49.44846],[88.86034,49.48153],[88.86386,49.52762],[88.90014,49.53972],[88.9454,49.50768],[88.97057,49.48375],[89.0084,49.47279],[89.10948,49.50137],[89.18001,49.53225],[89.20291,49.59568],[89.24399,49.62705],[89.29918,49.61113],[89.39561,49.61155],[89.47498,49.66054],[89.57916,49.69971],[89.65409,49.71746],[89.66949,49.7505],[89.63425,49.82329],[89.64386,49.90305],[89.74422,49.94811],[89.87801,49.95354],[89.97733,49.98434],[90.00498,50.0693],[90.05376,50.09374],[90.10373,50.1033],[90.2245,50.11671],[90.31131,50.15115],[90.36485,50.16691],[90.51688,50.21332],[90.65507,50.22239],[90.71439,50.25941],[90.76069,50.30597],[90.83805,50.32375],[90.91717,50.36413],[91.02156,50.41548],[91.06279,50.42261],[91.23384,50.4524],[91.30061,50.46338],[91.34081,50.47005],[91.41502,50.46803],[91.44649,50.52219],[91.52168,50.56203],[91.59692,50.57552],[91.63413,50.61515],[91.70637,50.66554],[91.80425,50.6936],[91.95654,50.69763],[92.10402,50.692],[92.19234,50.70058],[92.2653,50.7752],[92.279,50.81222],[92.29579,50.84982],[92.35481,50.86418],[92.42633,50.80307],[92.48643,50.76507],[92.57893,50.72543],[92.62663,50.6883],[92.68135,50.68319],[92.73866,50.71094],[92.77933,50.77866],[92.85648,50.7891],[92.94128,50.77822],[92.96356,50.74491],[92.97069,50.71251],[93.00986,50.65453],[93.10308,50.60391],[93.22256,50.60652],[93.27051,50.61559],[93.38679,50.60849],[93.50109,50.59748],[93.62563,50.58557],[93.66201,50.58368],[93.79539,50.57764],[93.9899,50.56885],[94.07579,50.57283],[94.25107,50.5564],[94.28699,50.51139],[94.31934,50.40491],[94.34688,50.30342],[94.35469,50.22184],[94.40016,50.17965],[94.4585,50.16572],[94.4969,50.13283],[94.56459,50.08795],[94.61472,50.02372],[94.67549,50.02808],[94.71807,50.04325],[94.81125,50.04819],[94.93031,50.04377],[95.01294,50.00824],[95.04436,49.96155],[95.11144,49.93545],[95.16626,49.94382],[95.32951,49.94414],[95.38563,49.94119],[95.44175,49.91551],[95.52268,49.91122],[95.56722,49.94382],[95.70778,49.96599],[95.78933,50.0125],[95.85191,50.01292],[95.89945,49.99057],[95.93573,49.96],[95.98952,49.97359],[96.01856,49.99876],[96.06554,49.99871],[96.11168,49.98248],[96.22971,49.95408],[96.31508,49.90114],[96.38112,49.89602],[96.46639,49.91153],[96.50577,49.91871],[96.54329,49.89251],[96.59843,49.8784],[96.64018,49.89783],[96.7117,49.91155],[96.98574,49.8828],[97.04915,49.82988],[97.09767,49.80505],[97.13694,49.76172],[97.20857,49.73079],[97.35977,49.74143],[97.41832,49.77304],[97.54085,49.84311],[97.58937,49.91148],[97.65092,49.93359],[97.72068,49.94465],[97.78559,49.94455],[97.85395,49.94677],[97.93664,49.99679],[98.00392,50.01426],[98.1034,50.07782],[98.12195,50.10661],[98.17016,50.18058],[98.20003,50.22768],[98.25026,50.30246],[98.27729,50.42302],[98.29269,50.48694],[98.27946,50.53325],[98.2205,50.5572],[98.145,50.56854],[98.07885,50.60381],[98.02981,50.64464],[98.00118,50.70205],[97.96196,50.76915],[97.96418,50.8177],[97.95317,50.85516],[97.91984,50.88718],[97.85613,50.94335],[97.82528,50.98526],[97.83571,51.05166],[97.91085,51.16517],[97.91788,51.21788],[97.92739,51.25072],[97.92325,51.28049],[97.94692,51.34842],[97.98914,51.37707],[98.03761,51.44994],[98.10309,51.48352],[98.18468,51.48575],[98.21993,51.50562],[98.23745,51.5784],[98.27682,51.63455],[98.30308,51.67429],[98.35279,51.71762],[98.64052,51.80118],[98.7601,51.9051],[98.80258,51.95745],[98.84868,52.07005],[98.89312,52.11728],[98.95812,52.10173],[99.0343,52.0354],[99.09135,52.03486],[99.17615,51.99887],[99.40709,51.92355],[99.53235,51.89988],[99.61287,51.89252],[99.71927,51.87161],[99.78789,51.82753],[99.92163,51.75552],[100.03455,51.7371],[100.2304,51.72981],[100.46889,51.72609],[100.53622,51.71346],[100.71078,51.66158],[100.90364,51.60424],[101.08539,51.55303],[101.22321,51.51326],[101.30455,51.47474],[101.38123,51.45262],[101.46433,51.47148],[101.57089,51.46719],[101.82116,51.42105],[101.97923,51.38221],[102.11153,51.35345],[102.15566,51.31377],[102.16005,51.26085],[102.14232,51.21605],[102.15194,51.10753],[102.19452,51.05068],[102.21023,50.97431],[102.2262,50.90144],[102.21508,50.82943],[102.23503,50.79122],[102.27658,50.76868],[102.31658,50.71845],[102.30335,50.66554],[102.28573,50.63469],[102.28841,50.58513],[102.33642,50.54425],[102.40686,50.53619],[102.46944,50.5257],[102.54633,50.46131],[102.68332,50.38716],[102.76544,50.36654],[102.8597,50.33326],[103.03943,50.30062],[103.16174,50.29073],[103.23383,50.26427],[103.30437,50.20029],[103.42121,50.18707],[103.49625,50.16495],[103.63288,50.13859],[103.72321,50.15384],[103.80264,50.17606],[103.85612,50.17182],[103.95849,50.15727],[104.07874,50.15423],[104.17967,50.16944],[104.25992,50.21446],[104.35387,50.27528],[104.46632,50.30613],[104.59639,50.31719],[104.68537,50.34184],[104.97698,50.38289],[105.0947,50.38995],[105.18596,50.42961],[105.26668,50.46049],[105.38357,50.47371],[105.54165,50.44126],[105.69255,50.41418],[105.87522,50.40537],[105.99651,50.36791],[106.0825,50.33259],[106.21784,50.30458],[106.36842,50.3176],[106.57446,50.32879],[106.71109,50.31259],[106.85377,50.2483],[106.94131,50.19668],[107.04022,50.08645],[107.14305,50.03302],[107.23328,49.9894],[107.34702,49.98667],[107.63098,49.9831],[107.78684,49.96],[107.91654,49.9478],[107.94781,49.92471],[107.93484,49.84902],[107.93877,49.74074],[107.93675,49.691],[107.96543,49.65353],[108.00951,49.64689],[108.0338,49.59398],[108.09803,49.56266],[108.21306,49.52478],[108.40695,49.39637],[108.5225,49.34148],[108.61366,49.3228],[108.73303,49.33564],[108.91989,49.33536],[109.23667,49.3349],[109.45371,49.29635],[109.52869,49.26989],[109.75034,49.23932],[109.99456,49.20563],[110.19992,49.17041],[110.32136,49.21586],[110.42781,49.21999],[110.52962,49.18708],[110.63111,49.13759],[110.70981,49.14297],[110.82794,49.16615],[111.2042,49.30428],[111.33665,49.35585],[111.42925,49.34262],[111.51188,49.36091],[111.57482,49.37642],[111.73559,49.39776],[111.83341,49.4036],[111.93449,49.41603],[112.0797,49.42422],[112.37514,49.5146],[112.49492,49.53233],[112.69734,49.50726],[112.80643,49.52359],[112.91479,49.56922],[113.05556,49.61625],[113.0921,49.69252],[113.16418,49.79719],[113.31906,49.87432],[113.44551,49.9416],[113.57418,50.00702],[113.73242,50.06154],[113.88114,50.1011],[114.07069,50.20474],[114.22179,50.25727],[114.29703,50.2744],[114.38633,50.25549],[114.55397,50.24146],[114.67489,50.24569],[114.74316,50.23368],[114.87958,50.18303],[115.00335,50.13859],[115.09802,50.05942],[115.27455,49.94886],[115.36498,49.91176],[115.42921,49.89649],[115.58796,49.88605],[115.71772,49.88063],[115.79524,49.9059],[115.92603,49.95215],[116.13455,50.0108],[116.21681,50.00927],[116.35112,49.97809],[116.55116,49.92031],[116.63157,49.87706],[116.6833,49.82378]],[[116.6833,49.82378],[116.88897,49.73779],[117.02162,49.69299],[117.24564,49.62485],[117.47715,49.60943],[117.69848,49.53584],[117.81258,49.51352],[117.87346,49.51349],[118.18662,49.69278],[118.45151,49.8445],[118.75599,49.96284],[118.97954,49.97886],[119.14749,50.01338],[119.25983,50.0664],[119.32608,50.15492],[119.34623,50.27895],[119.30159,50.35393],[119.19193,50.37985],[119.16371,50.40602],[119.21673,50.43253],[119.2558,50.48418],[119.28071,50.561],[119.34407,50.63391],[119.44566,50.70285],[119.50178,50.77923],[119.51232,50.86312],[119.5734,50.94676],[119.68492,51.03012],[119.746,51.10773],[119.75665,51.17949],[119.81318,51.26705],[119.96697,51.42211],[120.06691,51.60068],[120.23698,51.72299],[120.5105,51.84851],[120.6815,51.97306],[120.74982,52.09651],[120.7445,52.20547],[120.66543,52.29988],[120.65034,52.39592],[120.69923,52.49359],[120.65613,52.56666],[120.52115,52.61503],[120.36002,52.62702],[120.17275,52.60247],[120.06754,52.63291],[120.04428,52.71823],[120.09451,52.78722],[120.21812,52.83988],[120.42131,52.96809],[120.70409,53.17184],[120.98546,53.28458],[121.40544,53.31706],[121.74392,53.38361],[122.08881,53.45147],[122.33778,53.485],[122.38016,53.46252],[122.51586,53.457],[122.74479,53.46852],[122.95759,53.49772],[123.15407,53.54459],[123.30961,53.55559],[123.42402,53.53076],[123.4895,53.52945],[123.53471,53.52645],[123.55973,53.52668],[123.60778,53.54653],[123.74095,53.511],[123.99469,53.40563],[124.15431,53.35868],[124.21994,53.3701],[124.29146,53.34085],[124.36913,53.27094],[124.46592,53.22964],[124.63987,53.21065],[124.81236,53.13384],[124.88212,53.12973],[124.90662,53.17267],[124.97096,53.19732],[125.07503,53.20368],[125.22557,53.1658],[125.42245,53.08374],[125.54596,53.04762],[125.59598,53.05748],[125.64905,53.04227],[125.69169,53.00369],[125.69536,52.9563],[125.68078,52.93083],[125.72812,52.89073],[125.78279,52.89073],[125.87188,52.87153],[125.94165,52.80071],[126.00433,52.76789],[126.04815,52.73947],[126.05601,52.71588],[126.06014,52.69198],[126.04702,52.67348],[126.02324,52.64301],[126.01596,52.61023],[126.04593,52.57335],[126.15662,52.54664],[126.19445,52.51915],[126.20297,52.48383],[126.2376,52.44481],[126.31284,52.39975],[126.34167,52.36202],[126.32421,52.33166],[126.34632,52.30627],[126.38353,52.2865],[126.39149,52.21449],[126.3948,52.17302],[126.45557,52.12646],[126.46807,52.0313],[126.51055,51.92582],[126.6537,51.78128],[126.70082,51.70305],[126.68873,51.60992],[126.7092,51.56628],[126.77451,51.54507],[126.80542,51.50564],[126.8018,51.44805],[126.82733,51.41226],[126.84774,51.37418],[126.83384,51.31488],[126.85441,51.26137],[126.88774,51.23013],[126.91151,51.17233],[126.92484,51.10014],[127.02039,50.98588],[127.19826,50.82946],[127.30699,50.70797],[127.34683,50.62136],[127.34719,50.55009],[127.30823,50.49418],[127.30606,50.45351],[127.34079,50.42809],[127.35117,50.39362],[127.33722,50.35016],[127.39525,50.29858],[127.59028,50.20898],[127.51235,50.07167],[127.49178,49.97504],[127.50243,49.87342],[127.5508,49.80179],[127.63668,49.76019],[127.69017,49.71676],[127.71115,49.67154],[127.8143,49.62214],[127.99961,49.5686],[128.23706,49.5593],[128.52676,49.59423],[128.70401,49.60012],[128.76902,49.57697],[128.79103,49.54183],[128.77026,49.49471],[128.81935,49.46375],[128.93831,49.44892],[129.02027,49.41926],[129.06512,49.37466],[129.12011,49.36205],[129.18512,49.38138],[129.24842,49.37864],[129.30987,49.35383],[129.35007,49.36236],[129.38469,49.38944],[129.44071,49.38944],[129.49817,49.38882],[129.53373,49.32342],[129.5914,49.28666],[129.67108,49.27849],[129.79252,49.19886],[130.03706,48.97226],[130.19601,48.89164],[130.35528,48.86637],[130.55315,48.8612],[130.61718,48.77317],[130.5656,48.68013],[130.55211,48.60251],[130.59728,48.57466],[130.65924,48.4834],[130.74688,48.43038],[130.76342,48.38842],[130.80424,48.34149],[130.78719,48.25457],[130.71205,48.12766],[130.73257,48.01924],[130.84863,47.92943],[130.9154,47.84292],[130.93287,47.7598],[130.96196,47.70931],[131.00278,47.69146],[131.12185,47.69763],[131.31935,47.72781],[131.46426,47.72262],[131.55676,47.68203],[131.78527,47.6805],[132.1498,47.71797],[132.38017,47.72949],[132.47629,47.71497],[132.56186,47.76851],[132.6369,47.8901],[132.70718,47.94725],[132.77281,47.94007],[132.87709,47.97909],[133.02013,48.06441],[133.14405,48.10564],[133.30114,48.10153],[133.46837,48.09717],[133.57327,48.13303],[133.67177,48.2077],[133.8422,48.27375],[134.2059,48.35989],[134.29339,48.37343],[134.33493,48.36883],[134.45616,48.35534],[134.56355,48.32173],[134.6652,48.25393],[134.6808,48.21044],[134.66933,48.15334],[134.64721,48.12016],[134.60536,48.0829],[134.56598,48.02249],[134.5913,47.97521],[134.65031,47.87429],[134.69858,47.80142],[134.75232,47.71541],[134.72809,47.68448],[134.69579,47.62487],[134.59616,47.52387],[134.5419,47.48516],[134.4835,47.44739],[134.38253,47.43824],[134.33943,47.42951],[134.29085,47.41359],[134.26005,47.37773],[134.22522,47.35261],[134.16766,47.30218],[134.16295,47.25872],[134.18926,47.19423],[134.20212,47.12805],[134.13691,47.06901],[134.08642,46.97812],[134.07138,46.95078],[134.04601,46.882],[134.03857,46.85817],[134.0226,46.71317],[133.95754,46.61424],[133.86659,46.49913],[133.88674,46.43055],[133.90276,46.36694],[133.88023,46.33604],[133.87475,46.30906],[133.86132,46.24777],[133.83279,46.22426],[133.75021,46.18592],[133.70071,46.13977],[133.71115,46.06964],[133.68572,46.00895],[133.64779,45.95523],[133.608,45.9203],[133.55116,45.89782],[133.51312,45.8788],[133.4847,45.81043],[133.47581,45.75765],[133.44915,45.70507],[133.46558,45.65122],[133.43643,45.60471],[133.35551,45.57221],[133.30952,45.55306],[133.26694,45.54528],[133.18601,45.49485],[133.11335,45.32142],[133.09692,45.22047],[133.11346,45.13073],[133.01176,45.07456],[132.936,45.02991],[132.88877,45.04606],[132.83864,45.06113],[132.72314,45.08056],[132.66563,45.09371],[132.54905,45.1228],[132.36301,45.15998],[132.18137,45.20329],[132.06742,45.22597],[131.97751,45.24398],[131.90924,45.27372],[131.85183,45.32685],[131.79488,45.3053],[131.74207,45.24261],[131.65401,45.20535],[131.61396,45.13657],[131.57877,45.08366],[131.48751,45.01312],[131.44689,44.98403],[131.2683,44.93612],[131.22799,44.92015],[131.08231,44.91002],[131.03296,44.88889],[130.9817,44.84432],[130.96775,44.79995],[131.00392,44.75324],[131.06066,44.65968],[131.08691,44.59568],[131.12577,44.4692],[131.25528,44.07157],[131.21331,44.00292],[131.17425,43.70475],[131.18365,43.65088],[131.18004,43.56711],[131.18246,43.50559],[131.20918,43.49042],[131.24391,43.46903],[131.26179,43.43306],[131.25734,43.37808],[131.23936,43.33767],[131.21187,43.25777],[131.17564,43.1422],[131.13559,43.09763],[131.10898,43.06244],[131.08619,43.0381],[131.0835,42.95629],[131.06857,42.90226],[131.00557,42.88312],[130.94284,42.85175],[130.86853,42.86333],[130.80326,42.85682],[130.72249,42.83584],[130.57728,42.8116],[130.49294,42.77909],[130.45274,42.75543],[130.42478,42.72703],[130.41998,42.69987],[130.4392,42.68553],[130.52059,42.67432],[130.57656,42.62324],[130.58446,42.56732],[130.52695,42.53539]],[[130.52695,42.53539],[130.49822,42.57053],[130.45031,42.58169],[130.3607,42.63083],[130.29559,42.68494],[130.24671,42.74483],[130.24883,42.87263],[130.24035,42.89178],[130.15126,42.91795],[130.1248,42.95598],[130.08263,42.97417],[130.02228,42.9626],[129.97701,42.97485],[129.94125,42.99567],[129.89825,42.99815],[129.86104,42.96508],[129.84151,42.89423],[129.77919,42.77656],[129.7734,42.70546],[129.74653,42.60381],[129.71976,42.47498],[129.6978,42.44813],[129.62798,42.44428],[129.6039,42.43591],[129.56752,42.39209],[129.5237,42.38465],[129.48484,42.41028],[129.42366,42.43591],[129.36578,42.43922],[129.31369,42.41359],[129.2525,42.35788],[129.21778,42.31271],[129.20538,42.27055],[129.19545,42.21846],[129.1337,42.16851],[129.07722,42.14239],[128.96063,42.0688],[128.92343,42.03821],[128.83982,42.03785],[128.74897,42.04069],[128.6267,42.02085],[128.42723,42.01072],[128.30786,42.02565],[128.16017,42.0116],[128.04524,41.98752],[128.0287,41.95163],[128.03294,41.89848],[128.05609,41.86375],[128.0842,41.8406],[128.1319,41.76913],[128.18177,41.70004],[128.25784,41.65539],[128.28925,41.60744],[128.29091,41.56279],[128.25494,41.50656],[128.20027,41.433],[128.14942,41.38773],[128.11123,41.38926],[128.05278,41.41561],[128.0131,41.44868],[127.91868,41.46114],[127.68764,41.44],[127.57219,41.45476],[127.517,41.48176],[127.42037,41.48377],[127.27082,41.51984],[127.17966,41.53137],[127.13666,41.55452],[127.1284,41.60744],[127.0854,41.64381],[127.06127,41.68735],[127.0069,41.74205],[126.95476,41.76949],[126.9035,41.78107],[126.84728,41.748],[126.78775,41.71823],[126.7431,41.72484],[126.7216,41.71657],[126.697,41.69187],[126.60124,41.64097],[126.57835,41.59436],[126.54011,41.49556],[126.51355,41.39401],[126.4904,41.35807],[126.45143,41.35184],[126.41185,41.32133],[126.3287,41.2257],[126.25362,41.1378],[126.14448,41.07827],[126.09321,41.0237],[126.06676,40.97409],[125.98903,40.90463],[125.87493,40.89223],[125.78403,40.87203],[125.72827,40.86671],[125.68823,40.83867],[125.65923,40.79588],[125.64508,40.77896],[125.59381,40.77896],[125.54255,40.74258],[125.41687,40.6599],[125.31445,40.64462],[125.18588,40.58938],[125.07291,40.54745],[125.02599,40.52388],[125.01338,40.49784],[124.99685,40.46477],[124.94228,40.45815],[124.88936,40.45981],[124.77195,40.38374],[124.71242,40.31925],[124.48101,40.18166],[124.38665,40.10427],[124.36216,40.00404]],[[130.52695,42.53539],[130.55413,42.47469],[130.618,42.4156],[130.65154,42.3725],[130.65795,42.32778],[130.68735,42.30253]],[[70.95797,40.23889],[70.89937,40.23457],[70.65308,40.20116],[70.60275,40.21413],[70.56585,40.26716],[70.53356,40.32449],[70.46994,40.34534],[70.39827,40.36136],[70.37155,40.38415],[70.36974,40.412],[70.37713,40.43924],[70.38256,40.4535],[70.5488,40.5628],[70.69835,40.66116],[70.71205,40.66909],[70.72564,40.6878],[70.75106,40.72175],[70.75101,40.73958],[70.63913,40.77855],[70.63479,40.79658],[70.65732,40.81508],[70.65732,40.83965],[70.57826,40.91146],[70.44147,41.02344],[70.40194,41.03509],[70.37269,41.02765],[70.319,40.91926],[70.29207,40.89172],[70.13627,40.8204],[70.00568,40.77144],[69.77319,40.68429],[69.71283,40.657],[69.67082,40.66196],[69.62844,40.67907],[69.49822,40.76707],[69.41388,40.79715],[69.35719,40.76738],[69.30939,40.72392],[69.31394,40.63475],[69.25999,40.58765],[69.2063,40.56657],[69.30423,40.32738],[69.29446,40.29656],[69.21958,40.28813],[69.27487,40.19809],[69.22826,40.1876],[69.11034,40.20873],[68.95174,40.22261],[68.65259,40.18266],[68.63067,40.16711],[68.62241,40.14727],[68.63972,40.1292],[68.78462,40.12711],[68.92688,40.13631],[68.96605,40.11957],[68.97205,40.08996],[68.95562,40.07135],[68.90849,40.0682],[68.80472,40.05032],[68.79273,40.03151],[68.78942,40.01332],[68.82446,39.96079],[68.86384,39.92733],[68.8688,39.90749],[68.85226,39.89095],[68.83242,39.88434],[68.79769,39.90914],[68.77785,39.90418],[68.76793,39.88186],[68.75821,39.85555],[68.73527,39.83622],[68.6869,39.8463],[68.63894,39.83886],[68.61031,39.74326],[68.58613,39.63495],[68.50696,39.56278],[68.46329,39.53671],[68.39906,39.52885],[68.30305,39.53769],[68.24496,39.54828],[68.07712,39.56415],[67.9086,39.59381],[67.71905,39.62138],[67.54247,39.55764],[67.49167,39.51875],[67.45953,39.4824],[67.4262,39.46558],[67.34962,39.24207],[67.35768,39.21668],[67.40036,39.1967],[67.61647,39.15027],[67.64836,39.13105],[67.66727,39.10919],[67.67652,39.0085],[67.6944,38.99465],[67.76851,38.98222],[67.87568,38.98302],[67.9596,38.99292],[68.04435,38.98362],[68.10347,38.96199],[68.13251,38.92765],[68.14853,38.89065],[68.04787,38.66929],[68.05598,38.58894],[68.08719,38.47354],[68.14414,38.38308],[68.25142,38.29451],[68.33307,38.23777],[68.35028,38.21105],[68.35452,38.16956],[68.34123,38.1168],[68.29405,38.03292],[68.23649,37.95965],[68.17406,37.92844],[68.08761,37.83544],[68.01097,37.72095],[67.86354,37.57068],[67.81434,37.48701],[67.79806,37.24496],[67.759,37.17223]],[[35.89267,35.91657],[35.96755,35.91006],[36.12734,35.83146],[36.15359,35.83386],[36.20196,35.93755],[36.24888,35.97269],[36.34753,36.00354],[36.37543,36.17126],[36.42148,36.20345],[36.47708,36.22068],[36.5624,36.22394],[36.63676,36.23396],[36.64146,36.26352],[36.53744,36.45741],[36.54664,36.50635],[36.59687,36.70135],[36.62839,36.7777],[36.65857,36.80256],[36.7766,36.79269],[36.94176,36.7584],[36.98532,36.70241],[37.06619,36.65265],[37.18743,36.6559],[37.32706,36.6466],[37.43635,36.64332],[37.52353,36.67833],[37.72037,36.7437],[37.81798,36.76556],[37.90666,36.79465],[38.1917,36.90155],[38.30591,36.89338],[38.38394,36.87925],[38.44378,36.86225],[38.57804,36.78912],[38.68888,36.71507],[38.76666,36.69313],[38.90649,36.69466],[39.10845,36.68055],[39.35659,36.68159],[39.50144,36.70223],[39.6865,36.73864],[40.0164,36.82605],[40.45038,37.00888],[40.70571,37.09771],[40.81558,37.10818],[40.95887,37.10916],[41.10217,37.0859],[41.26459,37.06931],[41.33958,37.07079],[41.51553,37.08918],[41.74353,37.12611],[41.88683,37.15639],[42.05989,37.20605],[42.1679,37.28863],[42.20267,37.29726],[42.24753,37.28225],[42.26851,37.27659],[42.31285,37.22961],[42.359,37.10859]],[[35.45053,31.47932],[35.42288,31.32538],[35.4235,31.32483],[35.40066,31.2305],[35.40965,31.21445],[35.43932,31.13242],[35.38304,30.98227],[35.32015,30.86018],[35.29783,30.80225],[35.23664,30.67348],[35.17406,30.52392],[35.14062,30.42091],[35.14817,30.38432],[35.13267,30.19532],[35.14161,30.14167],[35.06817,29.97786],[35.05345,29.89693],[35.02394,29.78707],[34.9734,29.55502]],[[35.55145,32.39552],[35.57202,32.23788],[35.53471,32.103],[35.53151,31.98492],[35.559,31.76553],[35.49947,31.67238],[35.46546,31.56236],[35.45053,31.47932]],[[35.61124,32.68206],[35.5945,32.66801],[35.57285,32.64085],[35.56902,32.61987],[35.55145,32.39552]],[[87.93337,27.89083],[87.86071,27.8861],[87.68274,27.8214],[87.62259,27.8152],[87.55531,27.82184],[87.46415,27.82383],[87.29072,27.82192],[87.14138,27.83833],[87.02009,27.92866],[86.93385,27.96847],[86.84238,27.99917],[86.75039,28.02209],[86.71965,28.07064],[86.6905,28.09493],[86.61443,28.10301],[86.55454,28.08521],[86.51692,27.96351],[86.48493,27.93953],[86.40871,27.92866],[86.32861,27.95953],[86.21792,28.02209],[86.1742,28.0917],[86.137,28.11433],[86.0787,28.08358],[86.0755,27.99457],[86.06413,27.9347],[85.99458,27.91042],[85.95411,27.92822],[85.92171,27.98971],[85.84027,28.13536],[85.75945,28.22066],[85.67832,28.27745],[85.41063,28.27603],[85.21214,28.29264],[85.12243,28.31595],[85.08858,28.37227],[85.12145,28.48426],[85.16011,28.57185],[85.15907,28.59223],[85.12631,28.60265],[85.06915,28.60967],[84.85511,28.55361],[84.79687,28.56022],[84.75941,28.57924],[84.71424,28.59554],[84.67678,28.62154],[84.65063,28.65954],[84.46547,28.75292],[84.4108,28.80393],[84.31215,28.86811],[84.22869,28.91175],[84.17557,29.03639],[84.12782,29.15631],[84.10136,29.21997],[84.02198,29.25387],[83.93599,29.27951],[83.79047,29.22742],[83.67105,29.18762],[83.58351,29.18359],[83.45669,29.30633],[83.3552,29.43913],[83.23521,29.5546],[83.15542,29.61266],[83.01393,29.61809],[82.8543,29.68338],[82.64083,29.8312],[82.48657,29.94148],[82.22065,30.06385],[82.15894,30.11517],[82.13538,30.15899],[82.09895,30.24508],[82.0434,30.32678],[81.85488,30.36241],[81.64192,30.38753],[81.41713,30.33761],[81.25512,30.09331]],[[95.05981,26.47399],[95.05087,26.34728],[95.06896,26.19114],[95.10844,26.09143],[95.12932,26.0704],[95.13247,26.04125],[95.09293,25.9873],[95.04074,25.94131],[95.01521,25.91294],[94.99196,25.77047],[94.94576,25.70024],[94.86111,25.5972],[94.78587,25.51932],[94.66774,25.45886],[94.62289,25.41003],[94.57994,25.31985],[94.55442,25.24345],[94.55302,25.21572],[94.56651,25.19151],[94.61565,25.16459],[94.67529,25.13857],[94.70376,25.09785],[94.70758,25.04876],[94.6633,24.93098],[94.58408,24.76725],[94.49318,24.63764],[94.39944,24.51406],[94.37727,24.47375],[94.29304,24.32187],[94.21971,24.11318],[94.17025,23.97265],[94.12767,23.87648],[94.07475,23.87208],[94.01083,23.90293],[93.85549,23.94391],[93.75586,23.97691],[93.68336,24.00652],[93.63328,24.00536],[93.56404,23.98608],[93.49381,23.97285],[93.45216,23.9874],[93.35557,24.07411],[93.32627,24.06419],[93.30736,24.02187],[93.37252,23.77416],[93.41495,23.6821],[93.40808,23.52805],[93.39128,23.33917],[93.36601,23.13252],[93.34937,23.08495],[93.30803,23.03038],[93.25346,23.0155],[93.20385,23.03699],[93.16416,23.03203],[93.15094,22.99731],[93.16251,22.90796],[93.11424,22.80571],[93.07869,22.71823],[93.0882,22.63324],[93.10505,22.5471],[93.16199,22.36019],[93.16241,22.2919],[93.15114,22.23063],[93.12148,22.20518],[93.07058,22.20942],[93.04298,22.18399],[93.02195,22.14568],[92.96454,22.00377],[92.90945,21.98892],[92.85431,22.01013],[92.77142,22.1048],[92.72099,22.13245],[92.68895,22.13097],[92.67468,22.10599],[92.65262,22.0493],[92.63035,22.01132],[92.5749,21.97809]],[[100.1225,20.31664],[100.00364,20.37958],[99.95424,20.41545],[99.89037,20.42441],[99.82526,20.38449],[99.77337,20.34129],[99.72015,20.32543],[99.6387,20.32046],[99.53163,20.34284],[99.45887,20.36305],[99.44797,20.35207],[99.4875,20.26062],[99.50166,20.18773],[99.4859,20.14986],[99.45153,20.11831],[99.39924,20.09345],[99.33795,20.07893],[99.28369,20.0804],[99.19692,20.11516],[99.13078,20.1166],[99.07419,20.09937],[99.03977,20.07366],[99.02065,20.04177],[98.98737,19.8614],[98.95797,19.80494],[98.91673,19.7729],[98.8758,19.76959],[98.81953,19.77848],[98.76062,19.77107],[98.49386,19.70133],[98.45495,19.69446],[98.37129,19.68919],[98.29367,19.68725],[98.23905,19.69068],[98.11105,19.76215],[98.04903,19.76975],[98.01503,19.74949],[97.99126,19.65371],[97.91643,19.59286],[97.8168,19.45998],[97.79349,19.26585],[97.80388,19.13049],[97.71417,18.99646],[97.70606,18.93179],[97.75401,18.62083],[97.74585,18.58817],[97.72771,18.57202],[97.67159,18.56124],[97.57733,18.52871],[97.51511,18.49773],[97.48493,18.49422],[97.39703,18.51753],[97.37393,18.51797],[97.38065,18.4943],[97.45083,18.35966],[97.52379,18.29589],[97.59934,18.30297],[97.63226,18.29036],[97.62244,18.25803],[97.65159,18.17372],[97.7197,18.0374],[97.73996,17.93531],[97.69856,17.83354],[97.70642,17.7971],[97.72905,17.77582],[97.79303,17.68125],[97.92935,17.5333],[98.06309,17.37331],[98.17461,17.23988],[98.25657,17.14764],[98.43888,16.97566],[98.47118,16.89504],[98.4781,16.73223],[98.52311,16.63816],[98.56471,16.57093],[98.59365,16.51481],[98.66078,16.33043],[98.68931,16.30541],[98.83545,16.41755],[98.86934,16.39419],[98.88826,16.3519],[98.88852,16.2981],[98.86552,16.23704],[98.81793,16.1808],[98.59236,16.05067],[98.57396,15.93861],[98.55815,15.76862],[98.55448,15.55975],[98.56528,15.40356],[98.55696,15.36767],[98.53727,15.35069],[98.45216,15.35736],[98.32943,15.27858],[98.28612,15.2716],[98.23228,15.24134],[98.19104,15.20408],[98.17791,15.1474],[98.2021,14.97593],[98.24602,14.81475],[98.33212,14.69649],[98.40023,14.60299],[98.495,14.47289],[98.57004,14.35993],[98.72119,14.23572],[98.93363,14.04984],[99.01466,13.94716],[99.08623,13.82277],[99.13682,13.71668],[99.15605,13.57576],[99.1717,13.4969],[99.1762,13.23304],[99.13713,13.173],[99.10737,13.10354],[99.1239,13.03078],[99.17351,12.96133],[99.17351,12.88195],[99.21981,12.73974],[99.29733,12.65287],[99.37195,12.59422],[99.40502,12.54792],[99.39427,12.47361],[99.41634,12.39483],[99.43241,12.30902],[99.4629,12.19021],[99.52295,12.08968],[99.61473,11.78119],[99.6125,11.74967],[99.57287,11.68714],[99.5152,11.63069],[99.47794,11.6125],[99.44264,11.55438],[99.35882,11.38943],[99.19015,11.10527],[99.02536,10.91995],[98.88712,10.78833],[98.78687,10.70844],[98.75721,10.66095],[98.75726,10.62359],[98.77535,10.55703],[98.76837,10.43084],[98.74692,10.35084],[98.71845,10.26601],[98.70253,10.19039]],[[103.0912,18.13825],[103.09234,18.1414],[103.09038,18.13706],[103.0912,18.13825]],[[103.0912,18.13825],[103.14852,18.22173],[103.19967,18.25945],[103.26319,18.27847],[103.27962,18.30498],[103.24892,18.33898],[103.25171,18.37348],[103.28825,18.40841],[103.36695,18.42332],[103.48798,18.41815],[103.62968,18.38255],[103.79225,18.31648],[103.89886,18.29529],[103.94955,18.31901],[104.04872,18.21672],[104.1962,17.98836],[104.32266,17.81581],[104.42818,17.69897],[104.53923,17.60929],[104.65592,17.54673],[104.73968,17.46167],[104.81606,17.30029],[104.75901,17.07715],[104.74351,16.88437],[104.75064,16.64754],[104.81937,16.46608],[104.9499,16.33993],[105.02577,16.238],[105.04716,16.16025],[105.14875,16.09354],[105.33066,16.03791],[105.40631,15.98745],[105.37561,15.94218],[105.37319,15.88968],[105.39892,15.82986],[105.46202,15.78041],[105.56237,15.74126],[105.62211,15.69997],[105.64102,15.65654],[105.63891,15.58595],[105.61565,15.48825],[105.57374,15.41322],[105.51318,15.36087],[105.50584,15.31961],[105.49044,15.25659],[105.49044,15.1276],[105.53343,15.04161],[105.54666,14.93247],[105.5231,14.84331],[105.50021,14.66122],[105.49737,14.59069],[105.47556,14.53012],[105.42269,14.47162],[105.34213,14.41669],[105.24363,14.36786],[105.18333,14.34626]],[[100.1225,20.31664],[100.11495,20.25768],[100.13976,20.24543],[100.17412,20.27277],[100.21805,20.33959],[100.266,20.37731],[100.31799,20.38589],[100.37313,20.34036],[100.43152,20.24073],[100.49157,20.18409],[100.51948,20.17792],[100.53994,20.13236],[100.54304,20.0887],[100.51452,19.99635],[100.46625,19.88892],[100.39762,19.75611],[100.42015,19.64449],[100.51359,19.55348],[100.62547,19.49984],[100.74391,19.51475],[100.8068,19.54193],[100.85816,19.58506],[100.90602,19.60537],[100.96648,19.61079],[101.15463,19.57922],[101.21194,19.54834],[101.22078,19.48661],[101.19758,19.32792],[101.22662,19.21154],[101.2799,19.08891],[101.2863,18.97714],[101.22052,18.79275],[101.16554,18.61829],[101.10631,18.53355],[101.06043,18.47903],[101.04694,18.44197],[101.05061,18.40704],[101.09278,18.35454],[101.13753,18.28687],[101.14874,18.22214],[101.14393,18.14261],[101.11324,18.03353],[100.99898,17.79718],[100.9085,17.58386],[100.95588,17.54113],[101.04575,17.50997],[101.10518,17.47953],[101.1675,17.49901],[101.29969,17.62502],[101.41369,17.71874],[101.55502,17.81235],[101.56365,17.82052],[101.68747,17.8894],[101.74411,17.9527],[101.7748,18.03342],[101.81862,18.06463],[101.87547,18.04642],[101.94745,18.08148],[102.03458,18.16985],[102.1015,18.21065],[102.14821,18.20388],[102.23167,18.14897],[102.35187,18.04593],[102.45879,17.98464],[102.55253,17.96511],[102.59821,17.92676],[102.59604,17.86961],[102.61682,17.83333],[102.66064,17.81796],[102.68007,17.82411],[102.67521,17.85175],[102.71764,17.89224],[102.80745,17.94557],[102.89866,17.97689],[102.99137,17.98624],[103.05131,18.02851],[103.0912,18.13825]],[[101.13892,21.56747],[101.08037,21.46866],[100.92751,21.36622],[100.81951,21.3142],[100.75662,21.31265],[100.70314,21.25139],[100.65921,21.13039],[100.61368,21.05934],[100.56666,21.03817],[100.53617,20.99239],[100.52222,20.92193],[100.54935,20.88423],[100.61766,20.87927],[100.62293,20.85955],[100.56516,20.82511],[100.49333,20.81299],[100.40744,20.82323],[100.3261,20.79568],[100.24931,20.73026],[100.18389,20.5891],[100.12963,20.37222],[100.1225,20.31664]],[[97.50209,28.45632],[97.5379,28.51022],[97.59924,28.51704],[97.65888,28.50002],[97.69464,28.46935],[97.73009,28.4071],[97.76905,28.35615],[97.81649,28.35633],[97.86496,28.36359],[97.8876,28.35649],[97.93405,28.31383],[98.02232,28.21153],[98.06164,28.18588],[98.09895,28.14226],[98.11838,28.05524],[98.13048,27.9676],[98.24106,27.66317],[98.27419,27.59909],[98.29884,27.5501],[98.35046,27.53809],[98.39242,27.58708],[98.40886,27.63948],[98.45252,27.65723],[98.50451,27.64767],[98.5998,27.59883],[98.65117,27.57245],[98.6768,27.42192],[98.68238,27.24531],[98.67484,27.19064],[98.71649,27.04494],[98.72951,26.8774],[98.7385,26.78576],[98.73938,26.69816],[98.73189,26.58342],[98.70946,26.4297],[98.67184,26.29855],[98.68558,26.18936],[98.66316,26.13944],[98.572,26.11407],[98.56409,26.07241],[98.59102,26.00368],[98.65463,25.91777],[98.65628,25.86356],[98.62538,25.82669],[98.55836,25.82326],[98.46555,25.78887],[98.40167,25.67797],[98.33382,25.58678],[98.29662,25.56883],[98.17254,25.59451],[98.14288,25.5711],[98.09957,25.41571],[98.06407,25.34897],[98.01074,25.29251],[97.96201,25.25931],[97.91798,25.23613],[97.81949,25.25184],[97.76735,25.15805],[97.71495,25.03434],[97.71076,24.97036],[97.73794,24.86988],[97.72389,24.842],[97.67066,24.82011],[97.58327,24.77482],[97.52938,24.63118],[97.53144,24.49168],[97.56328,24.44386],[97.62358,24.42293],[97.66663,24.37996],[97.67071,24.31273],[97.70818,24.22875],[97.69061,24.1308],[97.56829,23.98848],[97.56457,23.91105],[97.62963,23.88715],[97.68606,23.89808],[97.75562,23.93187],[97.83768,23.98629],[98.01689,24.06546],[98.21254,24.11062],[98.36726,24.11902],[98.49944,24.11569],[98.56414,24.09884],[98.58342,24.0698],[98.76439,24.11607],[98.80237,24.11868],[98.83508,24.12121],[98.834,24.09057],[98.7016,23.96407],[98.67675,23.9051],[98.68088,23.8418],[98.73509,23.7831],[98.7877,23.73785],[98.83224,23.62437],[98.79788,23.52042],[98.81974,23.48255],[98.85886,23.44009],[98.88257,23.38033],[98.88557,23.30747],[98.86376,23.19125],[99.05507,23.13058],[99.22028,23.10335],[99.34084,23.0959],[99.41805,23.06926],[99.46455,23.04624],[99.49727,23.00462],[99.50714,22.95914],[99.46678,22.92728],[99.38518,22.82512],[99.33826,22.68869],[99.34322,22.58653],[99.33769,22.49806],[99.24307,22.37037],[99.20534,22.28257],[99.17238,22.1925],[99.17341,22.15332],[99.19299,22.12599],[99.23335,22.11018],[99.30312,22.10062],[99.38864,22.11079],[99.59271,22.08914],[99.82536,22.04969],[99.9177,22.02801],[99.94788,21.98832],[99.94039,21.90161],[99.92561,21.82081],[99.9407,21.75872],[99.97822,21.70162],[100.04126,21.68276],[100.09552,21.66067],[100.10576,21.61705],[100.08927,21.55791],[100.11676,21.51117],[100.14761,21.48052],[100.21474,21.46298],[100.35055,21.50101],[100.44568,21.48406],[100.53136,21.4581],[100.60459,21.47177],[100.67709,21.50494],[100.83512,21.65516],[101.0194,21.73637],[101.07975,21.75586],[101.12068,21.74611],[101.13081,21.73557],[101.12817,21.70511],[101.14729,21.58163],[101.13892,21.56747]],[[102.12744,22.3792],[102.18305,22.28404],[102.30138,22.17816],[102.44267,22.02713],[102.48747,21.95776],[102.5825,21.90432],[102.60969,21.85174],[102.63129,21.77133],[102.64079,21.71144],[102.66198,21.67604],[102.69536,21.66209],[102.73857,21.67795],[102.77107,21.70966],[102.7982,21.79795],[102.81593,21.80738],[102.84523,21.73477],[102.87623,21.72229],[102.91768,21.71294],[102.94961,21.68136],[102.95923,21.62623],[102.94858,21.56979],[102.90962,21.50634],[102.8875,21.43996],[102.8723,21.33751],[102.85122,21.26594],[102.88378,21.20261],[103.10444,20.89165],[103.21079,20.84064],[103.46359,20.77984],[103.55464,20.73786],[103.63505,20.69708],[103.71442,20.71693],[103.79049,20.80953],[103.88201,20.86141],[104.05203,20.9412],[104.10133,20.94549],[104.19532,20.91394],[104.34963,20.82108],[104.46141,20.73375],[104.53039,20.68796],[104.58321,20.6467],[104.57525,20.60024],[104.53272,20.55487],[104.47862,20.5296],[104.40787,20.48573],[104.36782,20.44139],[104.39221,20.42477],[104.49618,20.41366],[104.61886,20.37449],[104.65649,20.3285],[104.66196,20.28899],[104.6769,20.22471],[104.69876,20.20533],[104.81265,20.21683],[104.84779,20.20246],[104.88862,20.1691],[104.92918,20.08281],[104.92789,20.01813],[104.84578,19.94718],[104.81513,19.90403],[104.8018,19.83615],[104.7432,19.75474],[104.58786,19.61875],[104.54631,19.61056],[104.25987,19.68552],[104.12711,19.68084],[104.06283,19.67844],[104.03198,19.67513],[104.01342,19.64648],[104.05151,19.56415],[104.06293,19.48258],[104.02753,19.42047],[103.93203,19.36608],[103.89638,19.33998],[103.89162,19.30497],[103.91839,19.26851],[104.00634,19.23092],[104.10861,19.19557],[104.4458,18.98383],[104.51794,18.93406],[104.61328,18.86063],[104.71653,18.8034],[104.99311,18.72831],[105.11517,18.67886],[105.14648,18.65098],[105.1454,18.6168],[105.11351,18.57303],[105.087,18.49624],[105.08581,18.45011],[105.11455,18.40528],[105.16322,18.33873],[105.27319,18.23537],[105.3335,18.18964],[105.40001,18.17925],[105.45825,18.15429],[105.51855,18.07745],[105.58852,17.98371],[105.59762,17.91829],[105.62728,17.83442],[105.69146,17.73786],[105.77952,17.64445],[105.90277,17.52865],[105.97356,17.447],[106.00627,17.41527],[106.26951,17.21678],[106.33339,17.14368],[106.42599,17.00253],[106.46537,16.98186],[106.50226,16.95408],[106.52593,16.87662],[106.53368,16.82104],[106.54619,16.65074],[106.59363,16.60007],[106.6375,16.53796],[106.65647,16.49261],[106.6961,16.459],[106.73956,16.45254],[106.79155,16.49031],[106.83237,16.52628],[106.85108,16.51561],[106.89273,16.39652],[106.93066,16.35311],[107.00198,16.31182],[107.06978,16.27983],[107.21736,16.13635],[107.29643,16.08403],[107.35007,16.06739],[107.39637,16.043],[107.41012,15.99784],[107.39203,15.95164],[107.36061,15.92172],[107.18884,15.83862],[107.16589,15.8025],[107.18956,15.74726],[107.23261,15.67806],[107.27943,15.61871],[107.3388,15.5605],[107.45952,15.46583],[107.56432,15.39162],[107.62168,15.30987],[107.65315,15.25522],[107.63367,15.18985],[107.58969,15.11843],[107.55533,15.05704],[107.49631,15.02144],[107.48034,14.97986],[107.50463,14.91594],[107.52448,14.87183],[107.51378,14.81739],[107.51941,14.7051]],[[27.40332,5.1092],[27.11497,5.19785],[27.07182,5.19974],[27.0206,5.18439],[26.87007,5.07566],[26.82206,5.06238],[26.76754,5.07194],[26.63257,5.08522],[26.17352,5.17116],[25.81995,5.25371],[25.71391,5.28371],[25.52509,5.31213],[25.40013,5.25591],[25.28314,5.06269],[25.24934,5.02455],[25.06522,4.96742],[24.9784,4.98295],[24.7655,4.93009],[24.43709,5.00998],[24.31979,4.99417],[24.2277,4.95386],[23.99169,4.86627],[23.84845,4.81635],[23.68179,4.77082],[23.52361,4.70129],[23.41716,4.66313],[23.31292,4.66354],[23.21882,4.70297],[23.11588,4.73692],[22.99289,4.74387],[22.86458,4.72387],[22.75575,4.64669],[22.71167,4.59176],[22.6172,4.44557],[22.50563,4.20768],[22.46181,4.15975],[22.44967,4.15512],[22.42213,4.13494],[21.90815,4.2539],[21.68698,4.28139],[21.53763,4.24481],[21.3502,4.31137],[21.2684,4.3231],[21.22974,4.30222],[21.12556,4.33219],[20.95575,4.41312],[20.79297,4.4473],[20.64745,4.43562],[20.55811,4.4627],[20.48648,4.54153],[20.39352,4.68617],[20.22634,4.82963],[20.00238,4.94471],[19.86249,5.0313],[19.80657,5.08933],[19.68606,5.12139],[19.50096,5.12749],[19.3234,5.07075],[19.06853,4.89141],[18.83175,4.52344],[18.69992,4.3826],[18.59419,4.34622],[18.56748,4.25757],[18.61988,4.11662],[18.63373,3.95428],[18.59673,3.67869],[18.61032,3.47844]],[[30.55362,-2.40011],[30.53372,-2.42626],[30.442,-2.61343],[30.42422,-2.6416],[30.43435,-2.65885],[30.47337,-2.69431],[30.45047,-2.75327],[30.44127,-2.76908],[30.42401,-2.82407],[30.43347,-2.8745],[30.45554,-2.89321],[30.51507,-2.91755],[30.60426,-2.93527],[30.70948,-2.97723],[30.78027,-2.98488],[30.79691,-3.01516],[30.7936,-3.06932],[30.81112,-3.1164],[30.81143,-3.20058],[30.79024,-3.27458],[30.68178,-3.30941],[30.62607,-3.34734],[30.61098,-3.36636],[30.62462,-3.38868],[30.63191,-3.41865],[30.5299,-3.49245],[30.42505,-3.58888],[30.40004,-3.65388],[30.37916,-3.73078],[30.34846,-3.77982],[30.26857,-3.85051],[30.18713,-3.99288],[30.14713,-4.08538],[29.9473,-4.30728],[29.76948,-4.41808],[29.7178,-4.45585],[29.4032,-4.44929]],[[29.01438,-2.72019],[29.01413,-2.75828],[29.01661,-2.79962],[29.06472,-2.85078],[29.15319,-2.95527],[29.2244,-3.05351],[29.22605,-3.13872],[29.21231,-3.2813],[29.21008,-3.36331],[29.21716,-3.47571],[29.21675,-3.68494],[29.21184,-3.83382],[29.22326,-3.91087],[29.33137,-4.09541],[29.37917,-4.29974],[29.4032,-4.44929]],[[29.57693,-1.38787],[29.53776,-1.40973],[29.468,-1.46808],[29.40196,-1.5074],[29.35162,-1.51753],[29.26812,-1.62161],[29.19659,-1.71995],[29.14326,-1.81607],[29.12936,-1.86025],[29.14063,-1.98453],[29.14802,-2.13186],[29.13153,-2.19516],[29.10647,-2.23325],[28.98958,-2.31278],[28.91274,-2.37029],[28.87641,-2.40032],[28.85765,-2.44667],[28.89145,-2.55555],[28.89398,-2.63508],[28.92178,-2.68206],[29.01438,-2.72019]],[[35.26832,5.4923],[35.25245,5.51103],[35.1645,5.58121],[35.08192,5.67314],[35.0319,5.77489],[34.98358,5.85832],[34.95903,6.04506],[34.89785,6.15981],[34.83806,6.30013],[34.74923,6.56787],[34.71068,6.66032],[34.63874,6.72215],[34.56278,6.77984],[34.48434,6.89839],[34.27928,7.00283],[34.20042,7.08458],[34.06421,7.22574],[34.0302,7.29697],[34.02038,7.36797],[33.97796,7.43459],[33.90246,7.50954],[33.66609,7.67098],[33.60098,7.69041],[33.51633,7.70777],[33.39226,7.72372],[33.22601,7.76066],[33.08075,7.82371],[33.01466,7.86856],[32.9989,7.89952],[33.01259,7.95151],[33.0652,8.04049],[33.16524,8.25107],[33.23428,8.39639],[33.2811,8.43726],[33.40936,8.44773],[33.54532,8.44341],[33.6448,8.43259],[33.78505,8.43111],[33.95331,8.44349],[34.01976,8.49209],[34.07278,8.54527],[34.09459,8.58224],[34.10172,8.67634],[34.10162,8.75187],[34.09103,9.04126],[34.08457,9.21851],[34.07712,9.42098],[34.07808,9.46074]],[[22.86008,10.91967],[22.81735,10.92719],[22.73017,10.95403],[22.62408,10.97737],[22.49385,10.99623],[22.36983,10.95153],[22.23588,10.89417],[22.19361,10.85138],[22.1563,10.82606],[22.09713,10.83009],[22.04313,10.82273],[22.01378,10.78203],[21.96479,10.73666],[21.77152,10.64281],[21.7307,10.60871],[21.70651,10.57478],[21.70651,10.53791],[21.72615,10.46164],[21.72578,10.36655],[21.68269,10.28984],[21.63272,10.23826],[21.57577,10.21855],[21.52802,10.20783],[21.49686,10.17571],[21.39604,10.00138],[21.35242,9.96916],[21.26385,9.97458],[21.00945,9.71323],[20.98418,9.63626],[20.89106,9.52717],[20.77323,9.40568],[20.66812,9.34713],[20.65965,9.3245],[20.63143,9.30134],[20.56689,9.27494],[20.3421,9.12709],[20.07271,9.13319],[19.95354,9.07516],[19.83773,9.04935],[19.66839,9.0209],[19.61749,9.02358],[19.40029,9.01159],[19.14553,9.01599],[19.04786,8.99501],[18.95629,8.93889],[18.88828,8.88974],[18.87836,8.87318],[18.88859,8.85251],[18.88601,8.83605],[19.06419,8.71544],[19.10868,8.65614],[19.06388,8.59883],[19.04244,8.59028],[19.0398,8.58692],[19.01086,8.54121],[18.90647,8.40509],[18.74741,8.24379],[18.66623,8.19772],[18.63362,8.16775],[18.59161,8.0608],[18.56417,8.04592],[18.45503,8.03202],[18.23892,8.02036],[17.94012,7.98546],[17.76081,7.97383],[17.64939,7.9836],[17.49271,7.90983],[17.43638,7.89091],[17.40212,7.88456],[17.24694,7.81299],[17.11795,7.70191],[17.07201,7.68082],[16.89037,7.63367],[16.81813,7.55732],[16.78474,7.55096],[16.66837,7.65175],[16.58894,7.74335],[16.55018,7.8359],[16.54528,7.86546],[16.52326,7.85993],[16.45939,7.81901],[16.40435,7.77237],[16.37888,7.68356],[16.19108,7.62344],[16.03068,7.57212],[15.95761,7.50755],[15.84506,7.47531],[15.7013,7.48843],[15.58926,7.51504],[15.48007,7.52378]],[[13.29359,2.16157],[13.26992,2.22421],[13.22031,2.25645],[13.13081,2.25942],[12.86751,2.24679],[12.66572,2.25679],[12.60133,2.26503],[12.52976,2.28136],[12.36129,2.29598],[12.1534,2.28436],[12.10611,2.28751],[11.93977,2.28516],[11.55902,2.30219],[11.34838,2.2997],[11.35334,2.26141],[11.33996,2.23382],[11.32875,2.16741]],[[11.13015,-3.9163],[11.18999,-3.76199],[11.23449,-3.69078],[11.28834,-3.64107],[11.50434,-3.52035],[11.53679,-3.52495],[11.68573,-3.682],[11.73342,-3.6945],[11.78644,-3.69027],[11.84913,-3.69672],[11.87993,-3.66593],[11.88478,-3.62541],[11.83941,-3.58004],[11.8329,-3.53141],[11.86473,-3.4786],[11.88277,-3.4202],[11.92933,-3.35101],[11.93419,-3.31856],[11.88509,-3.28316],[11.78438,-3.22911],[11.71539,-3.17691],[11.68903,-3.12699],[11.70805,-3.06312],[11.76345,-3.01124],[11.76014,-2.98312],[11.71136,-2.93651],[11.6757,-2.88665],[11.63911,-2.85538],[11.53783,-2.83667],[11.55715,-2.7696],[11.59452,-2.671],[11.60346,-2.59545],[11.57524,-2.39706],[11.57772,-2.36094],[11.60542,-2.3426],[11.66588,-2.36456],[11.72676,-2.39474],[11.89243,-2.35143],[11.95031,-2.34482],[11.99826,-2.38285],[12.06441,-2.41262],[12.4464,-2.32993],[12.45384,-2.2456],[12.4757,-2.16922],[12.47855,-2.11201],[12.46263,-2.07527],[12.44372,-2.04758],[12.43245,-1.99032],[12.43214,-1.92893],[12.46868,-1.89999],[12.59048,-1.82681],[12.62841,-1.8296],[12.71367,-1.86945],[12.79351,-1.93182],[12.86447,-2.06323],[12.91356,-2.17625],[12.992,-2.31335],[13.15861,-2.36911],[13.35736,-2.40481],[13.46495,-2.39541],[13.61853,-2.27857],[13.7056,-2.18751],[13.73382,-2.13847],[13.78436,-2.16374],[13.84156,-2.28369],[13.87846,-2.33019],[13.88771,-2.37453],[13.86182,-2.42993],[13.88688,-2.46538],[13.99385,-2.49065],[14.08744,-2.46688],[14.12976,-2.41799],[14.19979,-2.35422],[14.2004,-2.30063],[14.16284,-2.26555],[14.16284,-2.21754],[14.2018,-2.17987],[14.23968,-2.07672],[14.25146,-2.00148],[14.28841,-1.95347],[14.35859,-1.92024],[14.38396,-1.89007],[14.42323,-1.71158],[14.40292,-1.64693],[14.40292,-1.59339],[14.44721,-1.52507],[14.45558,-1.41319],[14.43688,-1.22979],[14.42406,-1.10386],[14.41062,-0.97208],[14.44489,-0.79881],[14.48059,-0.61831],[14.47408,-0.57345],[14.42468,-0.51868],[14.36381,-0.4686],[14.20676,-0.42731],[14.14837,-0.36189],[14.10284,-0.29233],[14.06946,-0.27011],[13.89799,-0.24262],[13.86006,-0.20335],[13.87546,-0.0908],[13.89066,0.07529],[13.88461,0.19084],[13.91515,0.28396],[13.94962,0.35383],[14.02533,0.42773],[14.06553,0.51501],[14.08754,0.53656],[14.231,0.55113],[14.28309,0.58746],[14.32422,0.6242],[14.34148,0.67381],[14.39068,0.75572],[14.43445,0.81147],[14.4392,0.8491],[14.42985,0.90144],[14.38644,1.00443],[14.33445,1.09022],[14.30303,1.12086],[14.23973,1.32255],[14.18087,1.3702],[14.0662,1.39588],[13.85133,1.41875],[13.72116,1.38229],[13.52334,1.3146],[13.37234,1.26778],[13.27411,1.24101],[13.21628,1.24845],[13.19013,1.27925],[13.22837,1.3054],[13.24739,1.36669],[13.22279,1.45461],[13.18455,1.53505],[13.16274,1.64812],[13.17215,1.78857],[13.20946,1.9204],[13.28863,2.09171],[13.29359,2.16157]],[[15.48007,7.52378],[15.53247,7.60442],[15.55267,7.66449],[15.55784,7.73803],[15.54978,7.7879],[15.48446,7.81275],[15.44302,7.85187],[15.34907,8.08385],[15.25238,8.32239],[15.11622,8.55731],[14.96801,8.70727],[14.86078,8.79864],[14.82631,8.81031],[14.77127,8.83915],[14.73278,8.86566],[14.53609,9.02524],[14.33228,9.20352],[14.28009,9.28507],[14.17793,9.40648],[14.06419,9.53172],[14.00497,9.58872],[13.97727,9.69155],[14.05597,9.78436],[14.13979,9.9018],[14.2433,9.97975],[14.37724,9.98505],[14.59795,9.95309],[14.83582,9.94172],[15.07157,9.96595],[15.13275,9.98285],[15.19316,9.98151],[15.32003,9.95428],[15.54089,9.96032],[15.65484,10.00781],[15.5319,10.08848],[15.39992,10.2169],[15.27605,10.35738],[15.20096,10.48453],[15.13223,10.6485],[15.06867,10.85107],[15.02992,11.11366],[15.03575,11.26252],[15.05544,11.36856],[15.122,11.54126],[15.07803,11.6426],[15.08769,11.72435],[15.08128,11.8455],[15.05989,11.90713],[14.97385,12.10836],[14.95674,12.13035],[14.88067,12.26938],[14.84708,12.50208],[14.76125,12.65561],[14.62327,12.72992],[14.54478,12.82023],[14.51625,12.97975],[14.46168,13.02179],[14.24485,13.07737],[14.06393,13.0785]],[[14.06393,13.0785],[14.1601,12.61277],[14.17033,12.52407],[14.17762,12.4841],[14.1849,12.4472],[14.19746,12.38379],[14.27285,12.35651],[14.41538,12.34413],[14.51894,12.29827],[14.58095,12.22204],[14.58705,12.20944],[14.61971,12.15099],[14.62715,12.10869],[14.61821,11.98661],[14.59738,11.82982],[14.56183,11.72872],[14.58167,11.59118],[14.57542,11.53242],[14.55976,11.49227],[14.4961,11.44612],[14.40949,11.40119],[14.20237,11.26815],[14.14325,11.24854],[14.05674,11.245],[13.9814,11.21185],[13.8921,11.1401],[13.69987,10.87313],[13.53533,10.60506],[13.47848,10.38324],[13.41451,10.17145],[13.26987,10.03618],[13.24977,9.96006],[13.24372,9.91593],[13.23881,9.81403],[13.22119,9.64515],[13.19876,9.56376],[13.17545,9.53962],[13.01939,9.48831],[12.92948,9.42625],[12.87568,9.30354],[12.85599,9.17073],[12.82447,9.01945],[12.80654,8.88662],[12.78225,8.81786],[12.73114,8.74564],[12.65156,8.66777],[12.58273,8.62412],[12.40351,8.59555],[12.31132,8.41975],[12.23339,8.28234],[12.23112,8.22738],[12.15598,7.94249],[12.02519,7.72777],[12.01661,7.65199],[12.01604,7.58974],[11.85243,7.40074],[11.80918,7.34506],[11.76737,7.27224],[11.80861,7.20194],[11.85476,7.13796],[11.86143,7.11641],[11.78701,7.05621],[11.65751,6.95157],[11.58005,6.88886],[11.563,6.85462],[11.55168,6.69727],[11.52915,6.65505],[11.47757,6.5974],[11.40176,6.53392],[11.32461,6.48467],[11.23728,6.45054],[11.15336,6.43793],[11.10648,6.45772],[11.07967,6.50552],[11.03254,6.69789],[11.00866,6.73912],[10.9542,6.77654],[10.8465,6.8818],[10.73757,6.98831],[10.60621,7.06308],[10.57809,7.05771],[10.55639,7.03745],[10.51908,6.93046],[10.48234,6.89126],[10.41314,6.87772],[10.2931,6.87674],[10.20551,6.89159],[10.18556,6.91281],[10.16773,6.95916],[10.1436,6.99642],[10.0389,6.92141],[9.87426,6.80325],[9.82072,6.78393],[9.77985,6.76018],[9.72564,6.64998],[9.65991,6.53198],[9.57402,6.47041],[9.4902,6.41863],[9.44214,6.37338],[9.37336,6.31964],[9.23874,6.18611],[9.06015,6.00906],[8.99716,5.91773],[8.93504,5.78099],[8.89882,5.62968],[8.85913,5.46375],[8.80094,5.19743],[8.71557,5.04688],[8.64054,4.92699],[8.58514,4.83283],[8.55589,4.75521]],[[3.59542,11.69629],[3.65314,11.73184],[3.66472,11.76243],[3.64735,11.79964],[3.61842,11.82775],[3.6118,11.88729],[3.62007,11.92697],[3.64064,11.97038],[3.63252,12.06156],[3.63418,12.20161],[3.64384,12.40526],[3.64668,12.52998],[3.76921,12.62218],[3.9479,12.77503],[4.03875,12.93466],[4.08738,13.05548],[4.14753,13.45773],[4.19078,13.48212],[4.24215,13.50106],[4.42141,13.64751],[4.55944,13.7018],[4.66481,13.73322],[4.82336,13.75978],[4.92169,13.74914],[5.10086,13.74273],[5.24193,13.75725],[5.36162,13.83688],[5.41577,13.85918],[5.492,13.87285],[5.83818,13.76536],[6.18425,13.66366],[6.24714,13.67299],[6.2998,13.6588],[6.38636,13.60361],[6.51405,13.48541],[6.58991,13.40913],[6.62655,13.36425],[6.80427,13.10765],[6.87057,13.04329],[6.93718,13.0082],[7.00503,12.99554],[7.05676,13.00019],[7.10606,13.02908],[7.17303,13.08633],[7.27473,13.11228],[7.35783,13.10716],[7.7887,13.33789],[7.83051,13.34092],[7.95572,13.32275],[8.09504,13.29118],[8.456,13.05967],[8.75061,12.90815],[8.95762,12.85746],[9.20154,12.82149],[9.61588,12.81064],[9.92924,13.13524],[10.04515,13.20617],[10.18463,13.27009],[10.22959,13.28102],[10.47588,13.33022],[10.95885,13.37154],[11.41194,13.3536],[11.50103,13.34053],[11.69337,13.29769],[11.99,13.19181],[12.118,13.09042],[12.31907,13.07367],[12.4632,13.09378],[12.51012,13.19434],[12.65476,13.32655],[12.75998,13.38037],[12.87165,13.449],[13.04843,13.53452],[13.19385,13.57307],[13.32387,13.67084],[13.42691,13.70177],[13.60633,13.70462]],[[1.18725,6.08942],[1.18508,6.145],[1.1396,6.15503],[1.08446,6.17378],[1.04994,6.20265],[1.00214,6.26853],[0.98498,6.32029],[0.91222,6.32855],[0.82251,6.38638],[0.73694,6.45258],[0.70717,6.51872],[0.71544,6.54932],[0.70221,6.58074],[0.67275,6.59252],[0.59576,6.74217],[0.54801,6.80248],[0.52558,6.85093],[0.53343,6.88831],[0.5231,6.93885],[0.53809,6.9797],[0.57948,7.00412],[0.59245,7.03399],[0.59622,7.09665],[0.61953,7.22654],[0.63472,7.35366],[0.591,7.3888],[0.53726,7.39872],[0.50961,7.43513],[0.49892,7.4951],[0.49995,7.54685],[0.60516,7.72821],[0.58356,8.14581],[0.59927,8.20958],[0.64707,8.25345],[0.68805,8.30425],[0.68629,8.35487],[0.61622,8.47964],[0.48331,8.57529],[0.4153,8.65273],[0.37864,8.722],[0.37257,8.75926],[0.45308,8.81378],[0.48879,8.85148],[0.49323,8.89491],[0.46037,8.97423],[0.46615,9.11531],[0.49716,9.22125],[0.52899,9.35832],[0.52568,9.3985],[0.44758,9.48025],[0.4053,9.49144],[0.37096,9.48557],[0.28932,9.43183],[0.25996,9.42604],[0.24152,9.44191],[0.2334,9.4635],[0.26188,9.49562],[0.25154,9.53565],[0.27552,9.57063],[0.32735,9.58657],[0.34257,9.60414],[0.27278,9.62094],[0.26459,9.64474],[0.26952,9.66791],[0.28968,9.6723],[0.31169,9.67099],[0.32389,9.68757],[0.33453,9.80395],[0.34306,9.84459],[0.35185,9.92492],[0.3627,10.23648],[0.37864,10.26857],[0.38089,10.29185],[0.33185,10.30694],[0.21604,10.39053],[0.14829,10.45479],[0.08928,10.5206],[0.03946,10.56385],[-0.05769,10.63062],[-0.08632,10.67304],[-0.0902,10.71552],[-0.06058,10.80061],[-0.01389,10.89135],[0.00944,11.02098],[-0.00475,11.05555],[-0.06862,11.1156]],[[-2.69585,9.48133],[-2.68611,9.43172],[-2.70575,9.35139],[-2.70179,9.30168],[-2.67422,9.28261],[-2.68921,9.21861],[-2.74667,9.10962],[-2.74693,9.04513],[-2.68988,9.02508],[-2.64921,8.95661],[-2.62493,8.83962],[-2.6004,8.80044],[-2.598,8.77636],[-2.55687,8.49302],[-2.50586,8.20875],[-2.53826,8.17165],[-2.58276,8.16079],[-2.6117,8.14757],[-2.61996,8.12111],[-2.60095,8.08225],[-2.61335,8.04669],[-2.66885,8.0222],[-2.78977,7.93192],[-2.79814,7.896],[-2.83013,7.81906],[-2.8569,7.77208],[-2.89635,7.68501],[-2.95909,7.45453],[-2.98232,7.26364],[-2.98578,7.20486],[-3.01017,7.16375],[-3.03772,7.10461],[-3.1689,6.94097],[-3.23579,6.80723],[-3.22716,6.7491],[-3.22411,6.69076],[-3.2439,6.64869],[-3.24029,6.53562],[-3.22404,6.44105],[-3.2006,6.34827],[-3.10559,6.08562],[-3.05617,5.92628],[-3.02531,5.79776],[-2.99829,5.71131],[-2.97281,5.67629],[-2.96227,5.64302],[-2.82119,5.61919],[-2.79365,5.60007],[-2.75499,5.43254],[-2.76192,5.35693],[-2.78962,5.3282],[-2.78869,5.26412],[-2.7952,5.18454],[-2.81566,5.15302],[-2.8947,5.14904],[-2.94837,5.11886],[-3.01914,5.13082],[-3.08673,5.12832],[-3.11402,5.08866]],[[-5.52356,10.426],[-5.50702,10.48344],[-5.47901,10.56509],[-5.47565,10.64395],[-5.45708,10.77141],[-5.46858,10.93104],[-5.49049,11.04237],[-5.42424,11.08873],[-5.34739,11.13028],[-5.29985,11.20593],[-5.25024,11.37577],[-5.22936,11.52248],[-5.24477,11.57676],[-5.27029,11.61986],[-5.29055,11.68332],[-5.302,11.76047],[-5.28812,11.82791],[-5.23019,11.89028],[-5.15754,11.94237],[-5.10591,11.96754],[-4.96899,11.9933],[-4.79797,12.03211],[-4.69935,12.07619],[-4.62723,12.12019],[-4.58692,12.15502],[-4.54605,12.22646],[-4.4799,12.28178],[-4.42869,12.33759],[-4.42156,12.49309],[-4.42192,12.58158],[-4.45985,12.63039],[-4.48062,12.67222],[-4.2271,12.79372],[-4.22524,12.87947],[-4.26064,12.97533],[-4.31025,13.05249],[-4.3287,13.11904],[-4.25868,13.19733],[-4.1962,13.25617],[-4.15103,13.30622],[-4.05119,13.38244],[-3.9473,13.40218],[-3.85348,13.37355],[-3.57577,13.19421],[-3.52761,13.18271],[-3.46994,13.1964],[-3.39671,13.24371],[-3.30173,13.28074],[-3.26675,13.40076],[-3.27018,13.57747],[-3.24861,13.65834],[-3.19843,13.67286],[-3.0387,13.63909],[-2.99723,13.6371],[-2.95085,13.64844],[-2.9171,13.67948],[-2.9185,13.73637],[-2.92589,13.78676],[-2.87395,13.95073],[-2.77884,14.07371],[-2.58674,14.22758],[-2.52689,14.2583],[-2.45723,14.27412],[-2.11322,14.16844],[-2.05716,14.19464],[-1.97303,14.45653],[-1.87978,14.48149],[-1.76779,14.48604],[-1.69506,14.50847],[-1.65734,14.52679],[-1.49368,14.62606],[-1.20496,14.76153],[-1.04957,14.81951],[-1.01918,14.84134],[-0.90797,14.93741],[-0.76044,15.04776],[-0.66646,15.06978],[-0.53655,15.07787],[-0.45446,15.05965],[-0.43229,15.02854],[-0.40542,15.01252],[-0.23587,15.05942],[0.00732,14.98482],[0.21749,14.91149]],[[-2.69585,9.48133],[-2.71719,9.45715],[-2.76662,9.42472],[-2.81675,9.42583],[-2.87514,9.50094],[-2.90088,9.53461],[-2.94814,9.61073],[-2.98826,9.68734],[-3.04263,9.72088],[-3.09583,9.75212],[-3.16071,9.84917],[-3.22354,9.89547],[-3.28969,9.88224],[-3.38627,9.90028],[-3.58114,9.9243],[-3.79064,9.9172],[-3.87766,9.8949],[-3.96347,9.85963],[-4.18116,9.78176],[-4.26718,9.74326],[-4.33221,9.64572],[-4.40621,9.64802],[-4.48026,9.67923],[-4.52662,9.72349],[-4.62584,9.71357],[-4.72175,9.75656],[-4.81448,9.84116],[-4.88272,9.86893],[-4.9699,9.93007],[-4.99403,10.04649],[-5.04932,10.12832],[-5.09986,10.24162],[-5.17531,10.29263],[-5.26228,10.31968],[-5.38228,10.314],[-5.46129,10.35955],[-5.52356,10.426]],[[-8.48643,7.55851],[-8.46725,7.54703],[-8.43715,7.51639],[-8.40876,7.4118],[-8.29662,7.07404],[-8.30236,6.98094],[-8.3245,6.92004],[-8.32512,6.86041],[-8.33259,6.80155],[-8.40121,6.70512],[-8.60358,6.50782],[-8.58787,6.49051],[-8.53955,6.46808],[-8.49035,6.45638],[-8.44989,6.4625],[-8.3993,6.41317],[-8.34486,6.35129],[-8.28711,6.31905],[-8.20386,6.29073],[-8.131,6.28755],[-8.06896,6.2984],[-7.9816,6.28615],[-7.88863,6.23487],[-7.85551,6.15017],[-7.83324,6.07637],[-7.80094,6.03893],[-7.79655,5.97509],[-7.73038,5.91904],[-7.63614,5.9077],[-7.51393,5.84202],[-7.48279,5.84553],[-7.46943,5.85373],[-7.4544,5.8413],[-7.4237,5.65134],[-7.39993,5.55059],[-7.41244,5.5099],[-7.42892,5.47788],[-7.42983,5.32451],[-7.4852,5.23642],[-7.49414,5.13982],[-7.50979,5.10847],[-7.56891,5.08067],[-7.56933,5.00647],[-7.58504,4.91675],[-7.59119,4.82154],[-7.57465,4.57231],[-7.5716,4.38643],[-7.54496,4.35131]],[[-8.48643,7.55851],[-8.52229,7.58556],[-8.56441,7.62512],[-8.57885,7.67705],[-8.6073,7.68795],[-8.65975,7.68837],[-8.70833,7.65891],[-8.72946,7.60527],[-8.73264,7.54354],[-8.74024,7.49572],[-8.76915,7.46678],[-8.82796,7.39195],[-8.85553,7.32281],[-8.88963,7.26271],[-8.93844,7.26615],[-8.96097,7.27459],[-8.97658,7.25889],[-9.05234,7.22548],[-9.1176,7.21589],[-9.13481,7.25059],[-9.17285,7.27844],[-9.21517,7.33333],[-9.26328,7.37772],[-9.35531,7.40869],[-9.39164,7.3949],[-9.4351,7.39841],[-9.46383,7.41588],[-9.45975,7.44254],[-9.41149,7.50998],[-9.384,7.57189],[-9.36893,7.63953],[-9.36911,7.70382],[-9.39495,7.79462],[-9.43634,7.8667],[-9.44637,7.90851],[-9.44156,7.96791],[-9.45112,8.02323],[-9.46456,8.05209],[-9.47115,8.107],[-9.48412,8.157],[-9.50848,8.17624],[-9.52223,8.26001],[-9.51825,8.34611],[-9.55391,8.37864],[-9.61018,8.40233],[-9.6432,8.43605],[-9.66357,8.47354],[-9.6839,8.48444],[-9.70119,8.48217],[-9.71689,8.45886],[-9.7356,8.45396],[-9.76829,8.53457],[-9.78198,8.53767],[-9.80475,8.5192],[-10.06434,8.42987],[-10.07571,8.4646],[-10.09765,8.50584],[-10.14741,8.51974],[-10.23306,8.48881],[-10.28322,8.48514]],[[-5.52356,10.426],[-5.55661,10.43993],[-5.6943,10.43321],[-5.84385,10.38955],[-5.8962,10.35472],[-5.90757,10.30723],[-5.94069,10.27508],[-5.9887,10.23912],[-6.03456,10.1948],[-6.11722,10.20188],[-6.19685,10.23214],[-6.23837,10.26165],[-6.24129,10.27922],[-6.21499,10.32237],[-6.19264,10.36945],[-6.19068,10.40027],[-6.21778,10.47629],[-6.23972,10.55812],[-6.23065,10.59749],[-6.25023,10.71792],[-6.26114,10.72407],[-6.36565,10.69284],[-6.40415,10.68511],[-6.42586,10.6718],[-6.4326,10.64876],[-6.40754,10.57235],[-6.42392,10.55915],[-6.4826,10.56122],[-6.56461,10.58643],[-6.65414,10.65646],[-6.67636,10.63377],[-6.68612,10.57801],[-6.69196,10.51202],[-6.66933,10.39218],[-6.69328,10.34945],[-6.7532,10.35715],[-6.83366,10.35699],[-6.90384,10.34505],[-6.95035,10.34231],[-6.97949,10.29958],[-6.99174,10.25188],[-6.96383,10.19871],[-6.96817,10.17623],[-6.98946,10.15566],[-7.01711,10.14326],[-7.03975,10.14476],[-7.10491,10.20354],[-7.18232,10.22568],[-7.36316,10.25935],[-7.38505,10.34012],[-7.41479,10.34131],[-7.45657,10.38391],[-7.49796,10.43978],[-7.53284,10.43683],[-7.56212,10.42122],[-7.66115,10.42745],[-7.74908,10.34229],[-7.81422,10.23658],[-7.88406,10.18576],[-7.96093,10.16346],[-7.99064,10.16251]],[[-15.04303,10.94016],[-14.99905,10.9922],[-14.94443,11.07214],[-14.77927,11.40551],[-14.72026,11.48191],[-14.68295,11.5085],[-14.60481,11.5116],[-14.45247,11.55619],[-14.32783,11.62978],[-14.26558,11.65991],[-14.12231,11.65195],[-13.95322,11.66461],[-13.73277,11.73603],[-13.72856,11.83414],[-13.73066,11.95984],[-13.73799,12.00966],[-13.81628,12.05451],[-13.86189,12.09332],[-13.90119,12.14288],[-13.94889,12.17817],[-13.94731,12.21522],[-13.88749,12.2469],[-13.84946,12.263],[-13.75975,12.26235],[-13.73009,12.2808],[-13.70789,12.31269],[-13.68239,12.3934],[-13.67355,12.47849],[-13.73262,12.59282],[-13.72926,12.6739]],[[-11.3894,12.40441],[-11.41808,12.37767],[-11.44756,12.31925],[-11.47457,12.24719],[-11.50221,12.19864],[-11.49245,12.16696],[-11.41462,12.10402],[-11.30517,12.01542],[-11.26068,12.00407],[-11.20967,12.02487],[-11.12926,12.09502],[-11.0658,12.17078],[-11.00454,12.2075],[-10.9332,12.2052],[-10.87615,12.15187],[-10.80649,12.0343],[-10.74303,11.92726],[-10.73492,11.91646],[-10.70924,11.89871],[-10.67735,11.89943],[-10.64371,11.92553],[-10.61901,11.94124],[-10.5895,11.99028],[-10.46582,12.13869],[-10.37277,12.17954],[-10.33991,12.19029],[-10.27487,12.21267],[-10.1671,12.17745],[-10.01062,12.11644],[-9.82069,12.0425],[-9.75402,12.02991],[-9.71475,12.04247],[-9.65829,12.14311],[-9.58773,12.18249],[-9.48683,12.22866],[-9.405,12.25246],[-9.35811,12.25543],[-9.34017,12.28276],[-9.33154,12.32374],[-9.34085,12.36604],[-9.39363,12.44224],[-9.39536,12.46467],[-9.36519,12.47929],[-9.30002,12.49027],[-9.21556,12.48288],[-9.12047,12.44994],[-9.04309,12.40234],[-8.99895,12.34591],[-8.95084,12.22561],[-8.91384,12.10856],[-8.81829,11.9225],[-8.82005,11.80711],[-8.82201,11.67327],[-8.77974,11.64823],[-8.73308,11.63748],[-8.71143,11.61779],[-8.66497,11.51501],[-8.62115,11.48509],[-8.56872,11.47806],[-8.47072,11.41222],[-8.40747,11.38628],[-8.39853,11.36654],[-8.4007,11.33941],[-8.42529,11.30474],[-8.46354,11.28071],[-8.5203,11.23596],[-8.5673,11.17699],[-8.66391,11.03586],[-8.66673,11.00948],[-8.64621,10.99049],[-8.60621,10.98698],[-8.56353,10.99669],[-8.4747,11.04837],[-8.40447,11.02992],[-8.33739,10.99062],[-8.31274,10.94977],[-8.30636,10.89608],[-8.32171,10.82694],[-8.32411,10.74953],[-8.30158,10.61757],[-8.26665,10.486],[-8.23151,10.43799],[-8.00728,10.32188],[-7.98568,10.27844],[-7.97447,10.22953],[-7.99064,10.16251]],[[107.51941,14.7051],[107.46515,14.665],[107.41472,14.56288],[107.37983,14.55531],[107.29271,14.59239],[107.26232,14.57211],[107.20661,14.4979],[107.10936,14.41669],[107.06239,14.41579],[107.03019,14.42568],[106.99216,14.39101],[106.93805,14.32732],[106.9132,14.32938],[106.81992,14.31468],[106.78349,14.33512],[106.73822,14.38773],[106.66546,14.44129],[106.59921,14.4794],[106.56371,14.50506],[106.53115,14.5494],[106.50144,14.57821],[106.44697,14.51503],[106.35499,14.45478],[106.26791,14.4662],[106.22538,14.47622],[106.19076,14.38811],[106.16523,14.37235],[106.00834,14.35719],[105.97889,14.34303],[106.00415,14.2629],[106.09671,14.1271],[106.12472,14.04912],[106.06684,13.92117],[105.90447,13.92452],[105.8315,13.97662],[105.76407,14.04907],[105.73973,14.08498],[105.53157,14.15614],[105.39267,14.1071],[105.35024,14.10955],[105.28487,14.16146],[105.24565,14.20053],[105.207,14.25939],[105.18555,14.31907],[105.18333,14.34626]],[[114.05963,4.59636],[114.09513,4.56525],[114.16882,4.52693],[114.22412,4.47787],[114.26102,4.41425],[114.28763,4.35475],[114.28959,4.30418],[114.32298,4.26281],[114.41656,4.25584],[114.4471,4.20357],[114.51221,4.11355],[114.57175,4.04906],[114.60833,4.02399],[114.65407,4.03766],[114.72502,4.09655],[114.77618,4.16882],[114.81044,4.26651],[114.78352,4.28075],[114.83111,4.35452],[114.84026,4.39322],[114.81829,4.42877],[114.79013,4.46391],[114.77928,4.553],[114.7599,4.66649],[114.74672,4.71808],[114.78424,4.75483],[114.86455,4.80177],[114.94475,4.85624],[115.02681,4.89973]],[[-88.22833,15.72901],[-88.27143,15.69488],[-88.36455,15.61602],[-88.5333,15.4812],[-88.68448,15.36048],[-88.82995,15.25101],[-88.961,15.15246],[-88.97642,15.14269],[-89.14259,15.07231],[-89.17034,15.03991],[-89.2061,14.90059],[-89.22238,14.86607],[-89.19222,14.78871],[-89.1622,14.66926],[-89.17179,14.60689],[-89.28672,14.52997],[-89.33943,14.46075],[-89.3626,14.41599]],[[-77.37424,8.65828],[-77.39307,8.64469],[-77.44832,8.56586],[-77.47849,8.49842],[-77.40729,8.42724],[-77.38589,8.35169],[-77.34553,8.26952],[-77.28264,8.18705],[-77.21231,8.03388],[-77.19601,7.97248],[-77.21598,7.93254],[-77.28295,7.90815],[-77.34564,7.83655],[-77.36274,7.74909],[-77.3508,7.70584],[-77.53829,7.56626],[-77.58658,7.54308],[-77.61859,7.56458],[-77.65859,7.6346],[-77.70634,7.69121],[-77.73202,7.71092],[-77.7469,7.71188],[-77.76192,7.69881],[-77.76876,7.66806],[-77.7439,7.53696],[-77.76471,7.4837],[-77.82834,7.4428],[-77.90116,7.22935]],[[-60.74213,5.20203],[-60.71197,5.19157],[-60.672,5.16436],[-60.63503,5.08199],[-60.60449,4.99458],[-60.60387,4.94936],[-60.62759,4.89254],[-60.67916,4.8271],[-60.74174,4.77413],[-60.83339,4.72922],[-60.90625,4.68679],[-60.96643,4.57471],[-61.00286,4.53528],[-61.03627,4.51931],[-61.10244,4.50469],[-61.20941,4.50807],[-61.2801,4.51691],[-61.36754,4.43301],[-61.47937,4.40224],[-61.55425,4.2878],[-61.82085,4.197],[-62.08161,4.12631],[-62.1531,4.09838],[-62.41063,4.15672],[-62.47254,4.13853],[-62.54395,4.08432],[-62.60974,4.04231],[-62.66534,4.03965],[-62.71211,4.01792],[-62.73991,3.94033],[-62.76459,3.67295],[-62.85699,3.59345],[-62.96863,3.59397],[-63.04532,3.68649],[-63.13622,3.75644],[-63.29471,3.92224],[-63.33866,3.94389],[-63.3798,3.94286],[-63.52679,3.89372],[-63.59663,3.91506],[-63.65293,3.94084],[-63.74698,3.93258],[-63.91462,3.93064],[-64.02149,3.92911],[-64.0734,3.97444],[-64.12171,4.06701],[-64.1543,4.10016],[-64.19249,4.12683],[-64.25568,4.14034],[-64.52554,4.14001],[-64.57636,4.13988],[-64.61365,4.1577],[-64.6655,4.23713],[-64.72225,4.27442],[-64.7887,4.27604],[-64.81787,4.23227],[-64.70258,4.08929],[-64.66899,4.0118],[-64.56791,3.89981],[-64.27527,3.66267],[-64.22111,3.58738],[-64.22706,3.49123],[-64.22876,3.34398],[-64.21884,3.20466],[-64.14355,3.00488],[-64.03782,2.80153],[-64.00903,2.67188],[-64.0287,2.5761],[-64.04882,2.52512],[-64.0466,2.50241],[-64.0249,2.48189],[-63.92415,2.45243],[-63.71256,2.43401],[-63.58461,2.43393],[-63.38925,2.41192],[-63.37486,2.34043],[-63.39393,2.2225],[-63.4325,2.15555],[-63.4639,2.13602],[-63.57025,2.12049],[-63.68215,2.04812],[-63.8445,1.9767],[-63.93715,1.96701],[-63.97581,1.95301],[-64.00852,1.93159],[-64.03547,1.90443],[-64.06704,1.77051],[-64.11484,1.61928],[-64.20504,1.52952],[-64.30421,1.45529],[-64.40513,1.44689],[-64.48606,1.45278],[-64.52629,1.43102],[-64.58435,1.36989],[-64.66744,1.29382],[-64.73157,1.25331],[-64.81795,1.25713],[-64.91012,1.21972],[-65.02654,1.15843],[-65.10375,1.1081],[-65.16963,1.02221],[-65.26399,0.93188],[-65.36086,0.86863],[-65.40724,0.79049],[-65.47339,0.69128],[-65.55607,0.68797],[-65.56269,0.7475],[-65.523,0.84341],[-65.56599,0.92609],[-65.6447,0.97038],[-65.68144,0.98345],[-65.7181,0.97803],[-65.8113,0.93726],[-65.92587,0.86315],[-65.99635,0.80977],[-66.06007,0.78533],[-66.19123,0.76326],[-66.30166,0.75194],[-66.34713,0.76719],[-66.42925,0.82166],[-66.61906,0.99214],[-66.87604,1.22303]],[[52.49388,41.78037],[52.69692,41.94436],[52.8705,42.06059],[53.01256,42.13071],[53.05591,42.14774],[53.25011,42.20585],[53.5008,42.25825],[53.68538,42.29685],[53.9264,42.32977],[54.00516,42.33589],[54.12097,42.33519],[54.21491,42.30419],[54.27191,42.28],[54.47288,42.18017],[54.67799,42.07821],[54.85384,41.96519],[54.90366,41.91907],[54.93167,41.86401],[54.95234,41.81001],[55.10189,41.6387],[55.16235,41.56023],[55.24958,41.45809],[55.31976,41.4084],[55.38838,41.34691],[55.43437,41.29629],[55.48703,41.27226],[55.54522,41.26275],[55.6786,41.27882],[55.8391,41.31081],[55.93491,41.32415],[55.97744,41.32223]],[[55.97744,41.32223],[56.24202,41.31086],[56.47984,41.30063],[56.77362,41.288],[56.86085,41.27614],[56.96586,41.26513],[57.01795,41.26348],[57.06425,41.3073],[57.09484,41.33128],[57.11882,41.35029],[57.11386,41.37179],[57.07665,41.38998],[57.01821,41.45057],[56.98487,41.66934],[56.9641,41.85657],[57.03366,41.91486],[57.1136,41.95713],[57.22879,42.08446],[57.29064,42.12379],[57.38175,42.15632],[57.68612,42.16482],[57.81428,42.18983],[57.85598,42.23104],[57.92342,42.33522],[57.94575,42.42],[57.98347,42.4588],[58.02894,42.48764],[58.0755,42.48653],[58.16568,42.4616],[58.2341,42.44772],[58.28288,42.42886],[58.32722,42.39891],[58.37047,42.3468],[58.37714,42.31243],[58.39709,42.29246],[58.4314,42.29207],[58.45703,42.29181],[58.4744,42.29938],[58.48582,42.31685],[58.47698,42.34016],[58.41817,42.40669],[58.28867,42.52728],[58.20413,42.57637],[58.16201,42.60298],[58.15152,42.6281],[58.20645,42.66629],[58.25968,42.68807],[58.35316,42.67174],[58.47718,42.66285],[58.53232,42.68194],[58.58906,42.77847],[58.72999,42.67616],[58.87695,42.56148],[58.93091,42.54027],[59.03586,42.52813],[59.12314,42.52376],[59.15962,42.51144],[59.19911,42.4817],[59.27662,42.35618],[59.35429,42.32328],[59.45108,42.29954],[59.76259,42.30158],[59.85829,42.29514],[59.93653,42.23605],[59.98521,42.21171],[60.00603,42.19084],[60.00081,42.16477],[59.98169,42.13172],[59.97921,42.06808],[59.97415,42.01878],[59.94929,41.99542],[59.94175,41.97351],[59.96257,41.95439],[60.1069,41.90744],[60.15558,41.85703],[60.19207,41.83442],[60.20075,41.80313],[60.17641,41.78228],[60.10861,41.7927],[60.07559,41.75967],[60.07559,41.70056],[60.12406,41.64495],[60.13801,41.59415],[60.10603,41.54522],[60.06872,41.47623],[60.06742,41.42737],[60.08959,41.39944],[60.19997,41.34898],[60.45495,41.22162],[60.51355,41.21617],[60.75488,41.24575],[60.86717,41.2487],[60.93316,41.22898],[61.11997,41.2109],[61.17935,41.19056],[61.24244,41.18922],[61.3289,41.19511],[61.3875,41.25216],[61.41737,41.26513],[61.44367,41.27459],[61.49695,41.27609],[61.64454,41.23986],[61.79988,41.16343],[61.90282,41.09369],[61.95356,41.0306],[62.01759,40.89378],[62.095,40.6833],[62.18848,40.5412],[62.29804,40.4675],[62.37503,40.33206],[62.44159,40.03621],[62.48319,39.97562],[62.52552,39.94407],[62.65068,39.8585],[62.90679,39.7168],[63.0581,39.63314],[63.29188,39.4995],[63.50603,39.37708],[63.72079,39.18812],[63.76369,39.16053],[63.95251,39.05837],[64.16278,38.95359],[64.30996,38.97731],[64.53165,38.81624],[64.62188,38.75647],[64.66001,38.73603],[64.82067,38.67247],[65.07668,38.53943],[65.39955,38.34885],[65.61293,38.2386],[65.67096,38.22573],[65.72853,38.22635],[65.79028,38.25007],[65.8571,38.26872],[65.9712,38.24426],[66.09481,38.20015],[66.17315,38.16669],[66.26369,38.11809],[66.33531,38.07215],[66.38978,38.05091],[66.57452,38.01078],[66.60625,37.98673],[66.62635,37.95985],[66.62935,37.93205],[66.52558,37.78576],[66.51137,37.59918],[66.51065,37.4587],[66.52228,37.3485]],[[49.23227,46.33717],[49.18426,46.34885],[48.95896,46.44213],[48.77432,46.50794],[48.61014,46.56646],[48.58601,46.57711],[48.54115,46.60563],[48.50921,46.64997],[48.50239,46.69865],[48.51852,46.7343],[48.55836,46.75715],[48.60533,46.76593],[48.64709,46.7587],[48.6936,46.73684],[48.77638,46.71033],[48.88361,46.70542],[48.95032,46.72578],[48.95932,46.77459],[48.83188,46.95494],[48.71432,47.10048],[48.60068,47.26231],[48.55252,47.32099],[48.4131,47.45648],[48.27569,47.58996],[48.16701,47.70877],[48.10996,47.74541],[47.93468,47.7607],[47.60018,47.79],[47.48194,47.8039],[47.38727,47.76866],[47.29234,47.74094],[47.20206,47.79246],[47.1308,47.87677],[47.09328,47.94772],[47.11157,48.02012],[47.11902,48.12698],[47.0646,48.23246],[47.00435,48.28447],[46.85314,48.32359],[46.6609,48.41224],[46.60923,48.57388],[46.70261,48.80555],[46.85298,48.96962],[46.96223,49.03835],[47.01427,49.09835],[47.03137,49.15028],[47.01814,49.19992],[46.95344,49.2526],[46.85298,49.30386],[46.80208,49.36706],[46.82312,49.50225],[46.88957,49.69697],[46.99194,49.85272],[47.12961,49.93905],[47.24836,50.00088],[47.29523,50.0585],[47.29771,50.14025],[47.29472,50.2175],[47.32644,50.27352],[47.37636,50.31812],[47.42918,50.35796],[47.50359,50.40271],[47.59966,50.41356],[47.70575,50.37796],[47.84967,50.28231],[48.06072,50.09358],[48.18138,49.97002],[48.22479,49.93194],[48.33496,49.85825],[48.43428,49.82854],[48.59996,49.87468],[48.75902,49.92832],[48.81028,49.96238],[48.84325,50.01312],[48.81793,50.09984],[48.78481,50.15642],[48.74946,50.22846],[48.70052,50.35377],[48.666,50.55035],[48.62512,50.61267],[48.65515,50.61986],[48.73473,50.60688],[48.80842,50.6013],[48.91374,50.64456],[49.05869,50.72608],[49.32343,50.85173],[49.3795,50.93467],[49.42461,51.02701],[49.49799,51.0836],[49.6663,51.10231],[49.82221,51.13189],[49.93233,51.19716],[50.10488,51.2546],[50.24689,51.2895],[50.30931,51.32157],[50.3537,51.36973],[50.51633,51.50562],[50.64392,51.58918],[50.75616,51.67514],[50.79393,51.72919],[50.88246,51.71917],[51.0179,51.68165],[51.16342,51.64744],[51.26993,51.59447],[51.29075,51.54019],[51.30109,51.49742],[51.34455,51.47536],[51.39596,51.47128],[51.47348,51.48203],[51.60908,51.48399],[51.77542,51.55427],[52.00714,51.67271],[52.21917,51.70935],[52.331,51.68129],[52.42309,51.59421],[52.49621,51.51215],[52.57119,51.48164],[52.6178,51.48079],[52.63511,51.47955],[52.72813,51.49815],[52.82048,51.49458],[52.90264,51.46694],[53.03834,51.46373],[53.22738,51.48497],[53.24727,51.4936],[53.33812,51.48236],[53.44866,51.44451],[53.53464,51.39958],[53.68812,51.25181],[53.77649,51.21372],[53.95684,51.16117],[54.04149,51.11518],[54.13978,51.04076],[54.19114,50.99573],[54.29791,50.91405],[54.42152,50.78031],[54.44332,50.67391],[54.47143,50.58381],[54.51743,50.54115],[54.55525,50.53578],[54.59618,50.55066],[54.63618,50.59161],[54.64998,50.66016],[54.63794,50.78106],[54.60626,50.87989],[54.56559,50.91126],[54.54606,50.94604],[54.57293,50.99022],[54.64166,51.01156],[54.72713,50.99808],[54.868,50.94136],[55.01481,50.86976],[55.19521,50.74471],[55.3611,50.66531],[55.54227,50.6018],[55.68624,50.58286],[55.79766,50.60203],[55.92923,50.65376],[56.04968,50.71355],[56.10451,50.77628],[56.14399,50.84465],[56.32564,50.93606],[56.49147,51.01952],[56.56692,51.00451],[56.62024,50.98087],[56.79036,51.03161],[56.84964,51.04554],[57.01174,51.0652],[57.17902,51.03606],[57.3125,50.94655],[57.44221,50.88888],[57.55786,50.89555],[57.65377,50.92513],[57.71702,50.98094],[57.76488,51.04688],[57.8289,51.08903],[57.83883,51.09166],[58.04517,51.06887],[58.17472,51.07226],[58.18842,51.08174],[58.35916,51.06383],[58.54747,50.97105],[58.66456,50.86832],[58.81401,50.73721],[58.88367,50.69445],[58.98486,50.67613],[59.06433,50.6682],[59.17084,50.64792],[59.45232,50.62042],[59.49511,50.6043],[59.52394,50.5828],[59.4978,50.51108],[59.52301,50.49286],[59.75122,50.54394],[59.8124,50.58203],[59.8878,50.69019],[59.95518,50.79928],[60.00526,50.83969],[60.05859,50.85028],[60.11212,50.83416],[60.18675,50.76977],[60.28803,50.70414],[60.42477,50.67913],[60.50848,50.66918],[60.63798,50.66373],[60.94231,50.69551],[61.22689,50.77478],[61.38941,50.86103],[61.46501,50.99022],[61.51219,51.13703],[61.58506,51.22969],[61.55472,51.32459],[61.41137,51.41474],[61.36311,51.44187],[61.01481,51.49236],[60.99331,51.52869],[60.97357,51.53706],[60.63034,51.61695],[60.46476,51.65116],[60.41831,51.70392],[60.38751,51.77302],[60.28038,51.83461],[60.06748,51.89063],[60.03032,51.93326],[60.06551,51.97647],[60.23367,52.0245],[60.42549,52.1256],[60.49934,52.14633],[60.67033,52.15082],[60.82841,52.23338],[60.9376,52.28058],[60.99455,52.33686],[60.97946,52.39479],[60.82123,52.56981],[60.77436,52.6758],[60.80232,52.74474],[60.89326,52.81941],[60.94474,52.86016],[61.00654,52.93336],[61.04747,52.97248],[61.20694,52.98907],[61.40073,52.99599],[61.53364,52.97852],[61.71937,52.9694],[61.88855,52.95589],[61.97418,52.94374],[62.03712,52.96612],[62.0827,53.00542],[62.0811,53.05743],[62.0147,53.10787],[61.76618,53.17391],[61.65983,53.22848],[61.57622,53.22244],[61.4368,53.23939],[61.31097,53.2752],[61.19919,53.28713],[61.16281,53.33675],[61.18596,53.4062],[61.22896,53.44588],[61.31164,53.46573],[61.40093,53.45581],[61.4985,53.48464],[61.52656,53.50157],[61.53493,53.5233],[61.51917,53.55448],[61.47411,53.58027],[61.40993,53.58704],[61.33613,53.56518],[61.24797,53.551],[61.09852,53.58311],[60.97946,53.62174],[60.98556,53.6574],[61.07351,53.71047],[61.1132,53.75346],[61.1132,53.813],[61.1132,53.88245],[61.14369,53.96384],[61.23102,54.01949],[61.3337,54.04926],[61.59813,53.99495],[61.92865,53.94647],[61.98565,53.95441],[62.00234,53.97991],[62.04028,54.00265],[62.49901,54.01316],[62.58825,54.04445],[62.63269,54.06931],[63.07396,54.10522],[63.12662,54.13928],[63.19132,54.17106],[63.29271,54.17044],[63.41363,54.18321],[63.58199,54.22191],[63.70131,54.24323],[63.72121,54.24501],[63.84709,54.23648],[64.00388,54.2671],[64.03741,54.27974],[64.06294,54.30291],[64.19942,54.34743],[64.46121,54.38417],[64.52509,54.36216],[64.64993,54.35224],[64.8093,54.36857],[64.92671,54.39663],[64.99544,54.36877],[65.08836,54.34017],[65.15776,54.36441],[65.19223,54.44112],[65.23739,54.51605],[65.31594,54.55155],[65.37816,54.56447],[65.43443,54.59331],[65.47691,54.62328],[65.70775,54.61868],[65.9142,54.6933],[65.95471,54.65951],[66.22266,54.66736],[66.5554,54.71542],[66.75451,54.7379],[67.09837,54.78818],[67.25732,54.8288],[67.4847,54.85448],[67.69342,54.87241],[67.8299,54.94357],[67.93991,54.9537],[68.07386,54.95959],[68.15582,54.9767],[68.20941,55.00305],[68.24403,55.05243],[68.22532,55.11524],[68.2062,55.16092],[68.30196,55.1865],[68.43844,55.19441],[68.52479,55.20485],[68.71294,55.30851],[68.84296,55.35835],[68.97722,55.38962],[69.24697,55.37251],[69.49326,55.35688],[69.74027,55.30737],[69.87019,55.24565],[69.9817,55.19906],[70.08738,55.17676],[70.18247,55.16247],[70.29331,55.18358],[70.37145,55.21224],[70.41718,55.25317],[70.48627,55.28236],[70.73814,55.30515],[70.79034,55.26112],[70.91017,55.12798],[70.99177,54.9505],[71.12628,54.71506],[71.18556,54.59933],[71.1592,54.53863],[71.15982,54.45544],[71.15212,54.36407],[71.05275,54.26049],[71.09316,54.21222],[71.33645,54.15835],[71.67715,54.17804],[71.88738,54.2215],[72.00447,54.20568],[72.06561,54.23163],[72.1054,54.30847],[72.18601,54.32563],[72.26916,54.27211],[72.32947,54.18145],[72.38729,54.12303],[72.38305,54.05365],[72.40429,53.96446],[72.44677,53.94182],[72.53028,53.97577],[72.58599,53.99593],[72.59917,54.02306],[72.5756,54.05649],[72.56428,54.09045],[72.58268,54.12161],[72.62232,54.13435],[72.74107,54.1245],[72.91403,54.10734],[73.11929,53.98074],[73.22993,53.95782],[73.27659,53.95562],[73.38072,53.96286],[73.50562,53.99934],[73.58996,54.04497],[73.61797,54.0674],[73.66644,54.06347],[73.71243,54.04239],[73.71553,53.99621],[73.67894,53.92945],[73.5542,53.86829],[73.39938,53.8115],[73.30569,53.70721],[73.28569,53.59841],[73.32687,53.54317],[73.36186,53.50619],[73.37183,53.45439],[73.40692,53.44754],[73.46997,53.46891],[73.64293,53.57626],[73.73114,53.60278],[73.85893,53.61973],[74.06864,53.6114],[74.20997,53.57647],[74.27731,53.52774],[74.35151,53.48764],[74.40278,53.50444],[74.42929,53.55074],[74.43042,53.6037],[74.45192,53.64724],[74.68147,53.75439],[74.83412,53.82571],[74.88683,53.83403],[74.98894,53.81925],[75.05219,53.82669],[75.2202,53.89382],[75.37703,53.97014],[75.39233,54.02174],[75.39812,54.06848],[75.43718,54.08967],[75.65681,54.106],[75.69288,54.11478],[75.88062,54.16796],[76.14055,54.25855],[76.26659,54.31198],[76.4965,54.3357],[76.53918,54.35105],[76.61551,54.38712],[76.75938,54.43688],[76.83731,54.44236],[76.78899,54.32188],[76.70305,54.18245],[76.65458,54.14527],[76.42172,54.15153],[76.42203,54.11352],[76.45857,54.05525],[76.48477,54.02254],[76.51309,53.99322],[76.57572,53.94252],[76.82067,53.82266],[77.13243,53.67014],[77.46926,53.49878],[77.70438,53.37917],[77.79936,53.31742],[77.85998,53.26918],[78.03351,53.09495],[78.19805,52.92969],[78.4755,52.63844],[78.72143,52.35701],[78.99206,52.04739],[79.14874,51.8681],[79.46882,51.49311],[79.55435,51.378],[79.71646,51.16003],[79.85965,50.95544],[79.98621,50.77458],[80.06594,50.75822],[80.07204,50.80729],[80.08636,50.84],[80.12723,50.85837],[80.22025,50.91178],[80.27038,50.92459],[80.34521,50.91911],[80.4236,50.94627],[80.45228,50.99761],[80.43362,51.09264],[80.42153,51.13636],[80.44809,51.18336],[80.49104,51.20173],[80.55067,51.21659],[80.6055,51.22421],[80.65046,51.27736],[80.73526,51.29341],[80.81314,51.28348],[80.87732,51.28144],[80.93406,51.24276],[80.96558,51.1898],[81.02676,51.18571],[81.12728,51.19106],[81.14097,51.14657],[81.11239,51.07239],[81.07751,51.01492],[81.07147,50.96875],[81.12459,50.94627],[81.3191,50.9664],[81.38824,50.95648],[81.41015,50.90976],[81.43775,50.87105],[81.4516,50.82367],[81.43139,50.77114],[81.46591,50.73985],[81.63391,50.73913],[81.75204,50.7644],[81.93369,50.76636],[82.09807,50.71086],[82.21191,50.71944],[82.32638,50.74192],[82.49396,50.7276],[82.61173,50.77148],[82.69302,50.82633],[82.7185,50.8695],[82.76082,50.89335],[82.91905,50.89312],[83.0192,50.89726],[83.09279,50.96061],[83.16023,50.98921],[83.27371,50.99456],[83.35732,50.99456],[83.58139,50.93575],[83.71776,50.88718],[83.85982,50.81804],[83.94509,50.77465],[84.0024,50.67688],[84.09929,50.60471],[84.17593,50.52053],[84.19448,50.43744],[84.25783,50.28822],[84.32326,50.23916],[84.40093,50.23916],[84.49901,50.21874],[84.60732,50.20239],[84.83899,50.09131],[84.92405,50.08798],[84.98947,50.06141],[84.9997,50.01028],[84.97521,49.95106],[85.00079,49.89416],[85.07649,49.82161],[85.13654,49.75071],[85.21013,49.66485],[85.23261,49.61581],[85.29188,49.59945],[85.37162,49.62395],[85.49848,49.6054],[85.88047,49.55656],[85.9336,49.55044],[85.97442,49.49933],[86.02961,49.50344],[86.09297,49.50548],[86.18087,49.49933],[86.24216,49.54633],[86.29244,49.58752],[86.41796,49.63847],[86.52224,49.70777],[86.61015,49.76913],[86.67552,49.7773],[86.72869,49.74869],[86.73071,49.69555],[86.66534,49.65671],[86.61423,49.60971],[86.62647,49.56269],[86.71438,49.5586],[86.8121,49.48791],[86.95297,49.32205],[87.00092,49.28733],[87.07058,49.25459],[87.14804,49.23981],[87.23367,49.21614],[87.29687,49.14765],[87.32282,49.08579]],[[34.19815,31.32261],[34.21252,31.29228],[34.24528,31.20833],[34.32853,30.99501],[34.40103,30.82781],[34.48992,30.5963],[34.51782,30.50736],[34.52965,30.44605],[34.65859,30.19144],[34.73507,29.98205],[34.79109,29.81208],[34.86984,29.56393],[34.90426,29.47732]],[[33.9761,4.22021],[34.17686,4.41911],[34.38021,4.62067]],[[41.88404,3.97774],[41.73774,3.97903],[41.48194,3.96327],[41.37249,3.94617],[41.31896,3.94309],[41.22093,3.94356],[41.14047,3.96296],[41.08724,3.99195],[41.02083,4.05745],[40.87268,4.19034],[40.76524,4.27302],[40.52872,4.17765],[40.31602,4.08272],[40.01413,3.94798],[39.8422,3.85145],[39.79037,3.75424],[39.65751,3.57782],[39.53886,3.46919],[39.49447,3.45609],[39.22549,3.47878],[39.12829,3.5009],[38.96783,3.52059],[38.75276,3.55901],[38.60806,3.60009],[38.45153,3.60485],[38.2253,3.619],[38.08618,3.64882],[37.94495,3.74675],[37.76289,3.86462],[37.57546,3.98593],[37.3825,4.11083],[37.15456,4.25455],[36.90558,4.41146],[36.84827,4.42733],[36.82362,4.43012],[36.55299,4.43725],[36.27182,4.44472],[36.08196,4.44973],[36.02197,4.46813],[35.97871,4.50383],[35.91985,4.61985]],[[23.38067,-17.64063],[23.06824,-17.69887],[22.62408,-17.7816],[22.32425,-17.83752],[21.96081,-17.90521],[21.71845,-17.94774],[21.41686,-18.00071],[21.3688,-17.99947],[21.28793,-17.96299],[21.11347,-17.95575],[20.90832,-18.00608],[20.74554,-18.01978],[20.62513,-17.99668],[20.50762,-17.95255],[20.393,-17.88743],[20.19435,-17.86366],[19.91179,-17.88134],[19.63935,-17.86863],[19.37714,-17.82548],[19.18945,-17.80847],[19.07649,-17.81767],[18.95531,-17.80356],[18.82601,-17.7663],[18.71806,-17.70326],[18.58815,-17.57004],[18.48665,-17.44281],[18.4604,-17.42462],[18.42826,-17.40519],[18.39643,-17.3994],[18.1088,-17.39599],[17.83538,-17.39279],[17.67885,-17.39253],[17.29624,-17.39196],[16.91362,-17.39139],[16.53101,-17.39082],[16.1484,-17.39026],[15.76579,-17.38969],[15.38317,-17.38912],[15.00056,-17.38855],[14.61795,-17.38798],[14.41471,-17.38767],[14.22588,-17.39775],[14.01752,-17.40891],[13.98739,-17.40416],[13.93799,-17.38876],[13.9042,-17.3607],[13.79201,-17.2884],[13.69439,-17.23352],[13.56174,-17.14123],[13.47601,-17.03999],[13.40371,-17.00785],[13.27571,-16.98956],[13.17948,-16.97168],[13.10114,-16.9677],[12.96317,-17.01545],[12.85925,-17.06258],[12.78514,-17.10826],[12.65657,-17.1605],[12.54815,-17.2127],[12.35928,-17.20587],[12.31845,-17.21342],[12.21334,-17.20996],[12.11433,-17.16453],[12.01392,-17.16851],[11.90256,-17.2266],[11.74304,-17.24923]],[[25.2588,-17.79359],[25.45171,-17.84516],[25.55713,-17.8495],[25.6396,-17.82408],[25.74161,-17.85824],[25.86326,-17.95193],[25.99586,-17.96981],[26.13952,-17.91172],[26.33341,-17.92935],[26.57753,-18.02257],[26.77989,-18.04153],[27.02081,-17.95844],[27.23568,-17.72832],[27.43784,-17.51195],[27.63674,-17.26215],[27.75653,-17.0604],[27.93218,-16.89623],[28.16379,-16.76973],[28.39985,-16.66281],[28.76065,-16.53191],[28.76055,-16.53212],[28.83269,-16.42411],[28.85677,-16.30619],[28.85677,-16.14232],[28.87558,-16.03618],[28.9131,-15.98781],[28.97299,-15.95009],[29.05056,-15.9012],[29.28786,-15.7765],[29.48728,-15.69677],[29.72959,-15.64463],[29.99489,-15.64406],[30.25069,-15.64344],[30.39606,-15.64308]],[[23.38067,-17.64063],[23.59487,-17.59944],[23.79925,-17.56017],[24.03691,-17.52095],[24.22713,-17.48958],[24.27493,-17.481],[24.73289,-17.51774],[24.93241,-17.54348],[25.00176,-17.56859],[25.09214,-17.63432],[25.2588,-17.79359]],[[31.28784,-22.40204],[31.42953,-22.29885],[31.57154,-22.15348],[31.73768,-21.98336],[31.88594,-21.83153],[32.01632,-21.69806],[32.19476,-21.51538],[32.37108,-21.33487],[32.41242,-21.31182],[32.42978,-21.29705],[32.35361,-21.13649],[32.47619,-20.95009],[32.4828,-20.82886],[32.47764,-20.713],[32.49242,-20.65977],[32.52931,-20.61306],[32.67256,-20.51611],[32.78087,-20.36155],[32.86965,-20.21721],[32.99275,-19.98488],[33.00494,-19.9302],[33.00675,-19.87383],[32.9727,-19.79538],[32.89048,-19.6681],[32.83079,-19.55819],[32.77767,-19.38874],[32.83095,-19.24146],[32.84996,-19.15247],[32.84981,-19.10436],[32.82619,-19.05884],[32.76625,-19.02432],[32.71648,-19.00189],[32.69974,-18.94091],[32.69922,-18.86846],[32.72196,-18.82841],[32.85446,-18.76366],[32.88454,-18.72852],[32.9003,-18.68904],[32.90169,-18.63292],[32.94252,-18.49267],[32.99306,-18.3596],[32.99641,-18.31258],[32.97848,-18.27144],[32.96469,-18.19625],[32.95554,-18.08288],[32.95471,-17.76537],[32.98076,-17.43754],[32.96928,-17.25161],[32.88443,-17.03782],[32.87627,-16.88357],[32.93792,-16.77593],[32.94799,-16.71231],[32.90288,-16.7042],[32.81023,-16.69764],[32.74175,-16.67764],[32.63587,-16.58943],[32.452,-16.51574],[32.24323,-16.44871],[31.93989,-16.42882],[31.68761,-16.21415],[31.48989,-16.17974],[31.42623,-16.15235],[31.23626,-16.02367],[30.93876,-16.01168],[30.63015,-15.99918],[30.43776,-15.99535],[30.40939,-15.9782],[30.39812,-15.80074],[30.39606,-15.64308]],[[12.27556,-6.00335],[12.32527,-6.02428],[12.4154,-6.04537],[12.53859,-6.02144],[12.75894,-5.97292],[12.878,-5.91421],[12.98301,-5.87535],[13.06817,-5.86486],[13.18434,-5.85628],[13.30263,-5.88186],[13.34645,-5.86341],[13.37152,-5.86181],[13.64902,-5.86176],[13.76451,-5.8552],[13.97851,-5.85726],[14.11379,-5.86512],[14.19084,-5.87602],[14.39869,-5.89266],[14.6579,-5.88884],[14.74947,-5.88011],[15.08934,-5.87447],[15.42503,-5.86884],[15.72693,-5.86383],[16.06019,-5.86491],[16.31526,-5.86564],[16.43148,-5.90021],[16.53711,-5.96579],[16.58517,-6.02527],[16.60806,-6.05152],[16.63953,-6.11451],[16.69731,-6.16427],[16.71782,-6.24143],[16.70098,-6.34602],[16.7094,-6.4717],[16.74299,-6.61846],[16.81306,-6.77256],[16.91941,-6.93394],[16.96577,-7.0621],[16.95202,-7.15708],[16.98473,-7.25744],[17.0638,-7.36312],[17.12157,-7.41903],[17.15506,-7.46135],[17.24502,-7.62331],[17.41132,-7.88195],[17.53601,-8.07584],[17.57958,-8.09904],[17.6434,-8.09072],[17.77879,-8.07139],[17.91305,-8.06767],[18.00875,-8.10757],[18.0472,-8.1008],[18.19148,-8.0238],[18.33483,-8.00034],[18.48469,-7.96856],[18.56272,-7.9359],[18.65341,-7.936],[18.89831,-7.99812],[18.94446,-8.00147],[19.14269,-8.00147],[19.34087,-7.96664],[19.36991,-7.70656],[19.37167,-7.65509],[19.41931,-7.55732],[19.47993,-7.4722],[19.48742,-7.39071],[19.4838,-7.27945],[19.52763,-7.14447],[19.66033,-7.03714],[19.8752,-6.98634],[19.99742,-6.97647],[20.19007,-6.94629],[20.48219,-6.91586],[20.59009,-6.91994],[20.59872,-6.93513],[20.53692,-7.12179],[20.53583,-7.18276],[20.55836,-7.24447],[20.60777,-7.27769],[20.9109,-7.28147],[21.19037,-7.28493],[21.51086,-7.29666],[21.75106,-7.30544],[21.78165,-7.3147],[21.80609,-7.32865],[21.84159,-7.42099],[21.83363,-7.60166],[21.7801,-7.86541],[21.80087,-8.11191],[21.89585,-8.34114],[21.90541,-8.69337],[21.87187,-8.90349],[21.82945,-9.16843],[21.81317,-9.46872],[21.85668,-9.59419],[21.94867,-9.72556],[22.08912,-9.86281],[22.19775,-10.04063],[22.27454,-10.25911],[22.30244,-10.39668],[22.28167,-10.45331],[22.28317,-10.55155],[22.30704,-10.69129],[22.28048,-10.78399],[22.20348,-10.82947],[22.1779,-10.89231],[22.21666,-11.01266],[22.22617,-11.12201],[22.25666,-11.16371],[22.27877,-11.19415],[22.31495,-11.19859],[22.39293,-11.15947],[22.4861,-11.08671],[22.56103,-11.05581],[22.6665,-11.05974],[22.81471,-11.08025],[23.07625,-11.08785],[23.15676,-11.07478],[23.40015,-10.97644],[23.46392,-10.9693],[23.55994,-10.97861],[23.69641,-11.0076],[23.83393,-11.01369],[23.90116,-10.98315],[23.90731,-10.94341],[23.9287,-10.89148],[23.96647,-10.87179]],[[-16.56229,13.58731],[-16.30874,13.59687],[-16.00163,13.59276],[-15.66718,13.58829],[-15.50967,13.58623],[-15.42688,13.72699],[-15.26953,13.78911],[-15.10835,13.81213],[-15.02445,13.80601],[-14.9358,13.7852],[-14.76599,13.66909],[-14.66016,13.64263],[-14.57086,13.61617],[-14.50699,13.55972],[-14.4055,13.50372],[-14.32555,13.48858],[-14.27804,13.49719],[-14.199,13.51876],[-14.14696,13.53615],[-13.97738,13.54344],[-13.85282,13.47856],[-13.82672,13.40781],[-13.8475,13.33531],[-14.0149,13.2964],[-14.24675,13.23583],[-14.43857,13.26891],[-14.67192,13.35172],[-14.80826,13.41112],[-14.86506,13.43484],[-14.95027,13.47259],[-15.02458,13.51331],[-15.09641,13.53964],[-15.15114,13.55651],[-15.1916,13.53527],[-15.21212,13.48507],[-15.24452,13.42913],[-15.28622,13.39598],[-15.48181,13.37634],[-15.65731,13.3558],[-15.75156,13.33836],[-15.8144,13.32513],[-15.83425,13.15646],[-16.03305,13.15837],[-16.22833,13.16028],[-16.43088,13.15734],[-16.64877,13.15413],[-16.70453,13.11972],[-16.76334,13.06414]],[[0.21749,14.91149],[0.20382,14.86506],[0.20278,14.78279],[0.18506,14.65296],[0.16382,14.4972],[0.25061,14.39643],[0.35458,14.28802],[0.38249,14.24582],[0.35484,14.13903],[0.37406,14.07635],[0.4292,13.97212],[0.52233,13.83972],[0.61818,13.7034],[0.68454,13.68539],[0.74779,13.67451],[0.78603,13.65005],[0.84225,13.6264],[0.89791,13.61093],[0.94659,13.58113],[0.97775,13.55194],[1.01785,13.46786],[1.12596,13.41236],[1.2012,13.35753],[1.17092,13.32957],[1.07686,13.34079],[0.98845,13.36484],[0.97672,13.32451],[0.9731,13.17036],[0.98726,13.04189],[1.00788,13.02481],[1.09681,13.00112],[1.30869,12.83426],[1.50051,12.67646],[1.56495,12.63541],[1.67104,12.6198],[1.78979,12.61326],[1.84095,12.62786],[1.95619,12.70744],[2.01738,12.71623],[2.07381,12.71395],[2.10461,12.70129],[2.15975,12.63644],[2.21158,12.53841],[2.22625,12.46606],[2.22139,12.42723],[2.20382,12.41258],[2.10936,12.39387],[2.06854,12.37914],[2.05841,12.35795],[2.07298,12.30935],[2.09138,12.27796],[2.19442,12.13647],[2.34335,11.94599],[2.38919,11.89705]],[[18.61032,3.47844],[18.55383,3.5102],[18.49978,3.6041],[18.47446,3.62298],[18.31819,3.58079],[18.23706,3.54268],[18.19396,3.50542],[18.16099,3.49979],[18.11128,3.55108],[18.07226,3.5603],[18.01072,3.55084],[17.94798,3.55175],[17.90715,3.55839],[17.88033,3.55384],[17.80659,3.58417],[17.53772,3.66164],[17.49157,3.6873],[17.43799,3.68463],[17.29846,3.61717],[17.22472,3.59841],[17.00251,3.55668],[16.76433,3.53627],[16.67338,3.53518],[16.6107,3.50537],[16.57039,3.46307],[16.5431,3.36951],[16.49629,3.20882],[16.4768,3.16516],[16.48006,3.101],[16.46621,2.99323],[16.4596,2.89652],[16.46859,2.83171],[16.40125,2.70102],[16.31966,2.54277],[16.25175,2.4068],[16.18344,2.27007]],[[16.18261,2.26245],[16.17662,2.20478],[16.11574,2.16783],[16.08003,2.1068],[16.06959,2.02169],[16.08794,1.91807],[16.13496,1.79596],[16.1361,1.72421],[16.11956,1.71411],[16.09032,1.69127],[16.05941,1.67623],[15.97518,1.76002],[15.88165,1.81658],[15.7416,1.915],[15.60032,1.95037],[15.41749,1.95675],[15.33878,1.94471],[15.28246,1.98171],[15.2035,2.02445],[15.16004,2.03559],[15.09957,2.00236],[15.05782,2.00086],[15.0064,2.01375],[14.90243,2.01228],[14.89282,2.06933],[14.87504,2.08044],[14.7629,2.07517],[14.72833,2.1224],[14.71324,2.11713],[14.66911,2.13207],[14.57893,2.19914],[14.48411,2.15473],[14.28702,2.16033],[14.03437,2.15891],[13.77273,2.15741],[13.53347,2.15951],[13.29359,2.16157]],[[15.48007,7.52378],[15.37914,7.35816],[15.24592,7.26359],[15.2067,7.20615],[15.18587,7.13491],[15.15714,7.06355],[15.08635,6.90991],[15.03457,6.78442],[14.98273,6.7453],[14.86191,6.55572],[14.78037,6.36571],[14.76409,6.31636],[14.73929,6.2798],[14.6995,6.25026],[14.5594,6.1912],[14.51206,6.1619],[14.47501,6.12681],[14.4407,6.08671],[14.43114,6.0387],[14.4639,5.9707],[14.50313,5.9169],[14.5425,5.91359],[14.57728,5.91602],[14.59883,5.88401],[14.61692,5.86512],[14.61692,5.4955],[14.58364,5.43967],[14.58436,5.41476],[14.56803,5.35109],[14.56302,5.27994],[14.57351,5.25172],[14.60172,5.2288],[14.64064,5.17906],[14.66167,5.06553],[14.709,4.66556],[14.73123,4.60241],[14.7704,4.55812],[14.89354,4.47187],[15.02278,4.35855],[15.06361,4.28486],[15.08748,4.16398],[15.13694,4.06913],[15.13585,4.03691],[15.11544,4.02448],[15.06733,4.02293],[15.03488,4.01634],[15.06206,3.9472],[15.12872,3.8269],[15.23982,3.70215],[15.36013,3.56712],[15.45836,3.45684],[15.58089,3.32931],[15.67654,3.22967],[15.77499,3.1272],[15.8493,3.10307],[15.90485,3.09583],[15.92872,3.07578],[15.95797,3.0287],[16.00815,2.97664],[16.06349,2.90861],[16.08246,2.8391],[16.05931,2.77301],[16.08215,2.67818],[16.08349,2.67002],[16.10189,2.63268],[16.09548,2.5992],[16.10675,2.47347],[16.1361,2.36376],[16.18344,2.27007],[16.18261,2.26245]],[[33.9761,4.22021],[33.74164,3.98526],[33.56842,3.81171],[33.53954,3.78711],[33.48936,3.75507],[33.3243,3.75434],[33.15408,3.7747],[32.99724,3.8802],[32.83803,3.79848],[32.73716,3.77269],[32.6769,3.76318],[32.53479,3.74995],[32.33573,3.70618],[32.24551,3.6513],[32.19672,3.60779],[32.15626,3.528],[32.1359,3.51973],[32.09947,3.52919],[32.0482,3.56118],[31.94185,3.60756],[31.88827,3.7091],[31.83871,3.77047],[31.79809,3.80261],[31.6289,3.70148],[31.54715,3.67758],[31.47997,3.68045],[31.35739,3.73758],[31.22195,3.78594],[31.15234,3.78561],[31.04801,3.72499],[30.92941,3.63407],[30.86812,3.54413],[30.83856,3.49072]],[[13.07272,-4.63481],[13.05732,-4.65103],[12.94751,-4.69527],[12.82964,-4.73661],[12.67476,-4.90538],[12.59616,-4.9784],[12.57353,-4.99654],[12.50273,-5.0369],[12.45147,-5.07153],[12.45322,-5.09059],[12.48738,-5.11271],[12.52237,-5.14894],[12.51891,-5.42458],[12.50376,-5.69578],[12.48454,-5.71877],[12.38599,-5.72776],[12.2553,-5.74647],[12.2137,-5.75872]],[[31.94826,-25.95759],[31.92826,-25.8854],[31.92025,-25.77393],[31.98454,-25.63198],[31.97937,-25.35943],[31.98702,-25.26347],[31.98578,-25.07387],[31.98444,-24.84407],[31.98319,-24.63829],[31.98583,-24.46068],[31.96666,-24.37645],[31.95059,-24.3303],[31.90796,-24.23619],[31.85829,-24.04024],[31.79964,-23.89224],[31.72399,-23.79457],[31.69996,-23.7431],[31.67557,-23.67426],[31.6041,-23.55293],[31.5456,-23.48234],[31.52963,-23.42581],[31.53175,-23.27946],[31.46669,-23.01668],[31.4193,-22.82512],[31.34799,-22.61753],[31.30024,-22.47858],[31.29316,-22.4547],[31.28784,-22.40204]],[[33.20173,-14.01336],[32.98716,-14.08498],[32.87451,-14.1225],[32.55319,-14.22957],[32.27289,-14.323],[32.19993,-14.34078],[32.05451,-14.38651],[31.98211,-14.41442],[31.7289,-14.49607],[31.62306,-14.53668],[31.53795,-14.57715],[31.32846,-14.63766],[31.1309,-14.69466],[30.91515,-14.75331],[30.67335,-14.8191],[30.5377,-14.86653],[30.44608,-14.90751],[30.23188,-14.99035],[30.22175,-15.01051],[30.22496,-15.06694],[30.25214,-15.18321],[30.30568,-15.28883],[30.35058,-15.34971],[30.37983,-15.50587],[30.39606,-15.64308]],[[34.9595,-11.5781],[34.82654,-11.57568],[34.65952,-11.58865],[34.61859,-11.62022],[34.60629,-11.69009],[34.55394,-11.83411],[34.52475,-11.88697],[34.46294,-11.98376],[34.37597,-12.12024],[34.35783,-12.16474],[34.36083,-12.21057],[34.41209,-12.39588],[34.46583,-12.5907],[34.48289,-12.66677],[34.52128,-12.92577],[34.54257,-13.10871],[34.54568,-13.2163],[34.56366,-13.36017],[34.61151,-13.43789],[34.66159,-13.48667],[34.85051,-13.51602],[34.90684,-13.55168],[35.01381,-13.64346],[35.24749,-13.89688],[35.37575,-14.05873],[35.48851,-14.20105],[35.69041,-14.46552],[35.8472,-14.67094],[35.86668,-14.86374],[35.89272,-14.8918],[35.83991,-15.03469],[35.80539,-15.26563],[35.8303,-15.4189],[35.81996,-15.68033],[35.79123,-15.95866],[35.75532,-16.0583],[35.70886,-16.09581],[35.59931,-16.12589],[35.35849,-16.16051],[35.32242,-16.19317],[35.29147,-16.24717],[35.24279,-16.37538],[35.18527,-16.50488],[35.16719,-16.56023],[35.17835,-16.5733],[35.22982,-16.63924],[35.28119,-16.80781],[35.29038,-17.09694],[35.27255,-17.11844],[35.2014,-17.1311],[35.12455,-17.12728],[35.09303,-17.11095],[35.06461,-17.07859],[35.04399,-17.01689],[35.09422,-16.97385],[35.11215,-16.8985],[35.07985,-16.83391],[35.01531,-16.81954],[34.93335,-16.76037],[34.75884,-16.5671],[34.6127,-16.4315],[34.5281,-16.31916],[34.44134,-16.27446],[34.41643,-16.24681],[34.39556,-16.19927],[34.39514,-16.1309],[34.40305,-16.08031],[34.37597,-16.02372],[34.28833,-15.93608],[34.24822,-15.88751],[34.24611,-15.82942],[34.28305,-15.77346],[34.35804,-15.70524],[34.41478,-15.56675],[34.43493,-15.4772],[34.54087,-15.29731],[34.55549,-15.14094],[34.55761,-15.01593],[34.5512,-14.9224],[34.52413,-14.73073],[34.50532,-14.59813],[34.37499,-14.42486],[34.33251,-14.40858],[34.20874,-14.42377],[34.10183,-14.4493],[34.04943,-14.48527],[33.96984,-14.48713],[33.76143,-14.51731],[33.69606,-14.53033],[33.65829,-14.56164],[33.63643,-14.56821],[33.50527,-14.43411],[33.38993,-14.28946],[33.24358,-14.04307],[33.20173,-14.01336]],[[29.57693,-1.38787],[29.57998,-1.35676],[29.56402,-1.12143],[29.56195,-0.97736],[29.59006,-0.88713],[29.60639,-0.7831],[29.60825,-0.69127],[29.64783,-0.53521],[29.63316,-0.44168],[29.68432,-0.11358],[29.6978,-0.0602],[29.7177,0.09834],[29.74969,0.14723],[29.77785,0.16635],[29.81465,0.2636],[29.88544,0.41894],[29.93448,0.49904],[29.92379,0.67391],[29.93169,0.79287],[29.94291,0.81923],[30.04734,0.86351],[30.18289,0.97348],[30.24015,1.10278],[30.32108,1.1853],[30.47786,1.23884],[30.47817,1.23905],[30.94253,1.68279],[31.1588,1.922],[31.2527,2.04458],[31.25611,2.0885],[31.27399,2.14628],[31.23637,2.19134],[31.19136,2.23227],[31.17632,2.27007],[31.13756,2.28888],[31.08216,2.2881],[31.04537,2.31554],[31.00362,2.36937],[30.96197,2.40329],[30.83009,2.40042],[30.72859,2.45538],[30.72994,2.53026],[30.76952,2.67798],[30.84662,2.84701],[30.85076,2.89367],[30.83996,2.93352],[30.82141,2.96757],[30.78647,3.00134],[30.75397,3.0418],[30.77924,3.16337],[30.82781,3.28259],[30.86761,3.34215],[30.90647,3.40894],[30.8953,3.46367],[30.83856,3.49072]],[[36.52431,14.25686],[36.49227,14.54433],[36.47083,14.73647],[36.44814,14.94007],[36.42675,15.1321],[36.52178,15.25015],[36.56596,15.36209],[36.67919,15.72638],[36.72451,15.79888],[36.8135,15.99396],[36.8259,16.05029],[36.91375,16.29619],[36.90548,16.45954],[36.88781,16.62464],[36.93576,16.72234],[36.97865,16.80058],[36.97576,16.86654],[36.99519,17.02054],[37.00904,17.05888],[37.06149,17.06126],[37.16949,17.04142],[37.24887,17.05687],[37.34039,17.0571],[37.41103,17.0617],[37.45294,17.10867],[37.5102,17.28814],[37.5474,17.32411],[37.57598,17.33501],[37.65675,17.36824],[37.726,17.42051],[37.78238,17.458],[37.80331,17.46552],[37.86299,17.47025],[37.92252,17.49232],[37.95007,17.51767],[38.02531,17.53777],[38.09889,17.52648],[38.1485,17.54854],[38.18158,17.56286],[38.21904,17.56397],[38.25351,17.58474],[38.26726,17.6167],[38.28989,17.63704],[38.34736,17.68357],[38.37371,17.71734],[38.38549,17.75127],[38.39717,17.77837],[38.42249,17.8239],[38.5228,17.93854],[38.60946,18.00508]],[[42.37848,12.46642],[42.28996,12.57024],[42.22505,12.66197],[42.13431,12.77142],[42.04656,12.82061],[41.9521,12.88234],[41.85959,13.0259],[41.76503,13.18392],[41.62498,13.31325],[41.36288,13.4998],[41.12233,13.73614],[40.93857,13.9831],[40.82017,14.11167],[40.76958,14.14449],[40.52438,14.22518],[40.35307,14.33807],[40.22145,14.43116],[40.14063,14.45607],[40.06208,14.45912],[39.89506,14.44067],[39.75616,14.49904],[39.69792,14.49901],[39.6049,14.51606],[39.53188,14.53671],[39.4461,14.51185],[39.27014,14.47031],[39.198,14.47937],[39.15862,14.53751],[39.13542,14.5819],[39.07424,14.6282],[39.0238,14.6282],[38.99569,14.58686],[38.81203,14.48232],[38.5044,14.42439],[38.43143,14.4286],[38.37691,14.47041],[38.22147,14.64965],[38.17708,14.67879],[38.14204,14.68148],[38.06996,14.70272],[38.00257,14.73711],[37.94345,14.81054],[37.88423,14.8523],[37.82026,14.70848],[37.70843,14.45723],[37.64848,14.32254],[37.57117,14.14906],[37.54678,14.14387],[37.50725,14.1564],[37.35372,14.37248],[37.25724,14.45374],[37.1852,14.44599],[37.13265,14.40607],[37.09947,14.33396],[37.0635,14.28926],[37.02454,14.272],[36.94072,14.28058],[36.81195,14.31502],[36.67914,14.30758],[36.5424,14.25823],[36.52431,14.25686]],[[27.35195,57.52812],[27.35428,57.55029],[27.3718,57.61256],[27.40001,57.66682],[27.492,57.72495],[27.51473,57.76423],[27.54212,57.79942],[27.75286,57.84102],[27.77694,57.85673],[27.77849,57.87068],[27.76878,57.88414],[27.72196,57.90548],[27.67338,57.9346],[27.64408,58.01393],[27.57111,58.13811],[27.50243,58.22136],[27.48781,58.27009],[27.50554,58.32626],[27.53013,58.38148],[27.53137,58.43525],[27.42704,58.73306],[27.43417,58.78726],[27.4644,58.84132],[27.51308,58.88628],[27.62176,58.94496],[27.75766,59.052],[27.84949,59.19267],[27.89766,59.27762],[27.93817,59.297],[28.01646,59.30173],[28.04612,59.32785],[28.06137,59.34325],[28.12829,59.35757],[28.15108,59.37444],[28.13299,59.40309],[28.06581,59.45317],[28.01253,59.48428]],[[75.30262,32.31891],[75.30365,32.31758]],[[-84.34828,10.9799],[-84.40184,10.97447],[-84.48918,10.99163],[-84.63418,11.04563],[-84.70115,11.05219],[-84.79735,11.00589],[-84.90915,10.9453],[-85.17896,11.03995],[-85.36835,11.10645],[-85.53873,11.16629],[-85.5842,11.18945],[-85.62141,11.18449],[-85.65366,11.15307],[-85.69055,11.09746],[-85.70264,11.08152],[-85.72228,11.06625],[-85.74432,11.06212]],[[-82.87935,8.07067],[-82.88331,8.13059],[-82.91289,8.19963],[-82.94842,8.25686],[-83.02338,8.31603],[-83.02733,8.33773],[-82.99754,8.36776],[-82.8616,8.45349],[-82.84478,8.48938],[-82.84261,8.56395],[-82.85571,8.63529],[-82.91703,8.74032],[-82.88196,8.80533],[-82.81192,8.85744],[-82.74001,8.8986],[-82.72781,8.91605],[-82.74115,8.9517],[-82.78306,8.9903],[-82.88134,9.05588],[-82.94036,9.06009],[-82.94281,9.24889],[-82.93987,9.44919],[-82.92504,9.46903],[-82.88894,9.481],[-82.86013,9.51146],[-82.84401,9.57079],[-82.80104,9.59182],[-82.72339,9.54608],[-82.64407,9.50588],[-82.61128,9.51921],[-82.5865,9.5388],[-82.56924,9.55818],[-82.56359,9.57668]],[[-66.87604,1.22303],[-66.89552,1.2899],[-66.88449,1.35824],[-66.9311,1.458],[-66.95836,1.56422],[-66.98151,1.60078],[-66.98813,1.68016],[-67.04389,1.8232],[-67.08954,1.94032],[-67.13143,1.99985],[-67.1138,2.05057],[-67.13143,2.10127],[-67.16548,2.14256],[-67.21522,2.27547],[-67.1976,2.33278],[-67.21083,2.39011],[-67.25276,2.42946],[-67.31224,2.47168],[-67.39162,2.5599],[-67.48642,2.64366],[-67.53494,2.67674],[-67.56802,2.68996],[-67.59667,2.76934],[-67.61871,2.7936],[-67.66723,2.80022],[-67.76645,2.83329],[-67.85906,2.7936],[-67.86125,2.85533],[-67.83479,2.89282],[-67.51481,3.18725],[-67.35358,3.32267],[-67.33627,3.34261],[-67.32216,3.37396],[-67.31116,3.41586],[-67.34769,3.46377],[-67.49869,3.69109],[-67.55112,3.73383],[-67.60256,3.76879],[-67.66163,3.86426],[-67.73235,4.08652],[-67.78322,4.19822],[-67.79862,4.28387],[-67.79542,4.38072],[-67.81431,4.45508],[-67.85526,4.50688],[-67.85526,4.66548],[-67.81431,4.93081],[-67.8042,5.1325],[-67.82492,5.27048],[-67.78842,5.37549],[-67.69465,5.44752],[-67.6423,5.55878],[-67.63134,5.70937],[-67.57522,5.83308],[-67.47389,5.92997],[-67.43937,6.02552],[-67.47161,6.11978],[-67.482,6.18027],[-67.56807,6.24182],[-67.72715,6.28494],[-67.85916,6.2899],[-67.9389,6.24195],[-68.1431,6.1975],[-68.47176,6.15652],[-68.73647,6.15678],[-68.93723,6.19817],[-69.08991,6.18438],[-69.19451,6.11534],[-69.26814,6.09973],[-69.31083,6.13761],[-69.35708,6.148],[-69.42713,6.12399],[-69.43924,6.13492],[-69.59484,6.3215],[-69.73899,6.49438],[-69.90423,6.70026],[-70.09499,6.93792],[-70.12923,6.95363],[-70.18814,6.95203],[-70.26612,6.94792],[-70.38748,6.97262],[-70.47065,7.00712],[-70.53553,7.04055],[-70.65509,7.08277],[-70.73715,7.09006],[-70.81071,7.0776],[-71.01331,6.99446],[-71.1286,6.98671],[-71.21782,6.98521],[-71.45716,7.02634],[-71.62087,7.0329],[-71.8113,7.00583],[-71.89266,6.99032],[-72.00663,7.03259],[-72.08425,7.09685],[-72.1567,7.24971],[-72.20771,7.37025],[-72.29633,7.39454],[-72.39462,7.4151],[-72.44299,7.45489],[-72.47198,7.52427],[-72.47895,7.61323],[-72.4689,7.75798],[-72.45958,7.80986],[-72.44604,7.96613],[-72.39167,8.04773],[-72.35762,8.08728],[-72.36418,8.15278],[-72.39036,8.28704],[-72.41656,8.38199],[-72.52572,8.48972],[-72.66543,8.62759],[-72.72553,8.84827],[-72.7964,9.10898],[-72.85209,9.13518],[-72.90446,9.12208],[-72.96014,9.13518],[-73.00926,9.23995],[-73.05838,9.25959],[-73.13669,9.22282],[-73.19317,9.19412],[-73.33671,9.16792],[-73.36619,9.19412],[-73.35634,9.22685],[-73.29565,9.32202],[-73.22428,9.44358],[-73.14127,9.55464],[-73.06409,9.6682],[-73.00652,9.78914],[-72.9674,10.02972],[-72.94037,10.19576],[-72.86934,10.49125],[-72.73915,10.7272],[-72.69011,10.83585],[-72.57228,10.97716],[-72.51802,11.0539],[-72.44609,11.11426],[-72.2485,11.19642],[-72.01232,11.60193],[-71.95808,11.66639],[-71.71949,11.72683],[-71.53607,11.77406],[-71.40021,11.82354],[-71.35559,11.84974],[-71.31975,11.86191]],[[-68.44336,-52.35665],[-68.46098,-52.29045],[-68.58979,-52.27335],[-68.71518,-52.25552],[-68.92455,-52.20813],[-69.20621,-52.13615],[-69.48844,-52.13615],[-69.71261,-52.07543],[-69.96027,-52.00825],[-70.48288,-52.00225],[-70.94318,-51.99812],[-71.41473,-51.99398],[-71.71657,-51.9913],[-71.91868,-51.98954],[-71.9711,-51.96417],[-71.95346,-51.88035],[-72.02844,-51.81865],[-72.13696,-51.74403],[-72.26899,-51.69111],[-72.33452,-51.62036],[-72.40767,-51.54083],[-72.3664,-51.4703],[-72.3032,-51.29894],[-72.30183,-51.22333],[-72.35917,-51.17042],[-72.37679,-51.09543],[-72.35917,-51.06014],[-72.30739,-51.03342],[-72.27633,-50.91023],[-72.30062,-50.78951],[-72.34026,-50.68187],[-72.39255,-50.63427],[-72.46014,-50.61174],[-72.50983,-50.60751],[-72.62039,-50.64771],[-72.80359,-50.63768],[-72.86591,-50.65313],[-72.95554,-50.69644],[-73.08236,-50.76031],[-73.15292,-50.73825],[-73.17452,-50.66998],[-73.22165,-50.61071],[-73.25162,-50.55852],[-73.27415,-50.47253],[-73.31172,-50.36194],[-73.38663,-50.23115],[-73.50127,-50.12531],[-73.5077,-50.03028],[-73.52892,-49.91091],[-73.47042,-49.79458],[-73.48074,-49.76535]],[[-68.62994,-52.65265],[-68.6317,-52.94953],[-68.63345,-53.24187],[-68.63506,-53.51544],[-68.63668,-53.78891],[-68.63823,-54.05298],[-68.63981,-54.32397],[-68.64751,-54.62783],[-68.65325,-54.85366],[-68.65493,-54.91954],[-68.46243,-54.89469],[-68.25988,-54.87639],[-68.05612,-54.87815],[-67.70478,-54.90807],[-67.35232,-54.93489],[-67.15308,-54.95406],[-66.98069,-54.99235],[-66.66115,-55.0694],[-66.47599,-55.114]],[[22.76624,54.35679],[22.73182,54.35012],[22.1685,54.35989],[21.63416,54.37647],[21.14055,54.39182],[20.66471,54.40663],[20.2082,54.42076],[19.92434,54.43399],[19.64421,54.44709],[19.60436,54.45916]],[[48.44245,28.54291],[48.26871,28.54051],[48.0496,28.53751],[47.87194,28.53547],[47.67133,28.53317],[47.58307,28.62797],[47.5532,28.73155],[47.52126,28.83783],[47.43321,28.98955],[47.13876,29.02619],[46.98228,29.04567],[46.72483,29.07461],[46.53146,29.09626]],[[44.76515,37.14244],[44.76541,37.135],[44.79843,37.06389],[44.88086,36.79933],[44.92783,36.76592],[44.98147,36.73771],[45.01925,36.69838],[45.03397,36.6589],[45.02943,36.59756],[45.03108,36.52609],[45.05315,36.47162],[45.08379,36.43003],[45.11237,36.40925],[45.15531,36.40736],[45.20657,36.39716],[45.24115,36.35597],[45.35091,36.05465],[45.36165,36.01535],[45.40775,36.00279],[45.48377,36.00855],[45.56164,35.97718],[45.645,35.92835],[45.72349,35.83665],[45.77631,35.82182],[45.94141,35.83538],[46.16745,35.82055],[46.27338,35.77322],[46.26248,35.74412],[46.18098,35.71139],[46.03738,35.67317],[45.99505,35.60811],[45.97107,35.52419],[45.97542,35.47683],[46.01066,35.42482],[46.11205,35.32167],[46.11773,35.28426],[46.13577,35.23229],[46.15468,35.19674],[46.13375,35.12765],[46.04177,35.08016],[45.9209,35.02851],[45.67807,34.79845],[45.66009,34.74878],[45.66153,34.61267],[45.63745,34.57381],[45.56087,34.57453],[45.50082,34.58158],[45.49772,34.53386],[45.45938,34.47035],[45.43762,34.41513],[45.52687,34.28468],[45.54278,34.21554],[45.52862,34.15254],[45.44604,34.04402],[45.39705,33.97085],[45.40899,33.95452],[45.47328,33.92547],[45.67373,33.68668],[45.73833,33.60283],[45.82282,33.62479],[45.85449,33.62332],[45.8794,33.60976],[45.8947,33.58157],[45.89475,33.54565],[45.8732,33.49201],[45.981,33.47013],[46.01996,33.41574],[46.14585,33.22965],[46.14109,33.17441],[46.08078,33.08653],[46.08042,33.02822],[46.09303,32.97587],[46.11277,32.95765],[46.29819,32.95024],[46.37705,32.92923],[46.56995,32.83394],[46.78911,32.68798],[46.96853,32.56843],[47.12139,32.4666],[47.28521,32.47401],[47.3298,32.45551],[47.3713,32.42376],[47.41812,32.34009],[47.51186,32.15083],[47.59149,32.08796],[47.71453,31.93645],[47.82998,31.79442],[47.75396,31.60138],[47.6795,31.40059],[47.6795,31.14151],[47.6795,31.0024],[47.83639,30.99646],[48.01064,30.98981],[48.01204,30.82362],[48.01343,30.65642],[48.01493,30.46563],[48.06614,30.45768],[48.14753,30.41683],[48.18236,30.35502],[48.22613,30.32135],[48.27895,30.3158],[48.33103,30.28544],[48.38261,30.2302],[48.40142,30.18834],[48.38757,30.15986],[48.39863,30.10961],[48.43459,30.03762],[48.47852,30.0038],[48.54653,29.96236]],[[61.26203,35.61958],[61.23888,35.65927],[61.23557,35.70557],[61.25872,35.7618],[61.25211,35.86763],[61.2058,35.9437],[61.15289,35.97677],[61.1595,35.99992],[61.18265,36.05284],[61.21242,36.09914],[61.21201,36.19053],[61.17511,36.2897],[61.16033,36.43271],[61.16994,36.57224],[61.11966,36.64257],[60.7079,36.64298],[60.34131,36.63766],[60.32069,36.65355],[60.17827,36.82943],[60.06277,36.96291],[59.94862,37.04162],[59.68724,37.13846],[59.56218,37.17889],[59.45495,37.25282],[59.36736,37.33374],[59.34473,37.44474],[59.3269,37.48118],[59.30174,37.51066],[59.27409,37.52376],[59.24081,37.52076],[58.93721,37.64964],[58.81546,37.68349],[58.70084,37.65623],[58.6502,37.65155],[58.55046,37.68816],[58.43569,37.63853],[58.3867,37.63533],[58.31813,37.64721],[58.26164,37.66582],[58.10884,37.78307],[57.98058,37.83046],[57.88818,37.86084],[57.71051,37.90528],[57.52096,37.92849],[57.42381,37.94768],[57.35374,37.97334],[57.3357,37.98993],[57.33669,38.03292],[57.33147,38.0893],[57.30811,38.13036],[57.2601,38.17958],[57.19354,38.2164],[57.07903,38.20997],[56.90664,38.21302],[56.7746,38.25004],[56.66996,38.25663],[56.54402,38.2496],[56.44067,38.24942],[56.36693,38.22252],[56.32414,38.19111],[56.29696,38.09483],[56.27205,38.08044],[56.2288,38.07339],[56.17118,38.07835],[56.05031,38.07752],[55.84127,38.09463],[55.57845,38.09974],[55.38089,38.05111],[55.22467,37.98132],[55.07553,37.90249],[54.90009,37.77795],[54.84867,37.72263],[54.74522,37.5019],[54.69943,37.47017],[54.63969,37.44474],[54.57892,37.44025],[54.45867,37.40756],[54.29977,37.35359],[54.19166,37.33245],[53.91416,37.34356]],[[140.97349,-2.6001],[140.97355,-2.80339],[140.97365,-3.00669],[140.97375,-3.20999],[140.97385,-3.41328],[140.97396,-3.61658],[140.97401,-3.81987],[140.97406,-4.02316],[140.97416,-4.22646],[140.97427,-4.42976],[140.97432,-4.63305],[140.97437,-4.83634],[140.97448,-5.03964],[140.97458,-5.24294],[140.97463,-5.44623],[140.97468,-5.64953],[140.97479,-5.85282],[140.97489,-6.05612],[140.97494,-6.25941],[140.97499,-6.34612],[140.94404,-6.45227],[140.87464,-6.61148],[140.86234,-6.74005],[140.91954,-6.84005],[140.9752,-6.90537],[140.9752,-7.07259],[140.9753,-7.27589],[140.97541,-7.47918],[140.97551,-7.68248],[140.97556,-7.88577],[140.97561,-8.08907],[140.97572,-8.29236],[140.97582,-8.49566],[140.97587,-8.69895],[140.97592,-8.90225],[140.97617,-9.11875]],[[9.51873,30.22942],[9.42095,30.17932],[9.31026,30.11524],[9.39098,29.99365],[9.54622,29.79593],[9.64017,29.63641],[9.67262,29.56698],[9.74595,29.36896],[9.80522,29.17693],[9.82072,29.11479],[9.84253,28.96702],[9.81561,28.56022],[9.85824,28.0433],[9.91596,27.78569],[9.82527,27.55297],[9.74755,27.33086],[9.75251,27.21932],[9.7954,27.04478],[9.83716,26.91583],[9.89442,26.84792],[9.88325,26.63083],[9.85933,26.55197],[9.68497,26.43823],[9.49144,26.33374],[9.43791,26.24553],[9.4224,26.14709],[9.44819,26.06714],[9.58126,25.89013],[9.78109,25.62428],[10.00071,25.3321],[10.01906,25.25856],[10.02815,25.05103],[10.11952,24.79022],[10.21863,24.67622],[10.25584,24.59103],[10.32581,24.53023],[10.39588,24.48559],[10.43898,24.48021],[10.6861,24.55137],[11.10824,24.43401],[11.50765,24.31433],[11.5369,24.29084],[11.62423,24.13971],[11.76701,23.8926],[11.87305,23.69483],[11.96788,23.51787]],[[-13.72926,12.6739],[-14.06485,12.67527],[-14.34922,12.67644],[-14.70817,12.67796],[-14.96061,12.67897],[-15.19609,12.67995],[-15.37795,12.58895],[-15.57478,12.4904],[-15.83954,12.43787],[-16.1442,12.45743],[-16.24151,12.44332],[-16.3423,12.3995],[-16.41633,12.36767],[-16.52134,12.34865],[-16.65694,12.36436],[-16.71179,12.35485]],[[-11.3894,12.40441],[-11.45674,12.41756],[-11.57368,12.42632],[-11.80809,12.38731],[-11.88855,12.40333],[-12.04236,12.39805],[-12.15194,12.37661],[-12.29118,12.32803],[-12.39906,12.34007],[-12.45737,12.37837],[-12.53422,12.37581],[-12.62078,12.3962],[-12.71304,12.43314],[-12.7973,12.4519],[-12.88817,12.52004],[-12.9307,12.53226],[-12.96052,12.51435],[-12.98566,12.49164],[-13.01194,12.47764],[-13.06129,12.48999],[-13.07984,12.53629],[-13.06439,12.58107],[-13.05977,12.61502],[-13.08292,12.63354],[-13.1385,12.63972],[-13.22808,12.63959],[-13.37259,12.65359],[-13.40574,12.66228],[-13.72926,12.6739]],[[0.90049,10.99326],[0.64299,10.98305],[0.54914,10.9554],[0.49271,10.95499],[0.4907,10.97819],[0.48414,10.99197],[0.15927,11.06961],[-0.06862,11.1156]],[[-139.05652,60.00158],[-139.18517,60.08357],[-139.13698,60.17271],[-139.07926,60.27945],[-139.07926,60.34371],[-139.23478,60.33973],[-139.46799,60.33371],[-139.6763,60.32833],[-139.83066,60.25289],[-139.97328,60.18315],[-140.19691,60.23749],[-140.45282,60.29973],[-140.52542,60.21834],[-140.76274,60.25911],[-141.00214,60.30025],[-141.00214,60.59245],[-141.00214,60.88466],[-141.00214,61.17686],[-141.00214,61.46907],[-141.00214,61.76127],[-141.00214,62.05347],[-141.00214,62.34568],[-141.00214,62.63788],[-141.00214,62.93009],[-141.00214,63.22229],[-141.00214,63.51447],[-141.00214,63.8067],[-141.00214,64.09888],[-141.00214,64.39111],[-141.00214,64.68331],[-141.00214,64.97552],[-141.00214,65.26772],[-141.00214,65.55993],[-141.00214,65.85213],[-141.00214,66.14433],[-141.00214,66.43654],[-141.00214,66.72874],[-141.00214,67.02095],[-141.00214,67.31315],[-141.00214,67.60536],[-141.00214,67.89756],[-141.00214,68.18974],[-141.00214,68.48197],[-141.00214,68.77417],[-141.00214,69.06638],[-141.00214,69.35858],[-141.00214,69.65079]],[[-130.62197,54.70891],[-130.57533,54.76968],[-130.49325,54.83417],[-130.31253,54.94595],[-130.21409,55.02589],[-130.06399,55.22606],[-130.01787,55.28495],[-130.0149,55.33166],[-130.02183,55.37176],[-130.03761,55.41646],[-130.06854,55.48284],[-130.10996,55.58095],[-130.12252,55.69102],[-130.09156,55.78616],[-130.02508,55.88822],[-130.01407,55.95054],[-130.02289,56.01451],[-130.05596,56.06523],[-130.09787,56.10929],[-130.21471,56.08283],[-130.41315,56.12252],[-130.4771,56.23057],[-130.64908,56.26367],[-130.74168,56.34083],[-130.93022,56.3786],[-131.08292,56.40483],[-131.1994,56.44922],[-131.3358,56.50123],[-131.47189,56.55673],[-131.57512,56.59882],[-131.65152,56.59608],[-131.82427,56.58998],[-131.83309,56.68481],[-131.886,56.74212],[-131.86616,56.79284],[-131.96251,56.8187],[-132.10428,56.85679],[-132.06292,56.95337],[-132.03152,57.02654],[-132.15702,57.0482],[-132.33799,57.07946],[-132.27942,57.14535],[-132.23216,57.19852],[-132.30166,57.27632],[-132.44248,57.40673],[-132.55048,57.4999],[-132.69151,57.64511],[-132.81553,57.7727],[-132.91684,57.87698],[-133.00141,57.94897],[-133.12042,58.07775],[-133.27529,58.22286],[-133.42257,58.33706],[-133.4011,58.41088],[-133.54639,58.50348],[-133.67393,58.59715],[-133.82074,58.70505],[-133.96574,58.75786],[-134.0692,58.79553],[-134.21852,58.8499],[-134.29699,58.8985],[-134.32965,58.93971],[-134.36352,58.96873],[-134.39306,59.00916],[-134.41021,59.05624],[-134.44075,59.08533],[-134.62198,59.1553],[-134.67722,59.19928],[-134.80241,59.24997],[-134.90724,59.27121],[-134.94377,59.28827],[-135.07131,59.44144],[-135.05085,59.49606],[-135.03666,59.55071],[-135.05103,59.57866],[-135.26078,59.69501],[-135.36785,59.7433],[-135.47594,59.79328],[-135.70259,59.72876],[-135.93464,59.66264],[-136.09716,59.63838],[-136.32183,59.60484],[-136.24713,59.5329],[-136.27798,59.48032],[-136.34785,59.45603],[-136.46634,59.45908],[-136.46673,59.27995],[-136.57874,59.15225],[-136.81327,59.15003],[-136.93931,59.10611],[-137.1262,59.04094],[-137.27756,58.98821],[-137.43858,58.90312],[-137.52088,58.91537],[-137.48416,58.99123],[-137.54369,59.11944],[-137.5933,59.22626],[-137.69663,59.28114],[-137.87057,59.37359],[-138.00113,59.44293],[-138.18745,59.54195],[-138.31762,59.61112],[-138.45364,59.68339],[-138.63225,59.77829],[-138.70546,59.90133],[-138.86875,59.94575],[-139.04344,59.99324],[-139.05652,60.00158]],[[-123.3136,48.99303],[-123.18206,48.99303],[-123.08644,48.99303],[-123.0492,48.99303],[-122.94172,48.99303],[-122.78878,48.99303],[-122.68638,48.99303]],[[-88.89405,15.89061],[-88.93718,15.88983],[-89.1136,15.90066],[-89.23282,15.8887],[-89.23749,15.89443],[-89.22765,16.14284],[-89.21243,16.52713],[-89.20127,16.809],[-89.19036,17.08469],[-89.18217,17.29119],[-89.17109,17.57229],[-89.16148,17.81483]],[[-75.28447,-0.10651],[-75.34046,-0.14216],[-75.39839,-0.14604],[-75.47596,-0.15715],[-75.58375,-0.12283],[-75.62626,-0.12283],[-75.63205,-0.15761],[-75.5606,-0.20009],[-75.49107,-0.24836],[-75.46598,-0.32174],[-75.42469,-0.40886],[-75.32524,-0.50653],[-75.26323,-0.55537],[-75.25935,-0.59015],[-75.27868,-0.65386],[-75.28359,-0.70709],[-75.24959,-0.95183],[-75.27243,-0.96681],[-75.3092,-0.96805],[-75.34819,-0.96676],[-75.38012,-0.94025],[-75.40805,-0.92428],[-75.42043,-0.96216],[-75.44916,-1.0712],[-75.51386,-1.31635],[-75.57055,-1.53122],[-75.64166,-1.60729],[-75.74454,-1.72811],[-75.88547,-1.89342],[-76.08979,-2.13315],[-76.24095,-2.24395],[-76.36014,-2.33133],[-76.49936,-2.43231],[-76.67911,-2.56263],[-76.88075,-2.63591],[-77.16146,-2.73766],[-77.36008,-2.8097],[-77.5065,-2.85998],[-77.65897,-2.91238],[-77.86059,-2.98168],[-77.93847,-3.047],[-78.06792,-3.20683],[-78.12822,-3.28388],[-78.18331,-3.35023],[-78.19465,-3.38047],[-78.18744,-3.39984],[-78.16099,-3.43209],[-78.15851,-3.46516],[-78.19489,-3.48583],[-78.2263,-3.48914],[-78.24036,-3.4726],[-78.25072,-3.43612],[-78.28418,-3.39902],[-78.32304,-3.38827],[-78.34537,-3.39736],[-78.34725,-3.43126],[-78.39805,-3.59482],[-78.39994,-3.67435],[-78.42144,-3.70577],[-78.41978,-3.77687],[-78.47104,-3.84302],[-78.49347,-3.90204],[-78.50908,-3.95216],[-78.55042,-3.98689],[-78.56512,-4.04156],[-78.60339,-4.15732],[-78.64799,-4.24816],[-78.6794,-4.32589],[-78.68514,-4.38397],[-78.66121,-4.4251],[-78.65295,-4.45818],[-78.67444,-4.51771],[-78.68602,-4.56236],[-78.74304,-4.59269],[-78.86151,-4.66504],[-78.90761,-4.71449],[-78.9258,-4.77072],[-78.91422,-4.81867],[-78.91918,-4.85836],[-78.97541,-4.87324],[-78.99525,-4.90797],[-79.03328,-4.96915],[-79.07628,-4.99065],[-79.18666,-4.95825],[-79.2681,-4.95758],[-79.33094,-4.92781],[-79.39944,-4.84001],[-79.45576,-4.76622],[-79.50191,-4.67057],[-79.51615,-4.53921],[-79.57767,-4.5006],[-79.63852,-4.45487],[-79.71097,-4.46758],[-79.79727,-4.47637],[-79.8451,-4.44588],[-79.96289,-4.39038],[-80.06351,-4.32754],[-80.13957,-4.29612],[-80.19745,-4.311],[-80.23218,-4.34904],[-80.29336,-4.41684],[-80.38351,-4.46371],[-80.42418,-4.46138],[-80.47857,-4.43006],[-80.48849,-4.39368],[-80.44384,-4.33581],[-80.35289,-4.20848],[-80.45377,-4.20517],[-80.48849,-4.16548],[-80.49345,-4.11918],[-80.50999,-4.06957],[-80.49015,-4.01004],[-80.43723,-3.97862],[-80.35785,-4.00343],[-80.30328,-4.00508],[-80.2669,-3.94885],[-80.23052,-3.92405],[-80.19414,-3.90586],[-80.17926,-3.87775],[-80.21755,-3.78773],[-80.22887,-3.73884],[-80.21729,-3.71073],[-80.21895,-3.6545],[-80.2206,-3.61316],[-80.24375,-3.57678],[-80.24541,-3.52221],[-80.26525,-3.49245],[-80.27187,-3.46103],[-80.27352,-3.42465],[-80.29832,-3.40646],[-80.32465,-3.38786]],[[-69.96593,-4.23597],[-70.01719,-4.16197],[-70.09476,-4.09215],[-70.16752,-4.05024],[-70.1984,-3.99516],[-70.24028,-3.88271],[-70.29844,-3.84426],[-70.3395,-3.81434],[-70.37919,-3.81873],[-70.4211,-3.84964],[-70.48585,-3.86938],[-70.52967,-3.86638],[-70.70619,-3.78897],[-70.73511,-3.78153],[-70.6217,-3.60459],[-70.419,-3.28827],[-70.29015,-3.08725],[-70.14708,-2.86406],[-70.07404,-2.75017],[-70.06448,-2.73079],[-70.06474,-2.70169],[-70.09584,-2.65823],[-70.16473,-2.63989],[-70.24444,-2.60656],[-70.29464,-2.55251],[-70.36415,-2.5293],[-70.41823,-2.4907],[-70.51677,-2.45313],[-70.57589,-2.4183],[-70.64801,-2.40574],[-70.70537,-2.34198],[-70.91455,-2.21857],[-70.96856,-2.20684],[-71.02731,-2.22575],[-71.11338,-2.24544],[-71.1964,-2.31304],[-71.30011,-2.33484],[-71.39695,-2.33407],[-71.44747,-2.29371],[-71.49607,-2.27919],[-71.55945,-2.2242],[-71.67146,-2.18214],[-71.75254,-2.15274],[-71.80274,-2.16628],[-71.86726,-2.22772],[-71.93248,-2.2887],[-71.98428,-2.32658],[-72.05379,-2.32461],[-72.13681,-2.38063],[-72.21846,-2.40053],[-72.30075,-2.40931],[-72.39558,-2.42889],[-72.50066,-2.39505],[-72.58673,-2.36518],[-72.62535,-2.35164],[-72.66013,-2.36104],[-72.71419,-2.39221],[-72.81123,-2.40549],[-72.88715,-2.40848],[-72.9411,-2.39401],[-72.98967,-2.33975],[-73.06817,-2.31205],[-73.15447,-2.27826],[-73.17266,-2.20844],[-73.16021,-2.1563],[-73.12651,-2.08101],[-73.14522,-2.00329],[-73.1815,-1.8804],[-73.19695,-1.83022],[-73.22397,-1.78769],[-73.26645,-1.77229],[-73.3495,-1.78387],[-73.44029,-1.73741],[-73.49628,-1.69302],[-73.52525,-1.63892],[-73.49435,-1.5366],[-73.5214,-1.44968],[-73.57548,-1.40141],[-73.61023,-1.31646],[-73.66431,-1.24886],[-73.73575,-1.21414],[-73.80719,-1.21796],[-73.86319,-1.19672],[-73.92696,-1.12515],[-73.98682,-1.09812],[-74.05442,-1.02862],[-74.18076,-0.99772],[-74.24639,-0.97064],[-74.28391,-0.92785],[-74.33442,-0.8509],[-74.32861,-0.80843],[-74.35313,-0.76657],[-74.37491,-0.69143],[-74.41788,-0.58064],[-74.46519,-0.51764],[-74.51384,-0.47015],[-74.55511,-0.42984],[-74.61637,-0.37006],[-74.69166,-0.33528],[-74.75538,-0.29859],[-74.7805,-0.24453],[-74.80173,-0.20014],[-74.83752,-0.20335],[-74.88881,-0.19942],[-74.94532,-0.18815],[-75.005,-0.15591],[-75.05466,-0.11668],[-75.13838,-0.05049],[-75.18406,-0.04175],[-75.2246,-0.04175],[-75.28447,-0.10651]],[[-66.87604,1.22303],[-67.06525,1.17838],[-67.08228,1.18541],[-67.09365,1.21],[-67.08828,1.40061],[-67.09014,1.61559],[-67.11923,1.70359],[-67.20582,1.84482],[-67.32061,2.03207],[-67.35193,2.08584],[-67.40043,2.11672],[-67.45776,2.12114],[-67.49965,2.10791],[-67.55605,2.073],[-67.60923,2.03507],[-67.71188,1.9221],[-67.81508,1.7901],[-67.87554,1.76059],[-67.93621,1.7485],[-67.98977,1.75253],[-68.03284,1.78806],[-68.07708,1.86012],[-68.13025,1.95575],[-68.19382,1.98699],[-68.21839,1.95763],[-68.23947,1.90136],[-68.25593,1.84552],[-68.21327,1.77454],[-68.17656,1.71984],[-68.23958,1.7217],[-68.44344,1.7216],[-68.67846,1.7215],[-68.91318,1.72139],[-69.12428,1.72129],[-69.31974,1.72124],[-69.39436,1.72579],[-69.47017,1.7579],[-69.54293,1.77323],[-69.58128,1.77075],[-69.65003,1.73945],[-69.73961,1.73488],[-69.79995,1.70517],[-69.84857,1.70876],[-69.84948,1.54388],[-69.8508,1.30881],[-69.85216,1.05952],[-69.79814,1.07844],[-69.75132,1.07663],[-69.71701,1.05911],[-69.62089,1.07327],[-69.56758,1.06577],[-69.51715,1.05947],[-69.47033,1.05859],[-69.44152,1.0388],[-69.40279,1.04237],[-69.36137,1.06402],[-69.31184,1.05048],[-69.25871,1.01539],[-69.22448,0.96315],[-69.19386,0.89829],[-69.16324,0.86408],[-69.16505,0.80197],[-69.16595,0.75334],[-69.17675,0.71283],[-69.16324,0.68668],[-69.15334,0.65877],[-69.15606,0.64255],[-69.17407,0.63536],[-69.21277,0.62994],[-69.25419,0.62544],[-69.28303,0.62725],[-69.30553,0.65247],[-69.32713,0.65515],[-69.35865,0.65159],[-69.39199,0.66688],[-69.4208,0.69841],[-69.47214,0.72993],[-69.52704,0.71639],[-69.56487,0.70022],[-69.6036,0.68037],[-69.63872,0.65965],[-69.67383,0.66508],[-69.71889,0.64978],[-69.75672,0.62637],[-69.80713,0.60746],[-69.86206,0.59847],[-69.92511,0.58942],[-69.98544,0.58586],[-70.05388,0.57862],[-70.05789,0.44736],[-70.06574,0.18934],[-70.07094,0.01855],[-70.07052,-0.13885],[-70.04407,-0.19616],[-69.92278,-0.31745],[-69.82795,-0.38137],[-69.74744,-0.45253],[-69.66747,-0.4824],[-69.63396,-0.50927],[-69.6119,-0.55335],[-69.60089,-0.59965],[-69.59205,-0.63934],[-69.60089,-0.68125],[-69.62073,-0.72094],[-69.6119,-0.7628],[-69.58324,-0.79587],[-69.57443,-0.83778],[-69.55459,-0.87747],[-69.54355,-0.91715],[-69.51929,-0.94583],[-69.48844,-0.96568],[-69.44875,-0.99875],[-69.44433,-1.0296],[-69.44875,-1.0649],[-69.44914,-1.09156],[-69.41144,-1.15223],[-69.40023,-1.19497],[-69.41788,-1.24566],[-69.43493,-1.42167],[-69.4786,-1.62197],[-69.50645,-1.77493],[-69.55185,-2.02427],[-69.60466,-2.31422],[-69.66905,-2.66764],[-69.73264,-3.01672],[-69.79416,-3.35458],[-69.84976,-3.65988],[-69.91105,-3.99655],[-69.94818,-4.20062],[-69.96593,-4.23597]],[[-69.57862,-10.95179],[-69.45359,-11.16878],[-69.36204,-11.32758],[-69.25771,-11.5086],[-69.1737,-11.65433],[-69.04617,-11.87566],[-68.93602,-12.06681],[-68.81871,-12.27041],[-68.68523,-12.50198],[-68.72813,-12.56073],[-68.76288,-12.60771],[-68.75905,-12.68718],[-68.81179,-12.72961],[-68.8677,-12.75514],[-68.93375,-12.82206],[-68.9786,-12.88004],[-68.98051,-12.96257],[-68.9723,-13.38233],[-68.98343,-13.49639],[-69.01751,-13.59441],[-69.05286,-13.64392],[-69.0741,-13.68278],[-69.02307,-13.7803],[-68.97426,-13.97594],[-68.93747,-14.0147],[-68.89168,-14.09439],[-68.87088,-14.16978],[-68.88034,-14.19887],[-68.97178,-14.23443],[-69.00452,-14.26502],[-69.01315,-14.37726],[-69.05278,-14.41757],[-69.1197,-14.47028],[-69.16267,-14.531],[-69.19926,-14.5726],[-69.23492,-14.59709],[-69.25233,-14.67109],[-69.27602,-14.74592],[-69.35948,-14.79532],[-69.37372,-14.88746],[-69.3747,-14.96301],[-69.33072,-15.03893],[-69.18709,-15.19871],[-69.17249,-15.23664],[-69.25432,-15.33291],[-69.30189,-15.39942],[-69.41852,-15.60344],[-69.42087,-15.64065],[-69.39191,-15.73687],[-69.21755,-16.14914],[-69.18797,-16.18284],[-69.1342,-16.22201],[-69.04624,-16.21767],[-68.91346,-16.2619],[-68.84884,-16.3128],[-68.84274,-16.33787],[-68.85783,-16.35481],[-68.92803,-16.38903],[-69.00622,-16.43367],[-69.03291,-16.476],[-69.03839,-16.54271],[-69.02072,-16.64219],[-69.05454,-16.67433],[-69.13252,-16.71309],[-69.19983,-16.76843],[-69.26724,-16.86088],[-69.38157,-17.00134],[-69.42108,-17.04004],[-69.43834,-17.08841],[-69.50335,-17.10474],[-69.62487,-17.20019],[-69.64569,-17.24851],[-69.6259,-17.2944],[-69.56381,-17.33295],[-69.52193,-17.38896],[-69.51097,-17.46038],[-69.51108,-17.50493]],[[-69.57862,-10.95179],[-69.46255,-10.94812],[-69.22851,-10.95566],[-69.00165,-10.99432],[-68.84832,-11.01116],[-68.78409,-11.0446],[-68.76993,-11.09767],[-68.7275,-11.12242],[-68.67836,-11.11276],[-68.62263,-11.10914],[-68.49832,-11.05478],[-68.39799,-11.01871],[-68.31112,-10.97519],[-68.26658,-10.93313],[-68.15865,-10.78503],[-68.07165,-10.70312],[-67.99168,-10.67439],[-67.83503,-10.66276],[-67.78568,-10.68601],[-67.7218,-10.68307],[-67.66664,-10.59889],[-67.58243,-10.50597],[-67.41694,-10.38986],[-67.33273,-10.35792],[-67.28049,-10.31725],[-67.19047,-10.31146],[-67.11153,-10.26893],[-66.73,-9.97546],[-66.57534,-9.89991],[-66.47893,-9.88617],[-66.39922,-9.86818],[-66.26357,-9.82607],[-65.92468,-9.78545],[-65.70678,-9.7685],[-65.6371,-9.80912],[-65.55871,-9.79749],[-65.49199,-9.73176],[-65.43677,-9.71041],[-65.39613,-9.71243],[-65.33789,-9.79026],[-65.30932,-9.87263],[-65.32813,-9.93557],[-65.32456,-10.02698],[-65.29859,-10.14677],[-65.31306,-10.25307],[-65.39546,-10.39228],[-65.4369,-10.44903],[-65.44714,-10.50742],[-65.44,-10.58623],[-65.40231,-10.71475],[-65.33402,-10.89282],[-65.32379,-11.02475],[-65.37156,-11.11038],[-65.3936,-11.18428],[-65.38988,-11.24629],[-65.37283,-11.2899],[-65.34239,-11.31507],[-65.32546,-11.36478],[-65.32203,-11.43915],[-65.28226,-11.51108],[-65.20619,-11.58053],[-65.17537,-11.64689],[-65.18974,-11.71009],[-65.18573,-11.74952],[-65.16338,-11.76512],[-65.14266,-11.75236],[-65.11517,-11.73505],[-65.09028,-11.74125],[-65.03714,-11.82941],[-65.03026,-11.84739],[-65.00122,-11.92],[-64.99251,-11.97519],[-64.91435,-12.00599],[-64.82991,-12.03032],[-64.78346,-12.05937],[-64.69003,-12.14649],[-64.61166,-12.20391],[-64.51342,-12.25098],[-64.48079,-12.32612],[-64.42053,-12.43971],[-64.25504,-12.48327],[-64.06164,-12.50508],[-63.93855,-12.52973],[-63.78812,-12.46947],[-63.68859,-12.478],[-63.58567,-12.51898],[-63.5419,-12.54673],[-63.46524,-12.60517],[-63.34667,-12.6801],[-63.24975,-12.70791],[-63.18069,-12.6662],[-63.11681,-12.65168],[-63.06746,-12.66915],[-63.04134,-12.75044],[-63.01519,-12.80557],[-62.95793,-12.84702],[-62.83515,-12.95368],[-62.76547,-12.99724],[-62.68707,-12.99435],[-62.52553,-13.06427],[-62.3528,-13.13238],[-62.26392,-13.14364],[-62.17607,-13.13367],[-62.11801,-13.15982],[-62.09476,-13.24203],[-61.94472,-13.40621],[-61.87412,-13.47044],[-61.78992,-13.52563],[-61.57569,-13.52481],[-61.51156,-13.54124],[-61.41607,-13.52651],[-61.12916,-13.49856],[-61.07699,-13.48977],[-60.91452,-13.56139],[-60.72236,-13.66433],[-60.59534,-13.74531],[-60.50659,-13.78986],[-60.46013,-13.86241],[-60.42235,-13.93796],[-60.40496,-14.0192],[-60.42806,-14.10002],[-60.463,-14.13247],[-60.47465,-14.18472],[-60.46013,-14.26311],[-60.39626,-14.33277],[-60.37272,-14.41871],[-60.33804,-14.57053],[-60.29887,-14.61859],[-60.27337,-15.08874],[-60.40202,-15.09277],[-60.58322,-15.09835],[-60.53046,-15.14321],[-60.38047,-15.31829],[-60.24234,-15.47957],[-60.22043,-15.73868],[-60.20663,-15.90198],[-60.1872,-16.13209],[-60.17557,-16.26934],[-59.83115,-16.28175],[-59.4343,-16.29601],[-58.95727,-16.31322],[-58.53795,-16.32825],[-58.49655,-16.32665],[-58.42366,-16.30795],[-58.3754,-16.28355],[-58.34563,-16.28433],[-58.34059,-16.33993],[-58.3508,-16.41026],[-58.35036,-16.49083],[-58.47059,-16.65025],[-58.4781,-16.70069],[-58.45981,-16.9107],[-58.41739,-17.08056],[-58.39602,-17.23425],[-58.34775,-17.2821],[-58.20556,-17.36313],[-57.9909,-17.51288],[-57.90504,-17.53237],[-57.83246,-17.51206],[-57.7889,-17.57304],[-57.78019,-17.67174],[-57.66167,-17.94738],[-57.58648,-18.12225],[-57.55206,-18.18313],[-57.49566,-18.2146],[-57.50617,-18.23728],[-57.5531,-18.24654],[-57.57402,-18.27925],[-57.63914,-18.47505],[-57.72497,-18.73317],[-57.78308,-18.9143],[-57.73084,-18.91719],[-57.72859,-18.96742],[-57.71681,-19.04406],[-57.78143,-19.05346],[-57.80042,-19.08095],[-57.87452,-19.22952],[-57.97168,-19.42419],[-58.072,-19.62526],[-58.13151,-19.74458],[-58.02992,-19.83274],[-57.86073,-19.97961],[-57.8876,-20.02038],[-57.96018,-20.04074],[-58.02116,-20.05521],[-58.06761,-20.1104],[-58.09374,-20.15107],[-58.15978,-20.16461]],[[-69.96593,-4.23597],[-69.97203,-4.30113],[-70.00396,-4.32723],[-70.05331,-4.33307],[-70.12882,-4.28661],[-70.18398,-4.29819],[-70.23914,-4.30113],[-70.31692,-4.24698],[-70.34366,-4.1937],[-70.40464,-4.15013],[-70.53065,-4.1676],[-70.63457,-4.16869],[-70.72157,-4.15892],[-70.7995,-4.17334],[-70.86603,-4.22956],[-70.91564,-4.29529],[-70.9737,-4.35048],[-71.14426,-4.38717],[-71.235,-4.38821],[-71.3168,-4.42433],[-71.43827,-4.43761],[-71.52134,-4.46975],[-71.66836,-4.48732],[-71.84476,-4.50438],[-71.94315,-4.55331],[-71.98245,-4.5746],[-72.08249,-4.6423],[-72.2568,-4.74891],[-72.35284,-4.78601],[-72.46901,-4.90125],[-72.60835,-5.00957],[-72.69873,-5.06724],[-72.83191,-5.09375],[-72.88707,-5.12279],[-72.90746,-5.15767],[-72.89578,-5.19829],[-72.91828,-5.30252],[-72.95893,-5.49522],[-72.97024,-5.58968],[-72.97986,-5.63485],[-73.06809,-5.78957],[-73.16292,-5.93338],[-73.2094,-6.02873],[-73.23555,-6.09844],[-73.20651,-6.15647],[-73.16773,-6.26065],[-73.13535,-6.34431],[-73.12631,-6.4009],[-73.13737,-6.46581],[-73.17747,-6.52523],[-73.2403,-6.5641],[-73.32552,-6.57474],[-73.49988,-6.67949],[-73.69451,-6.83374],[-73.7581,-6.90573],[-73.77624,-6.97358],[-73.80464,-7.07988],[-73.79301,-7.13507],[-73.75818,-7.17279],[-73.72332,-7.26281],[-73.72043,-7.30927],[-73.74947,-7.33537],[-73.80464,-7.34121],[-73.85399,-7.34989],[-73.89174,-7.37314],[-73.92946,-7.3673],[-73.96432,-7.37893],[-73.96432,-7.41671],[-73.95269,-7.46022],[-73.9585,-7.50667],[-73.98173,-7.53571],[-74.00207,-7.55602],[-73.98173,-7.58507],[-73.9469,-7.61121],[-73.89463,-7.65478],[-73.82205,-7.73896],[-73.76689,-7.75348],[-73.72043,-7.78252],[-73.71462,-7.82898],[-73.73203,-7.87544],[-73.7727,-7.89574],[-73.77559,-7.93641],[-73.72043,-7.98576],[-73.68268,-8.0206],[-73.64493,-8.07284],[-73.6101,-8.14545],[-73.6101,-8.1919],[-73.57235,-8.24994],[-73.54912,-8.29934],[-73.54912,-8.3458],[-73.48814,-8.3922],[-73.4359,-8.42708],[-73.39815,-8.45902],[-73.3604,-8.47933],[-73.35169,-8.51416],[-73.35673,-8.56697],[-73.30242,-8.65404],[-73.2031,-8.71936],[-73.12253,-8.81409],[-73.0705,-8.88276],[-72.97404,-8.99315],[-72.97035,-9.12017],[-73.08985,-9.26574],[-73.20943,-9.41141],[-73.01378,-9.40738],[-72.81428,-9.41038],[-72.60549,-9.45208],[-72.46477,-9.49218],[-72.37904,-9.51017],[-72.31806,-9.55663],[-72.28902,-9.62918],[-72.26584,-9.68845],[-72.25998,-9.77434],[-72.17288,-9.84405],[-72.1791,-9.91014],[-72.18161,-10.00373],[-72.14296,-10.00518],[-71.88744,-10.00554],[-71.608,-10.006],[-71.33941,-9.98859],[-71.23795,-9.96601],[-71.11527,-9.85247],[-71.04173,-9.81873],[-70.97075,-9.76571],[-70.88453,-9.66902],[-70.81627,-9.6253],[-70.75852,-9.57171],[-70.67245,-9.51792],[-70.63692,-9.47823],[-70.60791,-9.46371],[-70.54112,-9.43751],[-70.57016,-9.48981],[-70.59225,-9.5435],[-70.59917,-9.6205],[-70.56724,-9.70463],[-70.5938,-9.76747],[-70.63692,-9.82374],[-70.6376,-9.97174],[-70.63853,-10.18155],[-70.63933,-10.36128],[-70.64036,-10.58607],[-70.64155,-10.84084],[-70.64232,-11.01028],[-70.59654,-10.97685],[-70.53326,-10.94688],[-70.45086,-11.02481],[-70.39229,-11.05855],[-70.34201,-11.06671],[-70.29038,-11.06423],[-70.22007,-11.04765],[-70.06629,-10.98243],[-69.96037,-10.92987],[-69.83979,-10.93344],[-69.67404,-10.95406],[-69.57862,-10.95179]],[[-62.651,-22.23373],[-62.6285,-22.18402],[-62.56695,-21.98868],[-62.47783,-21.70524],[-62.38546,-21.41177],[-62.27668,-21.06605],[-62.27653,-20.8208],[-62.27632,-20.56247],[-62.12163,-20.34992],[-62.01179,-20.19902],[-61.91694,-20.05536],[-61.8209,-19.80944],[-61.75682,-19.64526],[-61.51182,-19.6064],[-61.09601,-19.52103],[-60.88876,-19.4785],[-60.45163,-19.38879],[-60.00737,-19.29758],[-59.54088,-19.29179],[-59.09052,-19.28621],[-58.74114,-19.49023],[-58.4742,-19.64614],[-58.18016,-19.81786],[-58.16004,-19.85491],[-58.13993,-19.99888],[-58.15978,-20.16461]],[[-17.04805,20.80615],[-17.06399,20.89885],[-17.04239,21.00799],[-17.00591,21.14243],[-16.96457,21.32924],[-16.83636,21.3294],[-16.60704,21.32965],[-16.37773,21.32994],[-16.14844,21.33022],[-15.91913,21.33048],[-15.68981,21.33076],[-15.46052,21.33105],[-15.23121,21.33131],[-15.00189,21.33159],[-14.77261,21.33188],[-14.54327,21.33214],[-14.31395,21.33242],[-14.08464,21.3327],[-13.85535,21.33296],[-13.62601,21.33325],[-13.39672,21.33353],[-13.16743,21.33379],[-13.01623,21.33394],[-13.02512,21.46678],[-13.0322,21.57209],[-13.04176,21.71382],[-13.05121,21.85477],[-13.06067,21.99574],[-13.06958,22.12818],[-13.07847,22.26045],[-13.08677,22.38326],[-13.09431,22.49599],[-13.10733,22.56074],[-13.15596,22.68931],[-13.16648,22.75321],[-13.15327,22.82052],[-13.12087,22.88406],[-13.0315,23.00025],[-12.89598,23.08957],[-12.7396,23.19272],[-12.62041,23.27135],[-12.55936,23.2908],[-12.37288,23.31801],[-12.2262,23.37749],[-12.08334,23.43544],[-12.02342,23.46756],[-12.01629,23.57644],[-12.01629,23.69788],[-12.01629,23.83405],[-12.01629,23.97019],[-12.01629,24.10633],[-12.01629,24.2425],[-12.01629,24.37864],[-12.01629,24.51478],[-12.01629,24.65095],[-12.01629,24.78709],[-12.01629,24.92323],[-12.01629,25.0594],[-12.01629,25.19554],[-12.01629,25.33168],[-12.01629,25.46785],[-12.01629,25.60399],[-12.01629,25.74013],[-12.01629,25.8763],[-12.01629,25.99542],[-11.86666,25.99542],[-11.68034,25.99542],[-11.49405,25.99542],[-11.30773,25.99542],[-11.12141,25.99544],[-10.93509,25.99547],[-10.74877,25.99547],[-10.56245,25.99547],[-10.37613,25.99547],[-10.18981,25.99547],[-10.00349,25.99547],[-9.81717,25.99547],[-9.63085,25.99549],[-9.44451,25.99552],[-9.25821,25.99552],[-9.07192,25.99552],[-8.88563,25.99552],[-8.6822,25.99552],[-8.68215,26.10947],[-8.6821,26.27318],[-8.68233,26.49771],[-8.68262,26.72312],[-8.68287,26.92133],[-8.68308,27.11927],[-8.68337,27.28593]],[[-8.68337,27.28593],[-8.49532,27.17534],[-8.30726,27.06476],[-8.11922,26.95417],[-7.93116,26.84356],[-7.74311,26.73294],[-7.55506,26.62235],[-7.36701,26.51177],[-7.17894,26.40118],[-6.99086,26.29059],[-6.80281,26.18],[-6.61476,26.06942],[-6.42671,25.9588],[-6.23866,25.84819],[-6.05061,25.7376],[-5.86256,25.62702],[-5.67451,25.51643],[-5.51694,25.42377],[-5.27502,25.27453],[-5.0495,25.13547],[-4.82262,24.99558]],[[-8.68337,27.28593],[-8.68337,27.49026],[-8.68337,27.65645]],[[-12.28061,14.80904],[-12.30252,14.817],[-12.40867,14.88901],[-12.45988,14.97464],[-12.54354,15.039],[-12.65963,15.08208],[-12.73524,15.13127],[-12.77033,15.18667],[-12.81317,15.22354],[-12.85851,15.24253],[-12.86265,15.26238],[-12.8519,15.28966],[-12.86272,15.34041],[-12.93086,15.45301],[-12.99432,15.50489],[-13.04853,15.49662],[-13.07927,15.51042],[-13.0979,15.53528],[-13.10529,15.57176],[-13.14237,15.60334],[-13.20645,15.61688],[-13.258,15.70039],[-13.29701,15.85387],[-13.34755,15.9735],[-13.40964,16.05917],[-13.45408,16.09114],[-13.48695,16.097],[-13.49816,16.11031],[-13.507,16.13522],[-13.55552,16.14405],[-13.62356,16.11829],[-13.68469,16.12692],[-13.71492,16.16878],[-13.75665,16.1725],[-13.8098,16.13803],[-13.86848,16.14816],[-13.93261,16.20286],[-13.96816,16.2572],[-13.97503,16.31115],[-14.08567,16.41884],[-14.30008,16.58028],[-14.53373,16.65596],[-14.78669,16.64588],[-14.92862,16.65353],[-14.95952,16.67891],[-14.9906,16.67689],[-15.02192,16.64748],[-15.05523,16.64097],[-15.09057,16.65738],[-15.11264,16.64493],[-15.12142,16.60359],[-15.21057,16.58261],[-15.37996,16.58199],[-15.5167,16.55661],[-15.62077,16.50659],[-15.76821,16.48509],[-15.95899,16.49212],[-16.07403,16.51046],[-16.1133,16.54013],[-16.16834,16.54705],[-16.23903,16.53129],[-16.30231,16.45132],[-16.35812,16.30717],[-16.40434,16.2249],[-16.44103,16.20454],[-16.4801,16.09721],[-16.50206,15.91732],[-16.53524,15.83836]],[[-4.82262,24.99558],[-5.17288,24.99543],[-5.64079,24.99517],[-5.95981,24.99496],[-6.28718,24.9948],[-6.59409,24.99465],[-6.5674,24.76681],[-6.53895,24.51814],[-6.51048,24.26947],[-6.482,24.02081],[-6.45353,23.77214],[-6.42505,23.52347],[-6.39658,23.27481],[-6.36811,23.02614],[-6.33963,22.7775],[-6.31116,22.52886],[-6.28269,22.28019],[-6.25421,22.03152],[-6.22574,21.78286],[-6.19726,21.53419],[-6.16879,21.28552],[-6.14032,21.03686],[-6.11184,20.78819],[-6.08337,20.53952],[-6.0549,20.29086],[-6.02642,20.04219],[-5.99795,19.79352],[-5.96948,19.54485],[-5.941,19.29619],[-5.91253,19.04752],[-5.88405,18.79888],[-5.85558,18.55024],[-5.82711,18.30157],[-5.79863,18.0529],[-5.77016,17.80424],[-5.74169,17.55557],[-5.71321,17.3069],[-5.68474,17.05824],[-5.65626,16.80957],[-5.62867,16.56865],[-5.50961,16.44205],[-5.3599,16.28288],[-5.40357,16.05788],[-5.45561,15.7894],[-5.5125,15.49626],[-5.72388,15.49626],[-5.92782,15.49626],[-6.13179,15.49624],[-6.33573,15.49621],[-6.53967,15.49621],[-6.74361,15.49621],[-6.94756,15.49621],[-7.15152,15.49621],[-7.35549,15.49619],[-7.5594,15.49616],[-7.76337,15.49616],[-7.96731,15.49616],[-8.17125,15.49616],[-8.37519,15.49616],[-8.57914,15.49614],[-8.7831,15.49611],[-8.98704,15.49611],[-9.17682,15.49611],[-9.29372,15.50283],[-9.33547,15.52567],[-9.35056,15.67739],[-9.38534,15.66762],[-9.42658,15.62305],[-9.44771,15.57486],[-9.44032,15.51166],[-9.44694,15.45823],[-9.57783,15.43725],[-9.75508,15.40149],[-9.94143,15.37379],[-10.12956,15.38371],[-10.19374,15.39606],[-10.26208,15.41604],[-10.41179,15.43792],[-10.49315,15.43981],[-10.58656,15.43485],[-10.69658,15.42268],[-10.73198,15.39493],[-10.8151,15.28176],[-10.89558,15.15047],[-10.94824,15.15114],[-11.00741,15.22292],[-11.16931,15.35865],[-11.36563,15.53675],[-11.45524,15.6254],[-11.50268,15.63682],[-11.59673,15.57326],[-11.6759,15.51205],[-11.76018,15.42554],[-11.79845,15.34273],[-11.82876,15.24486],[-11.84224,15.12941],[-11.87284,14.99516],[-11.94094,14.88692],[-12.02156,14.80494],[-12.08156,14.76636],[-12.10471,14.74535],[-12.28061,14.80904]],[[4.22763,19.14276],[3.91018,19.08375],[3.68348,19.04163],[3.43874,18.99615],[3.40086,18.98843],[3.35647,18.98664],[3.32345,18.9884],[3.25596,19.01326],[3.17421,19.07289],[3.11969,19.10318],[3.10609,19.1501],[3.13788,19.21216],[3.17725,19.26818],[3.19234,19.31208],[3.21963,19.34538],[3.25441,19.37262],[3.25585,19.41093],[3.22707,19.47357],[3.20165,19.56041],[3.20273,19.71831],[3.2034,19.77076],[3.20366,19.7897],[3.13028,19.85021],[2.99251,19.91659],[2.8657,19.95594],[2.80792,19.96945],[2.66778,19.99291],[2.4742,20.03503],[2.40619,20.06387],[2.28082,20.21032],[2.21933,20.24781],[1.9288,20.27269],[1.83237,20.29685],[1.75321,20.3316],[1.68541,20.37837],[1.64737,20.45885],[1.636,20.52435],[1.61063,20.55559],[1.29024,20.71359],[1.20885,20.76731],[1.16575,20.81744],[1.1641,20.89134],[1.17278,20.98197],[1.15913,21.06249],[1.14554,21.10223],[0.9994,21.19778],[0.67193,21.41187],[0.34446,21.62599],[0.01698,21.84011],[-0.31054,22.05421],[-0.63802,22.26833],[-0.96549,22.48245],[-1.29296,22.69655],[-1.62044,22.91067],[-1.94791,23.12479],[-2.27541,23.33889],[-2.60291,23.55301],[-2.93038,23.76713],[-3.25786,23.98122],[-3.58533,24.19534],[-3.91281,24.40947],[-4.2403,24.62356],[-4.51701,24.80451],[-4.82262,24.99558]],[[4.22763,19.14276],[4.44576,19.18454],[4.67132,19.22777],[5.00138,19.29107],[5.35872,19.35954],[5.74836,19.43421],[5.83663,19.47915],[6.13066,19.73197],[6.26337,19.84615],[6.52707,20.07296],[6.73068,20.24807],[6.98937,20.47053],[7.26336,20.6945],[7.48175,20.87309],[7.82519,21.07556],[8.34304,21.38087],[8.86089,21.68614],[9.37868,21.99142],[9.89653,22.29673],[10.41438,22.60201],[10.93218,22.90728],[11.45003,23.21259],[11.96788,23.51787]],[[9.51873,30.22942],[9.45796,30.46538],[9.40607,30.66681],[9.36328,30.83292],[9.28794,31.12534],[9.22402,31.37369],[9.16025,31.62135],[9.10232,31.84614],[9.04403,32.07236],[9.01891,32.10538],[8.84404,32.21212],[8.68291,32.31043],[8.51512,32.42231],[8.33337,32.5436],[8.30423,32.6963],[8.2109,32.92672],[8.11251,33.05532],[8.07561,33.08904],[7.87723,33.17211],[7.76266,33.23311],[7.73134,33.26851],[7.70922,33.36228],[7.62752,33.54865],[7.53435,33.71792],[7.50014,33.83246],[7.49559,33.97653],[7.51389,34.0805],[7.55451,34.125],[7.7485,34.2545],[7.83831,34.4103],[7.94942,34.4687],[8.04559,34.51267],[8.12346,34.56394],[8.19281,34.64631],[8.24563,34.73406],[8.25472,34.82893],[8.27684,34.97947],[8.31208,35.08463],[8.39425,35.20387],[8.35983,35.29963],[8.31642,35.40311],[8.32903,35.58222],[8.31808,35.65493],[8.28294,35.71927],[8.24702,35.80179],[8.24573,35.87058],[8.28025,36.05098],[8.30671,36.18875],[8.34877,36.36799],[8.33399,36.41817],[8.30278,36.45563],[8.20878,36.49514],[8.20764,36.51893],[8.23074,36.54526],[8.3696,36.63249],[8.44422,36.76075],[8.5067,36.78752],[8.60126,36.83393],[8.5977,36.8839],[8.57656,36.9372]],[[23.98033,19.49664],[23.50123,19.73321],[23.02219,19.96979],[22.5431,20.20636],[22.06401,20.44294],[21.58491,20.67951],[21.10582,20.91609],[20.62673,21.15266],[20.14764,21.38924],[19.66855,21.62581],[19.18945,21.86239],[18.71041,22.09896],[18.23132,22.33554],[17.75223,22.57211],[17.27319,22.80869],[16.7941,23.04526],[16.315,23.28184],[15.98412,23.44524],[15.62714,23.28574],[15.34747,23.16071],[14.97829,22.99588]],[[24.98026,21.99587],[24.98011,21.49755],[24.9799,20.99923],[24.97969,20.50092],[24.97954,20.00258],[24.97639,20.0008],[24.97329,19.99904],[24.97019,19.99725],[24.96703,19.99547],[24.72038,19.99558],[24.47368,19.99571],[24.22698,19.99583],[23.98033,19.99594],[23.98033,19.87111],[23.98033,19.74629],[23.98033,19.62146],[23.98033,19.49664]],[[25.15049,31.65497],[25.11199,31.62691],[25.05726,31.56717],[25.02269,31.51402],[24.92998,31.42749],[24.85268,31.33483],[24.85991,31.19918],[24.87758,31.06126],[24.92947,30.92648],[24.97396,30.77657],[24.9614,30.67854],[24.92301,30.55803],[24.87758,30.45755],[24.72643,30.25061],[24.70323,30.20108],[24.71165,30.13155],[24.80369,29.88606],[24.81082,29.80872],[24.8659,29.57026],[24.91613,29.37629],[24.97174,29.22385],[24.98026,29.18189],[24.98026,28.95733],[24.98026,28.73277],[24.98026,28.50821],[24.98026,28.28365],[24.98026,28.05909],[24.98026,27.83453],[24.98026,27.60994],[24.98026,27.38538],[24.98026,27.16082],[24.98026,26.93624],[24.98026,26.71168],[24.98026,26.48712],[24.98026,26.26256],[24.98026,26.038],[24.98026,25.81344],[24.98026,25.58888],[24.98026,25.36432],[24.98026,25.13976],[24.98026,24.9152],[24.98026,24.69064],[24.98026,24.46608],[24.98026,24.24152],[24.98026,24.01693],[24.98026,23.79237],[24.98026,23.56781],[24.98026,23.34323],[24.98026,23.11867],[24.98026,22.89411],[24.98026,22.66955],[24.98026,22.44499],[24.98026,22.22043],[24.98026,21.99587]],[[22.86008,10.91967],[22.89486,11.02899],[22.93765,11.19203],[22.94282,11.26717],[22.92266,11.34489],[22.84908,11.40328],[22.78345,11.40995],[22.75399,11.43982],[22.69741,11.48266],[22.64103,11.51594],[22.59111,11.57989],[22.55638,11.66952],[22.58098,11.99012],[22.56434,12.03296],[22.48982,12.04474],[22.47241,12.06779],[22.47546,12.12926],[22.43525,12.31191],[22.39024,12.46301],[22.41448,12.54639],[22.35231,12.66044],[22.2334,12.70946],[22.12121,12.69457],[22.0007,12.67186],[21.9281,12.67812],[21.87818,12.69938],[21.84335,12.74124],[21.82526,12.79054],[21.8418,12.86474],[21.90774,13.00096],[21.99021,13.11308],[22.15796,13.21506],[22.2026,13.26932],[22.22813,13.32957],[22.23263,13.39877],[22.22141,13.47163],[22.2024,13.53809],[22.15289,13.62643],[22.10762,13.73033],[22.10649,13.79978],[22.12819,13.85014],[22.17315,13.9106],[22.26214,13.97873],[22.28348,13.99232],[22.33939,14.02886],[22.38817,14.05552],[22.50998,14.12743],[22.5386,14.16188],[22.52822,14.20322],[22.49835,14.23706],[22.44931,14.28425],[22.43939,14.34212],[22.42497,14.44124],[22.3997,14.50418],[22.38151,14.55048],[22.41623,14.58521],[22.46781,14.63337],[22.53204,14.66272],[22.63183,14.68807],[22.6709,14.72246],[22.68247,14.78861],[22.67916,14.85145],[22.71492,14.89837],[22.76329,14.99867],[22.80215,15.04446],[22.86716,15.09662],[22.93233,15.16212],[22.96132,15.23814],[22.96948,15.31134],[22.93393,15.53311],[23.00917,15.62582],[23.10518,15.70256],[23.24347,15.69723],[23.45803,15.71398],[23.60402,15.74602],[23.70825,15.74496],[23.94596,15.70354],[23.96523,15.71343],[23.97077,15.72155],[23.98343,15.78017],[23.98327,15.92815],[23.98291,16.3742],[23.98255,16.82027],[23.98219,17.26634],[23.98182,17.71241],[23.98146,18.15848],[23.9811,18.60452],[23.98069,19.05057],[23.98033,19.49664]],[[24.98026,21.99587],[25.36231,21.99582],[25.7443,21.99574],[26.12634,21.99566],[26.50839,21.99561],[26.89038,21.99556],[27.27242,21.99551],[27.65447,21.99545],[28.03646,21.99538],[28.4185,21.9953],[28.80055,21.99525],[29.18254,21.99519],[29.56458,21.99514],[29.94663,21.99509],[30.32862,21.99501],[30.71066,21.99494],[31.09271,21.99489],[31.20913,21.99489],[31.26066,22.00228],[31.35853,22.18862],[31.40029,22.20242],[31.46426,22.19149],[31.48612,22.1478],[31.46643,22.08465],[31.43449,21.99587],[31.62167,21.99587],[31.94976,21.99592],[32.27785,21.99597],[32.606,21.99602],[32.93409,21.99607],[33.26219,21.99612],[33.59033,21.99618],[33.91843,21.99623],[34.24652,21.99628],[34.57461,21.99633],[34.90271,21.99638],[35.23085,21.99644],[35.55895,21.99649],[35.88704,21.99654],[36.21518,21.99659],[36.54328,21.99664],[36.87137,21.99672]],[[41.88404,3.97774],[41.76094,3.80163],[41.61346,3.59048],[41.34175,3.20167],[41.13499,2.99708],[40.97877,2.84241],[40.9644,2.81466],[40.96508,2.64232],[40.96673,2.22095],[40.96838,1.79956],[40.97004,1.37816],[40.97164,0.95679],[40.97324,0.53542],[40.97489,0.11405],[40.97655,-0.30732],[40.9782,-0.72874],[40.97877,-0.87028],[41.11582,-1.04743],[41.24981,-1.22054],[41.42696,-1.44947],[41.52189,-1.57225],[41.5376,-1.61318],[41.53274,-1.69535]],[[42.92273,10.9993],[42.90615,10.96026],[42.86295,10.90321],[42.80972,10.846],[42.76311,10.78694],[42.65955,10.62137],[42.65645,10.60003],[42.66926,10.56757],[42.72518,10.49174],[42.78367,10.36963],[42.81644,10.25738],[42.84165,10.20307],[42.91245,10.1408],[43.01472,10.01262],[43.06893,9.92624],[43.18169,9.87997],[43.21843,9.77018],[43.30313,9.60908],[43.39433,9.48025],[43.48255,9.37948],[43.58104,9.34072],[43.62052,9.33742],[43.82681,9.15079],[43.98381,9.00883],[44.02287,8.98604],[44.30622,8.89305],[44.63204,8.7861],[44.89357,8.70022],[45.22693,8.59079],[45.55549,8.483],[45.86333,8.37988],[46.29602,8.23498],[46.64468,8.11819],[46.91954,8.02613],[46.97825,7.99708],[47.30567,7.99708],[47.63774,7.99708],[47.97819,7.99708]],[[30.75113,-8.19361],[30.57791,-8.22002],[30.32748,-8.2582],[30.05138,-8.30027],[29.76622,-8.34378],[29.48376,-8.38688],[29.21561,-8.42781],[28.97222,-8.46496],[28.89811,-8.48542],[28.93449,-8.59028],[28.9178,-8.70061],[28.86953,-8.78587],[28.79352,-8.89098],[28.75874,-8.93263],[28.68128,-9.01469],[28.61648,-9.07226],[28.48429,-9.16941],[28.40067,-9.22476],[28.40016,-9.27504],[28.54051,-9.51007],[28.60423,-9.67879],[28.63012,-9.83129],[28.62888,-9.91872],[28.6235,-10.09887],[28.61715,-10.31296],[28.60738,-10.3974],[28.64552,-10.55021],[28.6389,-10.66927],[28.54423,-10.80239],[28.51798,-10.93318],[28.47028,-11.10961],[28.40419,-11.3544],[28.35727,-11.48297],[28.38336,-11.56674],[28.40698,-11.6228],[28.43178,-11.69835],[28.48253,-11.81209],[28.54154,-11.87917],[28.57462,-11.90811],[28.76944,-12.0513],[28.85005,-12.1205],[28.9734,-12.25786],[29.06436,-12.34886],[29.19122,-12.3702],[29.34372,-12.40477],[29.42754,-12.43128],[29.48557,-12.41841],[29.5049,-12.38617],[29.50226,-12.31759],[29.49203,-12.2669],[29.50815,-12.22819],[29.55973,-12.20241],[29.69197,-12.19833],[29.74964,-12.16401],[29.79516,-12.15549],[29.79532,-12.30617],[29.79547,-12.45061],[29.79563,-12.6259],[29.79584,-12.82702],[29.79604,-12.99213],[29.79625,-13.16752],[29.79646,-13.36968],[29.79532,-13.39272],[29.77517,-13.43809],[29.72266,-13.4538],[29.65176,-13.41432],[29.64763,-13.37298],[29.63026,-13.29857],[29.59719,-13.26053],[29.5542,-13.24896],[29.48144,-13.26797],[29.3818,-13.32286],[29.2537,-13.37081],[29.20187,-13.39836],[29.11164,-13.39515],[29.01423,-13.36885],[28.9423,-13.30715],[28.92173,-13.21459],[28.85879,-13.11946],[28.77316,-12.98189],[28.73006,-12.92546],[28.67296,-12.86133],[28.61539,-12.85405],[28.55085,-12.83617],[28.51126,-12.74222],[28.47437,-12.62336],[28.45147,-12.57747],[28.41287,-12.51805],[28.35768,-12.48198],[28.23727,-12.43454],[28.06886,-12.36819],[27.85745,-12.28488],[27.75689,-12.28085],[27.64429,-12.2668],[27.57385,-12.22701],[27.53344,-12.19533],[27.48704,-12.07973],[27.42368,-11.94454],[27.23806,-11.78352],[27.19641,-11.60503],[27.15915,-11.57924],[27.09538,-11.59376],[27.04608,-11.61593],[27.02665,-11.66373],[26.97683,-11.82465],[26.94955,-11.89886],[26.93089,-11.91938],[26.89048,-11.94351],[26.82408,-11.96521],[26.72972,-11.97596],[26.59639,-11.97203],[26.42974,-11.94785],[26.33966,-11.92992],[26.09642,-11.9032],[26.02594,-11.89018],[25.92651,-11.8553],[25.85489,-11.8201],[25.61883,-11.74419],[25.51186,-11.75339],[25.45998,-11.6998],[25.41336,-11.6735],[25.34939,-11.62301],[25.32066,-11.55351],[25.28262,-11.40499],[25.29182,-11.32551],[25.31931,-11.23688],[25.28877,-11.21244],[25.24598,-11.21244],[25.18485,-11.24298],[25.07602,-11.26004],[24.87686,-11.29916],[24.80637,-11.32117],[24.72813,-11.33776],[24.66829,-11.35295],[24.51853,-11.43853],[24.46655,-11.44767],[24.37792,-11.41713],[24.33514,-11.37129],[24.37792,-11.31931],[24.39627,-11.25518],[24.36573,-11.12986],[24.31989,-11.07178],[24.18718,-11.03002],[24.13649,-11.02594],[24.1151,-10.95566],[24.07841,-10.89148],[24.00275,-10.87913],[23.96647,-10.87179]],[[23.38067,-17.64063],[23.18161,-17.47439],[22.95584,-17.28577],[22.72195,-17.07529],[22.54599,-16.91023],[22.45944,-16.81515],[22.30503,-16.68958],[22.19392,-16.62808],[22.15067,-16.59718],[22.04019,-16.26278],[21.97983,-15.95556],[21.97978,-15.72416],[21.97967,-15.40325],[21.97957,-15.08234],[21.97947,-14.76142],[21.97936,-14.44051],[21.97926,-14.1196],[21.97915,-13.79869],[21.97905,-13.47778],[21.979,-13.15682],[21.9789,-13.00096],[22.20958,-13.00096],[22.47101,-13.00096],[22.74438,-13.00096],[23.04152,-13.00096],[23.33871,-13.00096],[23.63585,-13.00096],[23.84317,-13.00096],[23.89749,-12.99822],[23.96301,-12.98846],[23.96803,-12.95693],[23.8824,-12.79901],[23.88653,-12.74325],[23.90932,-12.63613],[23.94472,-12.54378],[23.99133,-12.42214],[23.9965,-12.35067],[23.95888,-12.11781],[23.96234,-11.98785],[23.9734,-11.85297],[23.98389,-11.72502],[23.97097,-11.63583],[23.98678,-11.58725],[24.01469,-11.51769],[24.02931,-11.4392],[24.04668,-11.40535],[24.04141,-11.37414],[24.02554,-11.31564],[24.01004,-11.18474],[23.98833,-11.00279],[23.96647,-10.87179]],[[33.90323,-1.00206],[33.89998,-0.83163],[33.92437,-0.39786],[33.92153,-0.017],[33.94313,0.17379],[34.03723,0.29456],[34.08053,0.38246],[34.11175,0.50514],[34.16099,0.60518],[34.27257,0.68642],[34.29261,0.73127],[34.41085,0.86729],[34.48175,1.04216],[34.53524,1.10153],[34.602,1.15647],[34.64913,1.1853],[34.7267,1.21424],[34.78757,1.23073],[34.79863,1.24452],[34.8038,1.27284],[34.78354,1.38113],[34.80953,1.41668],[34.85093,1.489],[34.89837,1.55649],[34.94126,1.59926],[34.96524,1.64336],[34.97645,1.71964],[34.97821,1.77364],[34.97754,1.8619],[34.96405,2.06241],[34.91397,2.2302],[34.88302,2.41794],[34.90576,2.47969],[34.86622,2.58969],[34.84664,2.59573],[34.8145,2.61982],[34.77341,2.72343],[34.74246,2.81812],[34.72329,2.84195],[34.58913,2.92476],[34.52258,3.11999],[34.44785,3.16348],[34.40723,3.35752],[34.39943,3.41271],[34.44186,3.60624],[34.43767,3.65058],[34.39287,3.69151],[34.26709,3.73316],[34.16508,3.813],[34.1782,3.84088],[34.18575,3.86976],[34.132,3.88917],[33.9761,4.22021]],[[33.90323,-1.00206],[33.9794,-1.00206],[34.05154,-1.03988],[34.13159,-1.08458],[34.34476,-1.20359],[34.55792,-1.32255],[34.77109,-1.44156],[34.98425,-1.56058],[35.19742,-1.67959],[35.41058,-1.7986],[35.6237,-1.91761],[35.83686,-2.03662],[36.05003,-2.15563],[36.26314,-2.27464],[36.47631,-2.3936],[36.68947,-2.51261],[36.90264,-2.63162],[37.1158,-2.75058],[37.32897,-2.86959],[37.54213,-2.9886],[37.64388,-3.04545],[37.65918,-3.07004],[37.67685,-3.17846],[37.68796,-3.24616],[37.68187,-3.30574],[37.62533,-3.40723],[37.60869,-3.46025],[37.60818,-3.49705],[37.62202,-3.51152],[37.67014,-3.51679],[37.71101,-3.54082],[37.72615,-3.55978],[37.75747,-3.63611],[37.79721,-3.67445],[37.88728,-3.73925],[38.04081,-3.84979],[38.19429,-3.96033],[38.34782,-4.07086],[38.50135,-4.1814],[38.65488,-4.29193],[38.80841,-4.40247],[38.96189,-4.51295],[39.11542,-4.62349],[39.19015,-4.67729],[39.22177,-4.69238]],[[11.32875,2.16741],[11.09661,2.16749],[10.79095,2.16757],[10.50228,2.16765],[10.30705,2.16772],[9.97989,2.16777],[9.87007,2.2133],[9.83695,2.2424],[9.83034,2.27547],[9.8262,2.29779],[9.80078,2.30443]],[[11.32875,2.16741],[11.33004,1.9359],[11.33117,1.7402],[11.33236,1.52838],[11.3336,1.30762],[11.33469,1.12076],[11.33536,0.99968],[11.13062,1.0004],[10.8589,1.00128],[10.58719,1.00216],[10.31547,1.00309],[10.17895,1.00356],[10.02846,1.00402],[9.97978,0.99772],[9.94671,0.96713],[9.90677,0.9601],[9.86031,0.98625],[9.80388,0.99875],[9.78863,1.02567],[9.76057,1.07472],[9.70455,1.07999],[9.67649,1.07472],[9.63619,1.04671],[9.59087,1.03198]],[[25.2588,-17.79359],[25.21596,-17.7876],[24.90911,-17.82139],[24.79221,-17.86459],[24.53052,-18.05275],[24.47487,-18.02851],[24.41219,-17.98944],[24.35896,-17.97823],[24.24393,-18.02345],[24.12931,-18.0775],[24.0026,-18.15414],[23.89837,-18.22922],[23.86431,-18.26948],[23.7005,-18.42435],[23.64717,-18.44947],[23.59973,-18.45996],[23.58061,-18.45288],[23.56014,-18.38642],[23.45979,-18.23103],[23.29866,-18.02737],[23.25153,-18.00748],[23.21939,-17.99973],[23.09991,-18.0096],[22.75275,-18.06717],[22.46006,-18.11569],[22.0114,-18.19863],[21.52967,-18.2656],[21.23253,-18.30684],[20.9741,-18.31883],[20.97436,-18.52052],[20.97498,-18.92851],[20.9756,-19.33644],[20.97622,-19.74438],[20.97684,-20.15231],[20.97746,-20.56024],[20.97808,-20.96818],[20.9787,-21.37611],[20.97927,-21.78404],[20.97953,-21.96197],[20.971,-22.00016],[20.82274,-22.00016],[20.48751,-22.00016],[20.20536,-22.00016],[19.97736,-22.00016],[19.97762,-22.24262],[19.97793,-22.52927],[19.97824,-22.81592],[19.97855,-23.10252],[19.97892,-23.38917],[19.97928,-23.67582],[19.97959,-23.96241],[19.9799,-24.24906],[19.98021,-24.53571],[19.98047,-24.75198]],[[19.98047,-24.77678],[19.98041,-25.19676],[19.98041,-25.64159],[19.98041,-26.08637],[19.98041,-26.53114],[19.98041,-26.97598],[19.98041,-27.42075],[19.98041,-27.86553],[19.98041,-28.31037],[19.98041,-28.45129],[19.87784,-28.44943],[19.67144,-28.50389],[19.53982,-28.57464],[19.48287,-28.66166],[19.40722,-28.71447],[19.31265,-28.73328],[19.271,-28.77773],[19.28226,-28.84795],[19.24578,-28.90165],[19.16176,-28.93875],[19.02605,-28.92795],[18.83878,-28.86914],[18.60034,-28.85524],[18.31085,-28.88625],[18.1027,-28.87167],[17.97609,-28.81132],[17.84163,-28.7769],[17.69931,-28.76832],[17.61679,-28.7431],[17.44796,-28.69815],[17.41571,-28.62104],[17.39587,-28.56265],[17.34781,-28.50115],[17.34259,-28.45165],[17.38031,-28.41392],[17.38569,-28.3532],[17.35871,-28.26944],[17.31205,-28.22861],[17.2458,-28.23089],[17.20456,-28.19885],[17.18844,-28.13249],[17.14937,-28.08226],[17.05625,-28.031],[16.93331,-28.06966],[16.87528,-28.12795],[16.84117,-28.2189],[16.81012,-28.26458],[16.79456,-28.34085],[16.78748,-28.3947],[16.75575,-28.45217],[16.72304,-28.47552],[16.68945,-28.46498],[16.6262,-28.48793],[16.48709,-28.57288],[16.44756,-28.61753]],[[19.98047,-24.75198],[19.98047,-24.77678]],[[0.90049,10.99326],[0.87476,10.88574],[0.82184,10.7526],[0.78748,10.71028],[0.76334,10.38665],[0.77998,10.35957],[0.79218,10.35154],[0.95832,10.24204],[1.17619,10.0984],[1.33003,9.99699],[1.34284,9.96296],[1.34507,9.75021],[1.34708,9.56753],[1.37891,9.46299],[1.38573,9.36165],[1.42429,9.28501],[1.56629,9.13725],[1.60019,9.05004],[1.60381,8.77102],[1.6066,8.55927],[1.62458,8.27099],[1.62458,8.03021],[1.62458,7.72588],[1.62469,7.36919],[1.62469,6.9973],[1.53095,6.99244],[1.582,6.877],[1.59079,6.77227],[1.60293,6.73809],[1.57756,6.6874],[1.59854,6.61022],[1.63931,6.58156],[1.74313,6.42625],[1.77791,6.29465],[1.61089,6.25083],[1.62262,6.21678]],[[42.79933,16.37179],[42.98635,16.50907],[43.03358,16.55038],[43.06071,16.58664],[43.10479,16.66415],[43.16504,16.68942],[43.18639,16.77102],[43.18448,16.81182],[43.14561,16.84678],[43.11647,16.94199],[43.12618,17.06245],[43.1359,17.11296],[43.15595,17.20505],[43.22137,17.23923],[43.23693,17.26644],[43.18639,17.32473],[43.19094,17.35938],[43.30219,17.45679],[43.34607,17.48601],[43.418,17.51624],[43.47428,17.51593],[43.53923,17.49873],[43.59732,17.47141],[43.65344,17.42186],[43.71297,17.36553],[43.80428,17.34414],[43.86645,17.34959],[43.91694,17.32473],[43.95967,17.33832],[44.00825,17.36747],[44.08597,17.36553],[44.15594,17.39855],[44.35474,17.41436],[44.54646,17.40436],[44.74676,17.43167],[44.94649,17.42958],[45.14808,17.42746],[45.19278,17.42341],[45.23665,17.4062],[45.40656,17.31977],[45.53534,17.30207],[45.79445,17.2784],[46.07081,17.25318],[46.31033,17.2313],[46.51342,17.25169],[46.68204,17.26856],[46.72767,17.26559],[46.77852,17.21213],[46.87996,17.07901],[46.97566,16.95349],[47.14361,16.94667],[47.25126,16.99392],[47.36959,17.06038],[47.44179,17.11188],[47.5254,17.31613],[47.57956,17.44834],[47.70374,17.59681],[47.80776,17.72112],[47.94553,17.88583],[48.0217,17.97694],[48.17218,18.15693],[48.31584,18.22705],[48.59298,18.36242],[48.8649,18.4952],[49.042,18.58179],[49.19238,18.62132],[49.44508,18.65532],[49.74211,18.69529],[50.03894,18.73524],[50.3553,18.7778],[50.7082,18.82531],[50.95,18.85784],[51.25845,18.89936],[51.51492,18.93388],[51.74292,18.96455],[51.97763,18.99615]],[[51.97763,18.99615],[52.02187,18.89626],[52.06616,18.79637],[52.11044,18.69648],[52.15468,18.59659],[52.19896,18.4967],[52.24325,18.39681],[52.28749,18.29692],[52.33177,18.19705],[52.37606,18.09719],[52.42029,17.9973],[52.46458,17.89741],[52.50887,17.79752],[52.5531,17.69763],[52.59739,17.59774],[52.64168,17.49785],[52.68591,17.39796],[52.72916,17.30039],[52.80058,17.26794],[52.84301,17.1757],[52.90368,17.04387],[52.96434,16.91204],[53.02501,16.78022],[53.08568,16.64839]],[[55.18586,22.70409],[55.25924,22.59089],[55.32017,22.49692],[55.40378,22.36783],[55.49272,22.23066],[55.57772,22.09953],[55.64103,22.00186],[55.60744,21.90037],[55.5708,21.78968],[55.53421,21.67899],[55.49757,21.5683],[55.46093,21.45761],[55.42435,21.34691],[55.38771,21.23622],[55.35107,21.12553],[55.31448,21.01482],[55.2779,20.9041],[55.24126,20.79341],[55.20462,20.68272],[55.16803,20.57203],[55.13139,20.46133],[55.09476,20.35064],[55.05817,20.23995],[55.02153,20.12926],[54.9774,19.99594],[54.87105,19.96049],[54.69902,19.90315],[54.52704,19.84582],[54.35501,19.78848],[54.18298,19.73115],[54.01095,19.67381],[53.83892,19.61648],[53.66689,19.55914],[53.49485,19.50181],[53.32282,19.44447],[53.15079,19.38714],[52.97876,19.3298],[52.80673,19.27247],[52.6347,19.21513],[52.46267,19.1578],[52.29064,19.10049],[52.11861,19.04315],[51.97763,18.99615]],[[55.18586,22.70409],[55.11941,22.62394],[55.10432,22.62146],[55.02504,22.63113],[54.99822,22.63438],[54.92252,22.64363],[54.80485,22.65802],[54.65225,22.67665],[54.47164,22.69872],[54.2701,22.72334],[54.05461,22.74967],[53.83209,22.77683],[53.60958,22.80398],[53.39403,22.83031],[53.19244,22.85494],[53.01189,22.877],[52.85929,22.89563],[52.74162,22.91002],[52.66591,22.91927],[52.63914,22.92253],[52.55507,22.93281],[52.50959,22.98694],[52.45461,23.05244],[52.39957,23.11797],[52.34454,23.18347],[52.28955,23.24897],[52.23452,23.31447],[52.17948,23.37997],[52.1245,23.44547],[52.06946,23.51097],[52.01443,23.57647],[51.95944,23.64197],[51.90441,23.70749],[51.84937,23.77299],[51.79439,23.83849],[51.73935,23.90402],[51.68432,23.96952],[51.62933,24.03502],[51.59254,24.07884],[51.57218,24.12835],[51.56836,24.25793],[51.56836,24.28619]],[[42.359,37.10859],[42.35905,37.095],[42.35011,37.06058],[42.2373,36.96115],[42.08397,36.82602],[41.97406,36.74081],[41.78854,36.59715],[41.65015,36.5664],[41.41683,36.51465],[41.3542,36.46439],[41.29601,36.38336],[41.2618,36.27246],[41.25173,36.20301],[41.24558,36.07341],[41.3002,35.93897],[41.35265,35.80998],[41.35937,35.72459],[41.3541,35.64041],[41.30335,35.55062],[41.24831,35.4275],[41.21638,35.28818],[41.19958,35.02737],[41.19917,34.80532],[41.19467,34.76899],[41.09902,34.61231],[40.98704,34.42904],[40.93505,34.38658],[40.68949,34.33201],[40.42154,34.19773],[40.12197,34.04764],[39.85,33.91137],[39.56444,33.76835],[39.26838,33.62002],[39.05672,33.51403],[38.77353,33.3722]],[[35.78725,32.73493],[35.89474,32.71379],[35.95644,32.66671],[36.05948,32.53378],[36.21978,32.4951],[36.28428,32.45745],[36.37213,32.38694],[36.4792,32.36131],[36.8184,32.3173],[37.08893,32.46551],[37.31755,32.59078],[37.57743,32.73307],[37.75416,32.82983],[38.05575,32.99486],[38.25429,33.09925],[38.51566,33.23663],[38.77353,33.3722]],[[35.61124,32.68206],[35.73444,32.72888],[35.78725,32.73493]],[[39.14545,32.1245],[39.29277,32.24382],[39.24746,32.351],[39.14007,32.3312],[39.04137,32.30565],[38.98158,32.47257],[39.05785,32.49318],[38.98742,32.71069],[38.91486,32.93466],[38.84505,33.15087],[38.77353,33.3722]],[[34.95082,29.35353],[35.16378,29.32095],[35.33917,29.29408],[35.59528,29.25485],[35.86037,29.21424],[36.01546,29.19047],[36.06848,29.20054],[36.28278,29.35537],[36.4761,29.49513],[36.59186,29.6661],[36.70389,29.83167],[36.75526,29.86603],[36.92708,29.89706],[37.19947,29.94631],[37.46922,29.99507],[37.49072,30.01171],[37.5536,30.14457],[37.63355,30.31329],[37.64993,30.33094],[37.66972,30.34812],[37.86294,30.44264],[37.98009,30.5],[37.81302,30.66929],[37.65551,30.82895],[37.47904,31.00777],[37.32943,31.14683],[37.10526,31.35517],[36.95855,31.49151],[37.21564,31.55611],[37.49335,31.62587],[37.77385,31.69633],[38.11145,31.78116],[38.37552,31.84746],[38.76966,31.94647],[38.96236,31.99489],[38.99708,32.00745],[39.14545,32.1245]],[[46.53146,29.09626],[46.35648,29.06365],[45.94968,29.09585],[45.49891,29.13155],[45.05031,29.16711],[44.71648,29.19362],[44.69084,29.20235],[44.36068,29.43526],[44.09967,29.61933],[43.77374,29.84921],[43.44079,30.084],[43.10309,30.32221],[42.85773,30.49519],[42.55981,30.71776],[42.28856,30.92039],[42.07441,31.08038],[41.7997,31.22037],[41.58509,31.32972],[41.27245,31.48903],[41.02249,31.61636],[40.80834,31.72545],[40.47885,31.89335],[40.3693,31.93898],[40.02782,31.995],[39.70407,32.04252],[39.36864,32.09174],[39.14545,32.1245]],[[61.58785,25.20234],[61.61539,25.2861],[61.64014,25.58464],[61.67136,25.69236],[61.66185,25.7513],[61.66862,25.769],[61.73766,25.82111],[61.7544,25.84336],[61.78076,25.99585],[61.81,26.1653],[61.84235,26.22594],[61.8698,26.24243],[62.08901,26.31824],[62.12595,26.36901],[62.23933,26.35705],[62.24967,26.36924],[62.25964,26.42748],[62.3123,26.49086],[62.38506,26.54264],[62.43922,26.56102],[62.63641,26.59365],[62.7516,26.63915],[62.78664,26.6439],[63.09292,26.63233],[63.15778,26.64977],[63.16806,26.66558],[63.1861,26.83761],[63.24155,26.86474],[63.25033,26.87924],[63.23147,26.99812],[63.24206,27.07768],[63.30521,27.12457],[63.30159,27.15147],[63.25622,27.20793],[63.19607,27.24392],[63.16677,27.25247],[62.91547,27.21842],[62.8116,27.22945],[62.76302,27.25017],[62.75279,27.26565],[62.7625,27.30019],[62.76431,27.35673],[62.80085,27.44455],[62.81201,27.49703],[62.78235,27.80053],[62.73977,28.00204],[62.7625,28.20208],[62.75801,28.24357],[62.74943,28.2529],[62.7176,28.2528],[62.56459,28.23518],[62.43389,28.36388],[62.35302,28.41475],[62.13055,28.47883],[62.03299,28.49103],[61.8899,28.54653],[61.75802,28.66766],[61.62304,28.79163],[61.56878,28.87092],[61.50863,29.00603],[61.33784,29.26501],[61.33949,29.33178],[61.31836,29.37263],[61.15216,29.54272],[61.03419,29.66341],[60.8434,29.8587]],[[60.8434,29.8587],[61.10416,30.12839],[61.33169,30.36373],[61.55948,30.59937],[61.78422,30.83192],[61.81083,30.91331],[61.81429,31.07255],[61.75502,31.2853],[61.6602,31.38243],[61.34647,31.42165],[61.11072,31.45113],[60.85404,31.48325],[60.82076,31.49518],[60.79162,31.6606],[60.80433,31.7345],[60.78753,31.87718],[60.78991,31.98709],[60.82728,32.16796],[60.82934,32.2494],[60.71043,32.59997],[60.64449,32.79438],[60.57654,32.99486],[60.56197,33.05878],[60.56052,33.13782],[60.71803,33.32355],[60.76687,33.36383],[60.85926,33.45623],[60.91704,33.50524],[60.90691,33.53899],[60.8064,33.55868],[60.65457,33.56041],[60.57385,33.58831],[60.51081,33.6389],[60.4859,33.7119],[60.52703,33.84197],[60.4858,34.09479],[60.57018,34.21964],[60.64269,34.30716],[60.88949,34.31943],[60.80392,34.418],[60.76263,34.47526],[60.73617,34.4918],[60.72625,34.51826],[60.73948,34.54471],[60.80232,34.55463],[60.84531,34.58771],[60.91476,34.63401],[60.95114,34.65385],[60.95776,34.71008],[60.99083,34.74977],[61.04044,34.79937],[61.08013,34.8556],[61.07021,34.92175],[61.10659,35.00112],[61.12312,35.05073],[61.14958,35.09372],[61.12643,35.15656],[61.10659,35.20948],[61.09997,35.27232],[61.13966,35.28885],[61.18927,35.312],[61.19919,35.36161],[61.22565,35.42445],[61.24549,35.47406],[61.27857,35.51375],[61.28187,35.55344],[61.26203,35.61958]],[[60.8434,29.8587],[61.22436,29.74942],[61.52144,29.66566],[62.001,29.53042],[62.37349,29.42539],[62.47653,29.40833],[63.56762,29.49799],[63.97101,29.43009],[64.09875,29.39195],[64.11793,29.41428],[64.17213,29.46037],[64.26608,29.50693],[64.39372,29.54432],[64.52111,29.5645],[64.70358,29.56714],[64.82729,29.56416],[64.91891,29.55277],[65.09549,29.55949],[65.18045,29.57763],[65.47097,29.65158],[65.66626,29.70131],[65.96159,29.77891],[66.17708,29.8356],[66.23123,29.86572],[66.28689,29.92001],[66.31335,29.96853],[66.2472,30.04349],[66.23842,30.10964],[66.28182,30.19345],[66.30544,30.32115],[66.30095,30.503],[66.28689,30.60793],[66.34689,30.80277],[66.39717,30.9122],[66.49737,30.96457],[66.56682,30.99656],[66.59581,31.01997],[66.62418,31.04606],[66.73136,31.19456],[66.82929,31.26367],[66.92432,31.30563],[67.02772,31.30026],[67.11593,31.24292],[67.28729,31.21784],[67.45287,31.23463],[67.59637,31.27768],[67.66148,31.313],[67.73786,31.34395],[67.73347,31.37925],[67.64706,31.40997],[67.59756,31.4533],[67.57823,31.50647],[67.62671,31.53877],[67.73988,31.54818],[68.01717,31.67796],[68.13019,31.76328],[68.16104,31.80297],[68.21396,31.80739],[68.31979,31.7677],[68.44324,31.75447],[68.52066,31.79416],[68.5976,31.80297],[68.67326,31.75971],[68.71367,31.70804],[68.78229,31.64644],[68.86901,31.63424],[68.97339,31.66737],[69.0831,31.73845],[69.18692,31.83811],[69.27932,31.93681],[69.25658,32.24945],[69.24144,32.43355],[69.28991,32.53057],[69.35947,32.59031],[69.40541,32.68271],[69.40458,32.76428],[69.45316,32.83283],[69.50158,33.02005],[69.56772,33.06416],[69.70368,33.09472],[69.92011,33.11248],[70.09022,33.1981],[70.26117,33.28903],[70.28417,33.36905],[70.21972,33.45468],[70.13415,33.62074],[70.05663,33.71985],[69.86807,33.89765],[69.88967,34.00728],[69.99473,34.05182],[70.25362,33.97596],[70.32571,33.96116],[70.41573,33.95043],[70.65401,33.95229],[70.84842,33.9819],[71.05161,34.04973],[71.0913,34.12027],[71.08908,34.20406],[71.09244,34.27323],[71.09569,34.36943],[71.02293,34.43115],[70.97885,34.48629],[70.96562,34.53037],[71.01632,34.55463],[71.06567,34.59962],[71.11331,34.6816],[71.22581,34.77953],[71.29413,34.86772],[71.3581,34.9096],[71.4551,34.96694],[71.51706,35.05114],[71.54548,35.10142],[71.60166,35.15067],[71.62047,35.18302],[71.60522,35.21178],[71.57721,35.248],[71.54548,35.28885],[71.54548,35.32854],[71.57194,35.37042],[71.60062,35.40792],[71.58739,35.46083],[71.57194,35.54682],[71.51902,35.59752],[71.48363,35.71462],[71.42756,35.83373],[71.39759,35.88019],[71.34286,35.93853],[71.22018,36.0007],[71.18509,36.04212],[71.23289,36.1218],[71.31258,36.1712],[71.46327,36.29326],[71.54584,36.37768],[71.62047,36.43648],[71.71638,36.42656],[71.7726,36.43183],[71.82221,36.48609],[71.92071,36.5342],[72.09558,36.63376],[72.15676,36.70089],[72.24983,36.73474],[72.32699,36.74241]],[[70.94681,42.24866],[70.86041,42.20724],[70.76455,42.19417],[70.71525,42.16867],[70.66254,42.10746],[70.61324,42.05475],[70.5843,42.03604],[70.54012,42.03945],[70.48911,42.08025],[70.41599,42.07854],[70.32892,42.02798],[70.22587,41.94602],[70.0956,41.8205],[69.96,41.75404],[69.78812,41.6973],[69.66389,41.67213],[69.56514,41.62904],[69.40096,41.54191],[69.3683,41.49057],[69.24929,41.46023],[69.15364,41.42525],[69.06496,41.36693],[69.04347,41.26412],[68.98688,41.20503],[68.85123,41.12385],[68.73713,41.04189],[68.66282,40.96153],[68.58406,40.87626],[68.55926,40.82929],[68.55657,40.76514],[68.59367,40.71129],[68.60065,40.65997],[68.57264,40.62264],[68.49569,40.60863],[68.41508,40.61943],[68.29188,40.65612],[68.16026,40.72175],[68.11226,40.75405],[68.04771,40.80929],[68.05707,40.86061],[68.09034,40.96026],[68.11303,41.02861],[68.05939,41.06127],[68.0197,41.09625],[67.99138,41.13005],[67.93573,41.19658],[67.86571,41.18025],[67.80509,41.16392],[67.73507,41.18725],[67.528,41.17715],[67.37158,41.16953],[67.22497,41.16237],[67.03873,41.1533],[66.8143,41.1424],[66.74975,41.15707],[66.70965,41.17914],[66.66867,41.27076],[66.64532,41.34864],[66.60165,41.49432],[66.57256,41.60697],[66.53788,41.74128],[66.51499,41.88938],[66.49866,41.99488],[66.3288,41.99834],[66.1932,42.00111],[66.00959,42.00488],[66.0112,42.08875],[66.01321,42.19448],[66.01554,42.31478],[66.04985,42.47273],[66.06272,42.60515],[66.07848,42.76664],[66.08881,42.8734],[66.10029,42.99084],[66.00562,42.95459],[65.90107,42.91451],[65.80299,42.87697],[65.73566,42.97211],[65.67024,43.06458],[65.57071,43.20517],[65.49619,43.31054],[65.36653,43.372],[65.27047,43.41753],[65.17094,43.49419],[65.08484,43.57367],[65.00314,43.64907],[64.90547,43.7147],[64.81179,43.69392],[64.70606,43.65297],[64.6041,43.61346],[64.49615,43.57163],[64.44318,43.55119],[64.31812,43.55894],[64.20883,43.56571],[64.01328,43.57786],[63.84812,43.58812],[63.67966,43.59863],[63.44484,43.61323],[63.20703,43.62798],[63.04771,43.6085],[62.84622,43.5839],[62.63445,43.55801],[62.45937,43.53665],[62.23783,43.50957],[62.072,43.48933],[61.99025,43.49213],[61.88762,43.57724],[61.72324,43.71356],[61.62361,43.79619],[61.52589,43.87719],[61.38507,43.99396],[61.27154,44.0823],[61.16069,44.16862],[61.09703,44.24826],[61.06535,44.3484],[61.00788,44.39378],[60.87921,44.45506],[60.74108,44.52085],[60.60295,44.58663],[60.46476,44.65242],[60.32663,44.7182],[60.1885,44.78399],[60.05032,44.84977],[59.91219,44.91555],[59.77406,44.98131],[59.63593,45.04707],[59.4978,45.11285],[59.35961,45.17864],[59.22148,45.24442],[59.08335,45.31021],[58.94517,45.37599],[58.80704,45.44177],[58.66891,45.50756],[58.55522,45.55536],[58.44944,45.5429],[58.2911,45.50942],[58.12517,45.47438],[57.96104,45.43968],[57.66669,45.37744],[57.4773,45.33744],[57.32925,45.30364],[57.17168,45.2677],[56.96503,45.2206],[56.79186,45.18107],[56.58877,45.13477],[56.40915,45.09378],[56.25794,45.05932],[56.10048,45.0234],[55.97568,44.99493],[55.97584,44.76538],[55.97594,44.53583],[55.97605,44.30629],[55.97615,44.07674],[55.97625,43.84719],[55.97636,43.61765],[55.97646,43.3881],[55.97656,43.15858],[55.97667,42.92906],[55.97677,42.69951],[55.97687,42.46997],[55.97698,42.24042],[55.97708,42.01087],[55.97718,41.78133],[55.97729,41.55178],[55.97744,41.32223]],[[13.60633,13.70462],[13.50577,14.13443],[13.4482,14.38065],[13.51362,14.4555],[13.6424,14.63079],[13.8071,14.96609],[14.17818,15.48474],[14.36799,15.75015],[14.74673,16.14661],[15.21213,16.63389],[15.47433,16.90837],[15.51671,17.40847],[15.56156,17.93725],[15.59551,18.33707],[15.63763,18.81084],[15.67292,19.20679],[15.69866,19.49519],[15.73504,19.90406],[15.76625,19.98255],[15.94882,20.30318],[15.96319,20.34617],[15.92934,20.39984],[15.66848,20.67238],[15.58714,20.73331],[15.54032,20.87488],[15.60735,20.95441],[15.29367,21.41154],[15.21585,21.46745],[15.18184,21.52339],[15.17787,21.60581],[15.17228,21.92207],[15.08893,22.41835],[14.97891,22.99627]],[[11.96788,23.51787],[12.48878,23.40167],[12.98363,23.29124],[13.48128,23.18019],[13.59858,23.11954],[13.86265,22.90209],[14.20066,22.62374],[14.21555,22.61968],[14.23074,22.61847],[14.55563,22.78254],[14.97891,22.99627]],[[0.21749,14.91149],[0.2287,14.96369],[0.28624,14.9802],[0.43303,14.97901],[0.71864,14.9549],[0.94742,14.98211],[0.96008,14.98694],[1.12131,15.12611],[1.30021,15.27227],[1.56913,15.28646],[1.8594,15.30173],[2.08817,15.30935],[2.42081,15.32038],[2.68969,15.32989],[3.00104,15.34095],[3.01049,15.40831],[3.02941,15.42485],[3.0601,15.4272],[3.28908,15.3911],[3.50426,15.35632],[3.52054,15.48309],[3.70957,15.64168],[3.81654,15.67403],[3.843,15.7017],[3.8769,15.75529],[3.89798,15.838],[3.90718,15.89681],[3.94708,15.94564],[3.97622,16.03556],[4.01488,16.19273],[4.12128,16.35771],[4.18215,16.58178],[4.1912,16.7982],[4.20298,16.96271],[4.23466,16.99638],[4.23367,17.28843],[4.23275,17.58218],[4.23192,17.83051],[4.23088,18.13946],[4.23001,18.41061],[4.22902,18.70436],[4.2282,18.96804],[4.22763,19.14276]],[[-0.06862,11.1156],[-0.29946,11.16689],[-0.31256,11.11888],[-0.34574,11.08793],[-0.3956,11.08571],[-0.43033,11.09328],[-0.45353,11.0563],[-0.49172,11.0076],[-0.54523,10.98367],[-0.59766,10.95367],[-0.62716,10.9274],[-0.64853,10.92677],[-0.70142,10.98894],[-0.7716,10.99527],[-0.90291,10.9847],[-0.96182,11.00171],[-1.04249,11.01005],[-1.23261,10.99724],[-1.53677,11.02263],[-1.58649,11.00889],[-1.59966,10.99765],[-1.90063,10.99468],[-2.23195,10.99142],[-2.50917,10.98874],[-2.75169,10.98636],[-2.7521,10.99698],[-2.82992,10.99837],[-2.83855,10.97747],[-2.90734,10.72798],[-2.91488,10.59233],[-2.8784,10.50794],[-2.83721,10.45466],[-2.79117,10.43244],[-2.78662,10.4019],[-2.82347,10.36293],[-2.82031,10.32283],[-2.77711,10.28159],[-2.76652,10.23816],[-2.78848,10.19258],[-2.78321,10.08308],[-2.75073,9.90965],[-2.74983,9.79723],[-2.78052,9.74584],[-2.76595,9.65807],[-2.70619,9.53394],[-2.69585,9.48133]],[[-13.2927,9.04922],[-13.23423,9.07014],[-13.17836,9.06087],[-13.12989,9.04756],[-13.07728,9.06963],[-13.02801,9.10358],[-12.99861,9.14694],[-12.95882,9.26331],[-12.8311,9.30222],[-12.75588,9.37359],[-12.68441,9.48418],[-12.65165,9.5619],[-12.62214,9.60065],[-12.60359,9.63424],[-12.58985,9.67114],[-12.55786,9.70496],[-12.52437,9.78721],[-12.50148,9.86216],[-12.428,9.89813],[-12.27772,9.92978],[-12.14233,9.87539],[-11.92276,9.92273],[-11.91108,9.99303],[-11.71003,9.99417],[-11.47193,9.99546],[-11.27365,9.99652],[-11.20564,9.97774],[-11.18089,9.92534],[-11.11567,9.84315],[-11.04746,9.7863],[-10.96307,9.66163],[-10.86478,9.51645],[-10.75859,9.38534],[-10.69053,9.31426],[-10.6827,9.28936],[-10.68764,9.26114],[-10.72123,9.19448],[-10.74996,9.12236],[-10.74701,9.09529],[-10.72686,9.08169],[-10.61596,9.05919],[-10.60576,8.97883],[-10.60563,8.8676],[-10.55178,8.76375],[-10.50054,8.68756],[-10.50315,8.6603],[-10.62847,8.53],[-10.67735,8.40057],[-10.70216,8.36419],[-10.71208,8.33525],[-10.68697,8.32166],[-10.65265,8.33029],[-10.604,8.31947],[-10.55772,8.31569],[-10.49643,8.36213],[-10.39443,8.48098],[-10.36003,8.49553],[-10.28322,8.48514]],[[5.7897,49.53827],[5.82345,49.50507],[5.90138,49.48977],[5.92892,49.47755],[5.95946,49.45463],[6.0114,49.44546],[6.07408,49.45463],[6.11992,49.4852],[6.18105,49.49894],[6.24218,49.49434],[6.27732,49.47755],[6.34429,49.45274]],[[56.08043,26.06265],[56.1165,26.06818],[56.16746,26.04745],[56.17257,25.94519],[56.15407,25.8485],[56.15195,25.74608],[56.14462,25.69053],[56.18363,25.64492],[56.24952,25.62539],[56.27851,25.62774],[56.29789,25.65068]],[[30.50995,-1.06727],[30.4699,-1.06603],[30.41233,-1.06304],[30.36024,-1.07461],[30.32051,-1.11306],[30.27984,-1.17879],[30.20697,-1.25424],[30.14997,-1.32111],[30.10155,-1.36865],[29.9905,-1.44694],[29.93009,-1.46994],[29.90001,-1.46632],[29.88162,-1.4518],[29.84684,-1.3517],[29.82545,-1.33558],[29.60965,-1.3871],[29.57693,-1.38787]],[[30.50995,-1.06727],[30.47703,-1.08298],[30.47021,-1.13115],[30.50809,-1.20825],[30.63196,-1.36746],[30.71072,-1.39681],[30.76218,-1.45872],[30.81262,-1.56306],[30.8275,-1.69369],[30.80673,-1.85069],[30.81913,-1.96748],[30.86461,-2.04406],[30.8766,-2.14338],[30.855,-2.26539],[30.82874,-2.33851],[30.79763,-2.3627],[30.76244,-2.37169],[30.71485,-2.36353],[30.65661,-2.37381],[30.59341,-2.3968],[30.55362,-2.40011]],[[33.90323,-1.00206],[33.79404,-1.00206],[33.61627,-1.00206],[33.43851,-1.00206],[33.26074,-1.00206],[33.08297,-1.00206],[32.90521,-1.00206],[32.72744,-1.00206],[32.54967,-1.00206],[32.37191,-1.00206],[32.19414,-1.00206],[32.01637,-1.00206],[31.83861,-1.00206],[31.66084,-1.00206],[31.48307,-1.00206],[31.3053,-1.00206],[31.12754,-1.00206],[30.94972,-1.00206],[30.84476,-1.00206],[30.82368,-0.99901],[30.80921,-0.99493],[30.74203,-1.00754],[30.67278,-1.05136],[30.59873,-1.0697],[30.51987,-1.06252],[30.50995,-1.06727]],[[34.59141,-11.97105],[34.554,-11.98227],[34.54159,-12.01865],[34.58045,-12.06578],[34.62179,-12.0666],[34.64164,-12.01369],[34.62427,-11.98475],[34.59141,-11.97105],[34.59141,-11.97105],[34.59141,-11.97105],[34.59141,-11.97105],[34.59141,-11.97105],[34.59141,-11.97105],[34.59141,-11.97105],[34.59141,-11.97105],[34.59141,-11.97105],[34.59141,-11.97105],[34.59141,-11.97105],[34.59141,-11.97105],[34.59141,-11.97105],[34.59141,-11.97105],[34.59141,-11.97105],[34.59141,-11.97105],[34.59141,-11.97105],[34.59141,-11.97105]],[[87.32282,49.08579],[87.41671,49.07659],[87.47619,49.09145],[87.51588,49.12243],[87.5766,49.13235],[87.66832,49.14723],[87.76248,49.16581],[87.81829,49.16209]],[[45.50444,40.66486],[45.47881,40.64832],[45.47881,40.60698],[45.51436,40.59954],[45.55239,40.61607],[45.56231,40.64915],[45.5342,40.66403],[45.50444,40.66486],[45.50444,40.66486],[45.50444,40.66486],[45.50444,40.66486],[45.50444,40.66486],[45.50444,40.66486],[45.50444,40.66486],[45.50444,40.66486],[45.50444,40.66486],[45.50444,40.66486],[45.50444,40.66486],[45.50444,40.66486],[45.50444,40.66486]],[[44.99439,41.08561],[44.96142,41.07925],[44.95889,41.05261],[44.96902,41.02724],[45.00204,41.01582],[45.02359,41.02724],[45.02865,41.05388],[45.02106,41.07798],[44.99439,41.08561],[44.99439,41.08561],[44.99439,41.08561],[44.99439,41.08561],[44.99439,41.08561],[44.99439,41.08561],[44.99439,41.08561],[44.99439,41.08561],[44.99439,41.08561],[44.99439,41.08561],[44.99439,41.08561],[44.99439,41.08561],[44.99439,41.08561]],[[12.44108,43.98241],[12.3969,43.93455],[12.42635,43.89409],[12.48526,43.90143],[12.51467,43.95298],[12.50366,43.98977],[12.44108,43.98241],[12.44108,43.98241],[12.44108,43.98241],[12.44108,43.98241],[12.44108,43.98241],[12.44108,43.98241],[12.44108,43.98241],[12.44108,43.98241],[12.44108,43.98241],[12.44108,43.98241],[12.44108,43.98241],[12.44108,43.98241],[12.44108,43.98241]],[[70.57205,41.02481],[70.54999,41.01489],[70.56875,40.98181],[70.62275,40.9344],[70.65251,40.9366],[70.64921,40.96086],[70.61836,41.00166],[70.57205,41.02481],[70.57205,41.02481],[70.57205,41.02481],[70.57205,41.02481],[70.57205,41.02481],[70.57205,41.02481],[70.57205,41.02481],[70.57205,41.02481],[70.57205,41.02481],[70.57205,41.02481],[70.57205,41.02481],[70.57205,41.02481],[70.57205,41.02481]],[[-117.12827,32.53336],[-116.84211,32.55478],[-116.55595,32.5762],[-116.26982,32.59762],[-115.98366,32.61904],[-115.69751,32.64046],[-115.41137,32.66188],[-115.12521,32.6833],[-114.83906,32.70472],[-114.72477,32.71534],[-114.788,32.56481],[-114.83596,32.50833],[-114.36172,32.3603],[-113.88746,32.2123],[-113.4132,32.0643],[-112.93897,31.91627],[-112.46473,31.76824],[-111.99047,31.62024],[-111.51621,31.47224],[-111.04198,31.32421],[-110.68854,31.32486],[-110.33509,31.32553],[-109.98165,31.32615],[-109.62821,31.32682],[-109.27477,31.32747],[-109.04781,31.32788],[-108.92133,31.32811],[-108.56789,31.32879],[-108.21445,31.32943],[-108.2138,31.4419],[-108.21316,31.55438],[-108.21249,31.66685],[-108.21184,31.77933],[-107.99203,31.77816],[-107.7722,31.77703],[-107.55237,31.77589],[-107.33254,31.77475],[-107.11271,31.77362],[-106.89288,31.77248],[-106.67304,31.77134],[-106.45321,31.77018],[-106.44538,31.7684],[-106.43603,31.76447],[-106.34697,31.679],[-106.25571,31.54466],[-106.14806,31.45092],[-106.02409,31.39777],[-105.81271,31.24104],[-105.51399,30.98077],[-105.27582,30.80727],[-105.09815,30.72055],[-104.97883,30.64593],[-104.91785,30.58335],[-104.83589,30.44765],[-104.68133,30.13436],[-104.68133,29.99052],[-104.62221,29.85428],[-104.50398,29.67767],[-104.40063,29.57375],[-104.31221,29.54244],[-104.21552,29.47991],[-104.11062,29.38611],[-103.98974,29.32317],[-103.85291,29.29108],[-103.66398,29.2069],[-103.42293,29.07068],[-103.2577,29.00112],[-103.1683,28.99818],[-103.09001,29.04187],[-103.02283,29.1322],[-102.95681,29.19036],[-102.89201,29.21638],[-102.86568,29.25803],[-102.87782,29.31532],[-102.834,29.44396],[-102.73419,29.64395],[-102.61495,29.75234],[-102.47625,29.76909],[-102.38566,29.80666],[-102.34308,29.86497],[-102.26892,29.87117],[-102.16309,29.82526],[-101.9909,29.7957],[-101.75234,29.78247],[-101.6116,29.78697],[-101.5687,29.80924],[-101.54638,29.80808],[-101.54462,29.78353],[-101.5093,29.77312],[-101.44039,29.77684],[-101.38034,29.74255],[-101.30353,29.63408],[-101.03897,29.4604],[-101.03863,29.46029],[-101.01633,29.40066],[-100.92414,29.3147],[-100.75459,29.18251],[-100.65863,29.06854],[-100.63631,28.97281],[-100.5497,28.82134],[-100.3989,28.61422],[-100.33173,28.50255],[-100.34816,28.48643],[-100.33627,28.42814],[-100.29604,28.32768],[-100.22127,28.24262],[-100.11195,28.17296],[-100.00141,28.04785],[-99.88963,27.86729],[-99.75427,27.72994],[-99.59531,27.63588],[-99.50532,27.54835],[-99.48426,27.46739],[-99.48583,27.39804],[-99.51007,27.34032],[-99.49981,27.28552],[-99.45514,27.23371],[-99.44026,27.17012],[-99.45772,27.08171],[-99.45653,27.05667],[-99.45651,27.05662],[-99.44354,27.03667],[-99.30246,26.88472],[-99.22993,26.76193],[-99.17236,26.56592],[-99.17208,26.56414],[-99.10777,26.44691],[-99.01527,26.39896],[-98.87321,26.38123],[-98.76523,26.34041],[-98.69141,26.27646],[-98.59829,26.23786],[-98.48587,26.22458],[-98.37812,26.18236],[-98.27503,26.1112],[-98.08279,26.06443],[-97.80142,26.04205],[-97.58724,25.9842],[-97.44027,25.89082],[-97.37563,25.87181],[-97.35816,25.87051],[-97.34974,25.88478],[-97.33865,25.91118],[-97.28178,25.94162],[-97.14624,25.96147]],[[-92.23514,14.54539],[-92.20904,14.57102],[-92.18706,14.63009],[-92.15993,14.69104],[-92.17646,14.76132],[-92.18638,14.81837],[-92.15566,14.90131],[-92.15856,14.96356],[-92.14422,15.00193],[-92.09874,15.02673],[-92.07479,15.07422],[-92.20434,15.23767],[-92.20426,15.27501],[-92.18716,15.3209],[-92.08215,15.49557],[-91.95725,15.70323],[-91.81943,15.93236],[-91.73659,16.07018],[-91.43397,16.07044],[-91.23378,16.07065],[-90.97958,16.07083],[-90.70324,16.07106],[-90.52199,16.07122],[-90.44716,16.07269],[-90.45987,16.16237],[-90.45013,16.26139],[-90.41698,16.3513],[-90.41698,16.39099],[-90.47109,16.43957],[-90.57578,16.46783],[-90.63407,16.51072],[-90.63438,16.56514],[-90.65996,16.63092],[-90.71071,16.70813],[-90.81603,16.78709],[-90.97581,16.86781],[-91.11187,16.9762],[-91.22417,17.11226],[-91.3192,17.19978],[-91.39232,17.23642],[-91.40963,17.25587],[-91.19551,17.25409],[-90.99297,17.25244],[-90.99162,17.44746],[-90.99044,17.62073],[-90.98914,17.81643],[-90.62203,17.81612],[-90.18358,17.81571],[-89.72883,17.81535],[-89.37154,17.81501],[-89.16148,17.81483],[-89.16236,17.90196],[-89.13355,17.97079],[-89.05043,17.99973],[-88.94263,17.93963],[-88.89782,17.91454],[-88.85739,17.92883],[-88.80633,17.96552],[-88.7436,18.07164],[-88.58619,18.29051],[-88.52299,18.4459],[-88.46126,18.47678],[-88.37243,18.48231],[-88.29566,18.47241],[-88.2489,18.41335],[-88.03961,18.4164],[-88.04178,18.19537],[-87.82562,18.18147]],[[-54.61589,-25.57606],[-54.61056,-25.43271],[-54.47315,-25.22022],[-54.43626,-25.12131],[-54.45409,-25.06524],[-54.41298,-24.86747],[-54.31293,-24.52817],[-54.281,-24.30606],[-54.31727,-24.20126],[-54.31826,-24.12809],[-54.26691,-24.06587],[-54.24183,-24.04727],[-54.37081,-23.9712],[-54.44026,-23.90174],[-54.52956,-23.85214],[-54.62547,-23.81245],[-54.67177,-23.82898],[-54.72138,-23.85214],[-54.81729,-23.88852],[-54.92643,-23.95135],[-54.98266,-23.97451],[-55.08188,-23.99766],[-55.19433,-24.0175],[-55.28693,-24.00427],[-55.3663,-23.99104],[-55.41591,-23.95135],[-55.44237,-23.86537],[-55.44237,-23.7926],[-55.45891,-23.68677],[-55.51844,-23.62724],[-55.53828,-23.58094],[-55.54159,-23.52471],[-55.53498,-23.46187],[-55.51844,-23.41557],[-55.52836,-23.35935],[-55.55482,-23.31966],[-55.54821,-23.25021],[-55.56144,-23.1543],[-55.60112,-23.09477],[-55.62097,-23.02531],[-55.62097,-22.95586],[-55.65073,-22.88641],[-55.65404,-22.81034],[-55.62758,-22.74089],[-55.61766,-22.67143],[-55.64742,-22.62182],[-55.70365,-22.59206],[-55.74664,-22.51268],[-55.75326,-22.41016],[-55.79956,-22.35393],[-55.84917,-22.30763],[-55.90539,-22.30763],[-55.99138,-22.28117],[-56.06745,-22.28448],[-56.18982,-22.28117],[-56.24604,-22.26464],[-56.27581,-22.22826],[-56.35188,-22.17865],[-56.39487,-22.09266],[-56.44779,-22.07612],[-56.52386,-22.10258],[-56.55031,-22.13565],[-56.58008,-22.18195],[-56.633,-22.23487],[-56.70245,-22.23156],[-56.77521,-22.26133],[-56.84466,-22.26464],[-56.93727,-22.27125],[-57.02987,-22.24479],[-57.14232,-22.21503],[-57.23823,-22.19518],[-57.33084,-22.21503],[-57.39368,-22.19849],[-57.47636,-22.18857],[-57.56896,-22.18195],[-57.64172,-22.12904],[-57.7211,-22.09927],[-57.76409,-22.10919],[-57.82032,-22.14227],[-57.87985,-22.13565],[-57.95591,-22.10919],[-57.98568,-22.04635],[-57.97906,-22.00667],[-57.96253,-21.96698],[-57.93276,-21.91076],[-57.9493,-21.85122],[-57.94268,-21.79831],[-57.92946,-21.75201],[-57.91623,-21.69909],[-57.92615,-21.64948],[-57.92946,-21.59656],[-57.93607,-21.54695],[-57.94599,-21.49404],[-57.90631,-21.41797],[-57.87323,-21.35513],[-57.89308,-21.30221],[-57.88646,-21.26583],[-57.86,-21.2063],[-57.82693,-21.13354],[-57.83024,-20.99794],[-57.86,-20.91857],[-57.89225,-20.89707],[-57.90052,-20.87309],[-57.88481,-20.84167],[-57.90189,-20.80943],[-57.9085,-20.77635],[-57.89142,-20.74742],[-57.91512,-20.69036],[-57.96253,-20.67383],[-57.97906,-20.65729],[-57.9956,-20.59445],[-58.00883,-20.52169],[-58.00222,-20.46547],[-58.02537,-20.41586],[-58.05844,-20.38609],[-58.09151,-20.33318],[-58.12459,-20.29349],[-58.13782,-20.23727],[-58.15978,-20.16461]],[[-62.651,-22.23373],[-62.62571,-22.26153],[-62.62597,-22.29047],[-62.54155,-22.34964],[-62.37249,-22.43915],[-62.21418,-22.61242],[-62.06659,-22.86946],[-61.92802,-23.05932],[-61.79852,-23.182],[-61.67951,-23.26871],[-61.57102,-23.3194],[-61.51304,-23.36049],[-61.50552,-23.39201],[-61.40397,-23.45748],[-61.20838,-23.55706],[-61.08472,-23.65649],[-61.03294,-23.75571],[-60.83982,-23.85813],[-60.50534,-23.9636],[-60.26218,-24.01399],[-60.1103,-24.00923],[-59.89246,-24.09357],[-59.60858,-24.26684],[-59.43541,-24.38699],[-59.37293,-24.45396],[-59.18726,-24.56227],[-58.72401,-24.78665],[-58.51965,-24.84288],[-58.42281,-24.89414],[-58.3654,-24.95925],[-58.30871,-24.97915],[-58.25279,-24.95377],[-58.13647,-24.97713],[-57.95982,-25.04917],[-57.82166,-25.1364],[-57.64389,-25.32843],[-57.58715,-25.40512],[-57.56312,-25.47374],[-57.5717,-25.53415],[-57.62583,-25.5987],[-57.72546,-25.66722],[-57.75482,-25.69709],[-57.75706,-25.72603],[-57.78249,-25.7837],[-57.86522,-25.90695],[-57.8862,-25.96426],[-57.89065,-26.00658],[-57.9431,-26.05298],[-58.08239,-26.13856],[-58.11112,-26.18021],[-58.11807,-26.22491],[-58.13562,-26.25147],[-58.15471,-26.26258],[-58.18148,-26.30739],[-58.20303,-26.38149],[-58.2052,-26.47658],[-58.18794,-26.59254],[-58.1913,-26.63],[-58.22205,-26.64995],[-58.23936,-26.67687],[-58.24556,-26.73103],[-58.27168,-26.77072],[-58.3177,-26.79594],[-58.33465,-26.82493],[-58.32256,-26.85764],[-58.35643,-26.88999],[-58.4363,-26.92197],[-58.48524,-26.96843],[-58.50324,-27.02951],[-58.54771,-27.08403],[-58.61861,-27.13209],[-58.64176,-27.19612],[-58.60484,-27.31435],[-58.16825,-27.27342],[-57.81223,-27.31663],[-57.39127,-27.43042],[-57.11183,-27.47011],[-56.97396,-27.43579],[-56.87174,-27.44065],[-56.80518,-27.48468],[-56.71571,-27.49377],[-56.60336,-27.46783],[-56.51052,-27.48788],[-56.43714,-27.55382],[-56.37048,-27.53739],[-56.31054,-27.43879],[-56.24173,-27.3668],[-56.16409,-27.32148],[-56.06735,-27.30774],[-55.95149,-27.32572],[-55.85904,-27.36195],[-55.79,-27.41636],[-55.71463,-27.41481],[-55.63293,-27.35714],[-55.59381,-27.2881],[-55.59725,-27.20759],[-55.5649,-27.15002],[-55.49671,-27.1153],[-55.45064,-27.06837],[-55.42666,-27.00925],[-55.34579,-26.97319],[-55.20799,-26.96016],[-55.13593,-26.93112],[-55.12963,-26.88606],[-55.08885,-26.84451],[-55.01361,-26.80668],[-54.96214,-26.75935],[-54.93447,-26.7025],[-54.88892,-26.6668],[-54.82551,-26.65222],[-54.7551,-26.5329],[-54.67772,-26.30883],[-54.63193,-26.0058],[-54.61589,-25.57606]],[[-62.651,-22.23373],[-62.66526,-22.21802],[-62.74456,-22.15984],[-62.8151,-22.04956],[-62.8343,-21.99912],[-62.84334,-21.99731],[-63.26717,-22.00057],[-63.67536,-22.00429],[-63.71696,-22.02749],[-63.77556,-22.02723],[-63.81866,-22.00543],[-63.86101,-22.00718],[-63.9217,-22.02858],[-63.97614,-22.07255],[-64.13184,-22.36582],[-64.2091,-22.49129],[-64.26638,-22.60332],[-64.30793,-22.7953],[-64.32529,-22.8276],[-64.37397,-22.76104],[-64.44549,-22.58534],[-64.47776,-22.48535],[-64.52365,-22.37161],[-64.60553,-22.22882],[-64.7001,-22.18552],[-64.75865,-22.17131],[-64.84304,-22.14392],[-64.99262,-22.10966],[-65.05783,-22.10279],[-65.48489,-22.09813],[-65.51881,-22.09452],[-65.68617,-22.11023],[-65.77104,-22.09958],[-65.86019,-22.01969],[-66.05862,-21.87944],[-66.09857,-21.8351],[-66.17466,-21.80564],[-66.22016,-21.80254],[-66.2476,-21.83045],[-66.28212,-21.94745],[-66.32246,-22.05312],[-66.36517,-22.11374],[-66.50697,-22.15839],[-66.639,-22.20536],[-66.71174,-22.21632],[-66.75065,-22.26934],[-66.76747,-22.34308],[-66.80031,-22.40964],[-66.99112,-22.50984],[-67.03355,-22.55227],[-67.05541,-22.65092],[-67.16192,-22.7738],[-67.19488,-22.82171]],[[26.61897,48.25984],[26.64047,48.29416],[26.84708,48.38715],[26.90056,48.37193],[27.00851,48.36826],[27.2285,48.37141],[27.33697,48.4327],[27.40378,48.41565],[27.45846,48.44309],[27.54925,48.47771],[27.56223,48.4704],[27.57375,48.4649],[27.71441,48.4495],[27.82004,48.41627],[27.89063,48.36521],[27.96339,48.33356],[28.03842,48.32129],[28.08013,48.29581],[28.0885,48.25706],[28.15883,48.23799],[28.29102,48.23855],[28.34714,48.21305],[28.32698,48.16143],[28.34052,48.14445],[28.38755,48.16213],[28.42305,48.14688],[28.44202,48.10869],[28.46305,48.0905],[28.53049,48.15032],[28.6017,48.1444],[28.77378,48.11957],[28.86582,47.99567],[28.92318,47.95113],[28.97335,47.93299],[29.03697,47.95235],[29.09293,47.97542],[29.12539,47.96454],[29.19484,47.8824],[29.21117,47.77502],[29.21075,47.73156],[29.18605,47.65859],[29.15091,47.58087],[29.12296,47.53038],[29.13489,47.48969],[29.1598,47.45566],[29.20058,47.4445],[29.33375,47.37571],[29.38341,47.32804],[29.4557,47.29264],[29.51063,47.29071],[29.53916,47.27099],[29.54934,47.24681],[29.54179,47.18554],[29.511,47.12803],[29.51503,47.0911],[29.5635,47.04752],[29.56867,46.99672],[29.57197,46.96401],[29.59776,46.93884],[29.71977,46.88293],[29.87785,46.82892],[29.9181,46.78242],[29.94249,46.72376],[29.93474,46.62501],[29.9243,46.53887],[30.13101,46.42308],[30.1075,46.40159],[30.07571,46.37784],[29.87805,46.36022],[29.8379,46.35056],[29.75201,46.43779],[29.7068,46.44874],[29.66458,46.41675],[29.61497,46.39882],[29.55507,46.40776],[29.49105,46.43469],[29.4588,46.45375],[29.43281,46.45598],[29.39286,46.43691],[29.33953,46.44507],[29.30486,46.46662],[29.25458,46.39262],[29.22388,46.37696],[29.20455,46.37937],[29.20083,46.50496],[29.18621,46.52396],[29.14626,46.5269],[29.04994,46.49703],[28.95837,46.45848],[28.92747,46.42412],[28.93057,46.36223],[28.94369,46.28842],[29.00627,46.17648],[28.97191,46.12765],[28.94772,46.04993],[28.84954,45.97864],[28.73874,45.93715],[28.72934,45.85198],[28.66764,45.79385],[28.56232,45.73581],[28.49163,45.66579],[28.50951,45.61784],[28.51374,45.57241],[28.50175,45.54156],[28.49907,45.51774],[28.47137,45.5072],[28.31035,45.49857],[28.26487,45.48387],[28.21247,45.45046]],[[67.759,37.17223],[67.76602,37.14011],[67.83444,37.0642],[67.95795,36.97201],[68.06781,36.94981],[68.2121,37.02151],[68.26098,37.01309],[68.28475,37.03634],[68.29953,37.08843],[68.38687,37.13748],[68.54654,37.18347],[68.63698,37.22447],[68.66917,37.25842],[68.72323,37.26801],[68.78209,37.25798],[68.82374,37.27072],[68.83846,37.30284],[68.85536,37.31684],[68.88528,37.32806],[68.91179,37.33395],[68.96047,37.32506],[69.04998,37.26651],[69.1802,37.15828],[69.26485,37.10841],[69.30392,37.11693],[69.35383,37.15006],[69.4145,37.20778],[69.42969,37.29085],[69.39921,37.39932],[69.42008,37.4867],[69.49212,37.55306],[69.62576,37.59404],[69.82089,37.60959],[69.94062,37.60029],[69.98496,37.56616],[70.0447,37.54722],[70.11983,37.5435],[70.18872,37.58249],[70.25145,37.66419],[70.25497,37.76537],[70.19947,37.88601],[70.21466,37.92443],[70.23874,37.9412],[70.31326,37.98481],[70.41775,38.07545],[70.51857,38.19198],[70.61582,38.33443],[70.73592,38.42256],[70.87886,38.45641],[71.05218,38.41786],[71.25589,38.30696],[71.33273,38.17028],[71.28281,38.00791],[71.27852,37.91841],[71.31997,37.90185],[71.38968,37.90632],[71.48776,37.9319],[71.55194,37.93314],[71.58222,37.91009],[71.58037,37.86425],[71.54615,37.79565],[71.50502,37.60292],[71.47965,37.43604],[71.45479,37.27183],[71.43288,37.12755],[71.47185,37.0151],[71.53086,36.84509],[71.59752,36.73293],[71.66563,36.69691],[71.73374,36.68401],[71.80206,36.6943],[71.94195,36.76644],[72.15351,36.90054],[72.35882,36.98294]],[[72.89553,37.26754],[73.21117,37.40852],[73.38294,37.46226],[73.48133,37.47167],[73.60463,37.44606],[73.63264,37.43722],[73.65714,37.43048],[73.7206,37.41875],[73.73382,37.37575],[73.71729,37.32945],[73.64882,37.29119],[73.62758,37.26158],[73.65347,37.23938],[73.74964,37.23179],[73.9488,37.28315],[74.07778,37.31622],[74.16708,37.32945],[74.20346,37.37245],[74.25969,37.41544],[74.34898,37.41875],[74.44489,37.3956],[74.52427,37.38237],[74.6594,37.39449],[74.73056,37.35702],[74.8305,37.28592],[74.87536,37.24197],[74.89133,37.23163]],[[66.52228,37.3485],[66.82768,37.37131],[67.06886,37.33483],[67.19546,37.23519],[67.31975,37.20959],[67.4417,37.25798],[67.51725,37.26667],[67.5465,37.23566],[67.60738,37.22251],[67.69998,37.22726],[67.7529,37.1998],[67.759,37.17223]],[[61.26203,35.61958],[61.34471,35.62951],[61.37778,35.59313],[61.42181,35.54579],[61.54274,35.45786],[61.62097,35.43233],[61.71978,35.41942],[61.84101,35.43148],[61.93806,35.44789],[61.9839,35.4437],[62.08968,35.37967],[62.21308,35.28997],[62.25282,35.25023],[62.27117,35.18912],[62.30786,35.17077],[62.38661,35.23123],[62.46283,35.25139],[62.53311,35.23989],[62.61058,35.23315],[62.68814,35.25534],[62.72271,35.27134],[62.858,35.34968],[62.98022,35.40916],[63.0566,35.44582],[63.08414,35.56809],[63.11928,35.63754],[63.16972,35.67811],[63.1508,35.72826],[63.12998,35.76673],[63.10858,35.81869],[63.12998,35.84621],[63.17886,35.85843],[63.30165,35.85841],[63.51698,35.91313],[63.69661,35.96783],[63.86249,36.01235],[63.93809,36.01974],[64.00966,36.01212],[64.04238,36.02509],[64.05132,36.06764],[64.09224,36.11268],[64.18433,36.1489],[64.35807,36.22606],[64.51103,36.34068],[64.56586,36.4276],[64.6026,36.55454],[64.67433,36.75021],[64.75308,36.9648],[64.78238,37.05929],[64.81633,37.1321],[64.95162,37.19354],[65.0897,37.23793],[65.30359,37.24677],[65.55495,37.25116],[65.60802,37.36842],[65.64124,37.46784],[65.68295,37.51916],[65.74387,37.56086],[65.76501,37.56913],[65.90071,37.5081],[66.10845,37.41477],[66.3503,37.36816],[66.47184,37.34472],[66.52228,37.3485]],[[92.5749,21.97809],[92.56126,22.04803],[92.53185,22.41031],[92.50963,22.5257],[92.49139,22.68539],[92.46447,22.73443],[92.43046,22.82181],[92.39315,22.89703],[92.36163,22.92901],[92.34127,23.06981],[92.33383,23.24241],[92.33424,23.32382],[92.28938,23.49249],[92.24608,23.68362],[92.18707,23.67553],[92.15234,23.72186],[92.12702,23.72101],[92.04408,23.67778],[91.97855,23.69202],[91.92961,23.686],[91.92951,23.59825],[91.93788,23.50469],[91.91917,23.47105],[91.79009,23.36103],[91.75422,23.28731],[91.75795,23.2098],[91.77386,23.10608],[91.75102,23.05353],[91.6949,23.00485],[91.61956,22.97968],[91.55356,22.99157],[91.51124,23.03371],[91.4714,23.14128],[91.43626,23.1999],[91.39947,23.21385],[91.37063,23.19799],[91.36675,23.13048],[91.36867,23.07456],[91.35936,23.06839],[91.33885,23.07699],[91.31523,23.10438],[91.25379,23.37364],[91.16553,23.58104],[91.16046,23.66062],[91.1925,23.76289],[91.23198,23.92048],[91.33642,24.01882],[91.35022,24.0605],[91.36706,24.09352],[91.39264,24.10008],[91.52638,24.09075],[91.57139,24.10659],[91.61113,24.15284],[91.6687,24.19007],[91.72653,24.20509],[91.77252,24.21067],[91.84621,24.17527],[91.8769,24.19532],[91.89902,24.26069],[91.93101,24.32554],[91.95163,24.35676],[92.00108,24.37092],[92.06413,24.37435],[92.08506,24.38616],[92.10201,24.40805],[92.11751,24.49396],[92.19807,24.68576],[92.22665,24.77102],[92.23058,24.78624],[92.2283,24.88132],[92.25125,24.89507],[92.38499,24.84877],[92.44317,24.84939],[92.47506,24.86851],[92.48545,24.90331],[92.46834,24.94414],[92.37341,25.01514],[92.20464,25.11095],[92.04971,25.16947],[91.76353,25.16063],[91.47972,25.14213],[91.39662,25.15162],[91.29312,25.17797],[91.0383,25.17407],[90.7302,25.15947],[90.61305,25.16774],[90.55533,25.16658],[90.43937,25.15771],[90.25044,25.18498],[90.1196,25.21996],[90.00384,25.25836],[89.86628,25.29316],[89.83331,25.2928],[89.81408,25.30535],[89.80091,25.33615],[89.79631,25.37582],[89.82488,25.56015],[89.79962,25.83959],[89.82292,25.94141],[89.70985,26.17122],[89.67094,26.21383],[89.61906,26.21569],[89.58573,26.18605],[89.57276,26.13231],[89.59141,26.07241],[89.54991,26.00526],[89.46692,25.98353],[89.36977,26.00611],[89.28921,26.03761],[89.18642,26.10595],[89.10829,26.20222],[89.10198,26.30834],[89.06679,26.37692],[89.01863,26.41027],[88.98338,26.41955],[88.95191,26.41213],[88.92411,26.37508],[88.94819,26.338],[88.98153,26.28612],[88.97042,26.2509],[88.94075,26.24535],[88.89652,26.26052],[88.82799,26.2522],[88.76195,26.27938],[88.72216,26.28183],[88.68283,26.2917],[88.68061,26.35299],[88.62015,26.43066],[88.51825,26.51776],[88.41815,26.57153],[88.36993,26.56412],[88.34585,26.50479],[88.35143,26.48257],[88.38626,26.47154],[88.43675,26.43709],[88.44781,26.40102],[88.44037,26.3695],[88.378,26.31204],[88.33397,26.25752],[88.23516,26.17809],[88.15072,26.08714],[88.12902,26.01823],[88.09739,25.95635],[88.08463,25.88824],[88.10659,25.84114],[88.14742,25.81145],[88.25289,25.7898],[88.36311,25.69817],[88.45231,25.57443],[88.50243,25.53702],[88.59349,25.49529],[88.76919,25.49049],[88.79539,25.45628],[88.82035,25.36551],[88.85476,25.33354],[88.94416,25.29078],[88.95166,25.25926],[88.9298,25.22301],[88.89011,25.19438],[88.8173,25.17624],[88.74759,25.16896],[88.67751,25.18048],[88.57385,25.18787],[88.45629,25.18844],[88.37293,24.96153],[88.31335,24.88184],[88.2795,24.88194],[88.18886,24.9206],[88.14979,24.91465],[88.0451,24.71304],[88.03032,24.66444],[88.02339,24.62785],[88.07905,24.54992],[88.14545,24.48579],[88.22503,24.46063],[88.28715,24.47975],[88.33753,24.45386],[88.39696,24.38926],[88.49856,24.34663],[88.64232,24.32596],[88.72351,24.2749],[88.73358,24.23092],[88.72661,24.18622],[88.71379,24.06964],[88.69984,24.00251],[88.62253,23.82635],[88.56734,23.67442],[88.59597,23.60218],[88.61643,23.57277],[88.63576,23.54998],[88.69767,23.49304],[88.74087,23.43661],[88.70397,23.29284],[88.72443,23.25496],[88.80758,23.22969],[88.89703,23.21042],[88.92809,23.1866],[88.85063,23.04051],[88.86696,22.93886],[88.89972,22.84349],[88.92349,22.68756],[88.92696,22.67115],[88.9207,22.632],[88.97145,22.51093],[89.04994,22.27464],[89.05584,22.18624],[89.05144,22.09317]],[[2.38919,11.89705],[2.41265,11.99932],[2.3633,12.18843],[2.36598,12.22194],[2.46934,12.26282],[2.59843,12.29434],[2.64845,12.29677],[2.68137,12.31282],[2.72855,12.35364],[2.80524,12.38384],[2.85019,12.37366],[2.87815,12.36772],[3.14955,12.11807],[3.26738,11.99188],[3.29911,11.92713],[3.35993,11.88046],[3.44985,11.85194],[3.5317,11.78745],[3.59542,11.69629]],[[18.61032,3.47844],[18.62215,3.30404],[18.54712,3.08702],[18.49094,2.9244],[18.34346,2.65542],[18.21158,2.41492],[18.07221,2.01326],[18.07283,1.71938],[18.05779,1.53487],[18.01175,1.42211],[17.90245,1.11807],[17.88576,0.8569],[17.92524,0.53728],[17.88772,0.23415],[17.77311,-0.0524],[17.72412,-0.27755],[17.75285,-0.54906],[17.54284,-0.77499],[17.27877,-0.99958],[17.10762,-1.06448],[16.97471,-1.13993],[16.87993,-1.22592],[16.84908,-1.27248],[16.78009,-1.3764],[16.62248,-1.69897],[16.54073,-1.84015],[16.4336,-1.96086],[16.27392,-2.10824],[16.21537,-2.1778],[16.19155,-2.27914],[16.20183,-2.46471],[16.21734,-3.03025],[16.19062,-3.19443],[16.14675,-3.46413],[15.99006,-3.76618],[15.87245,-3.93428],[15.75463,-3.98555],[15.60006,-4.03092],[15.52601,-4.08797],[15.48095,-4.17179],[15.39465,-4.24496],[15.26721,-4.30759],[15.10629,-4.46107],[14.91209,-4.7056],[14.77928,-4.84575],[14.70787,-4.88172],[14.63397,-4.88508],[14.55759,-4.85578],[14.49393,-4.85164],[14.46163,-4.86497],[14.44091,-4.85412],[14.41073,-4.83128],[14.41187,-4.77501],[14.40292,-4.68168],[14.36541,-4.58551],[14.40995,-4.50815],[14.44979,-4.4495],[14.44277,-4.41901],[14.40292,-4.36976],[14.35833,-4.29943],[14.31616,-4.30413],[14.22702,-4.35808],[14.13385,-4.40004],[14.04682,-4.41751],[13.97846,-4.46123],[13.94094,-4.48469],[13.88234,-4.48469],[13.84947,-4.4589],[13.778,-4.43389],[13.73904,-4.44252],[13.71707,-4.45446],[13.70762,-4.54329],[13.6994,-4.61837],[13.68535,-4.68871],[13.65956,-4.72152],[13.55166,-4.75671],[13.47838,-4.80498],[13.41492,-4.83738],[13.3758,-4.82942],[13.29731,-4.76519],[13.21959,-4.70581],[13.17649,-4.65589],[13.15236,-4.62034],[13.13665,-4.60427],[13.0874,-4.60194],[13.07272,-4.63481]],[[28.97532,-29.99941],[29.02901,-29.96758],[29.09805,-29.91905],[29.12197,-29.80113],[29.14223,-29.70098],[29.19515,-29.65163],[29.2492,-29.61881],[29.29354,-29.56693],[29.34889,-29.44197],[29.38677,-29.31976],[29.39069,-29.26969],[29.37095,-29.21848],[29.33591,-29.1637],[29.30134,-29.08985],[29.25974,-29.07828],[29.17799,-29.03693],[29.058,-28.95374],[28.95372,-28.88144],[28.85626,-28.77607],[28.81615,-28.75892],[28.72179,-28.68771],[28.68117,-28.64678],[28.65265,-28.59789],[28.62583,-28.58172],[28.58346,-28.59417],[28.47189,-28.61582],[28.23262,-28.70125],[28.08441,-28.78],[27.95988,-28.87338],[27.83037,-28.90909],[27.7356,-28.94009],[27.66046,-29.04696],[27.59029,-29.14649],[27.52714,-29.2361],[27.49102,-29.27661],[27.45804,-29.30276],[27.42492,-29.36002],[27.35681,-29.45531],[27.29449,-29.51934],[27.20747,-29.55422],[27.09522,-29.59928],[27.05693,-29.62563],[27.05171,-29.66403],[27.09176,-29.75369],[27.13047,-29.84019],[27.19351,-29.94132],[27.23971,-30.01533],[27.31268,-30.10571],[27.35536,-30.15862],[27.34968,-30.24735],[27.36405,-30.27924],[27.38844,-30.31593],[27.40859,-30.32533],[27.43143,-30.33851],[27.49195,-30.36399],[27.50657,-30.38094],[27.54905,-30.41122],[27.58967,-30.46641],[27.66656,-30.54232],[27.75307,-30.60004],[27.90184,-30.62382],[28.01817,-30.64231],[28.05682,-30.63105],[28.0964,-30.58454],[28.1287,-30.52511],[28.13904,-30.44987],[28.17614,-30.40982],[28.31546,-30.21846],[28.3921,-30.14757],[28.43912,-30.1425],[28.49958,-30.12891],[28.57669,-30.12302],[28.63436,-30.12876],[28.64691,-30.12658],[28.73688,-30.10199],[28.90111,-30.03843],[28.97532,-29.99941]],[[29.3648,-22.19389],[29.37746,-22.1928],[29.66313,-22.1463],[29.90234,-22.18423],[30.19038,-22.29115],[30.46019,-22.32902],[30.71165,-22.29781],[30.91608,-22.29068],[31.07338,-22.30778],[31.1973,-22.34489],[31.28784,-22.40204]],[[19.98047,-24.77678],[20.02858,-24.80701],[20.34525,-25.02984],[20.43062,-25.1471],[20.47315,-25.2213],[20.60932,-25.49116],[20.71071,-25.73316],[20.79318,-25.91558],[20.79938,-25.99903],[20.81101,-26.08053],[20.82264,-26.12063],[20.81504,-26.16497],[20.75701,-26.26413],[20.69789,-26.34015],[20.62678,-26.44381],[20.61996,-26.58081],[20.64146,-26.74219],[20.68502,-26.82244],[20.73985,-26.84885],[20.87085,-26.80875],[20.95389,-26.8211],[21.07099,-26.85175],[21.45495,-26.83283],[21.50141,-26.84265],[21.64626,-26.85417],[21.69473,-26.84095],[21.73803,-26.80679],[21.78826,-26.71005],[21.83322,-26.67827],[21.91456,-26.66194],[22.01099,-26.63584],[22.09088,-26.58013],[22.21754,-26.38883],[22.47091,-26.21902],[22.54863,-26.1784],[22.59762,-26.13272],[22.6402,-26.07122],[22.72898,-25.85728],[22.79606,-25.67916],[22.8189,-25.59513],[22.87884,-25.45793],[22.95124,-25.37029],[23.02204,-25.32409],[23.05749,-25.3123],[23.1487,-25.28869],[23.266,-25.26662],[23.3893,-25.29138],[23.52149,-25.3444],[23.67073,-25.43395],[23.82349,-25.54464],[23.89372,-25.60092],[23.96952,-25.62608],[24.1045,-25.63487],[24.19297,-25.63291],[24.33059,-25.74287],[24.4002,-25.7498],[24.55585,-25.78308],[24.74818,-25.81739],[24.86921,-25.81346],[24.99892,-25.75403],[25.0925,-25.75145],[25.21338,-25.75626],[25.34618,-25.73998],[25.44365,-25.71445],[25.51816,-25.66277],[25.58379,-25.60624],[25.65924,-25.43793],[25.70265,-25.30233],[25.76988,-25.14653],[25.85241,-24.93527],[25.88186,-24.788],[25.91209,-24.74748],[26.03188,-24.70242],[26.13084,-24.67147],[26.39718,-24.61354],[26.45175,-24.58269],[26.50152,-24.51328],[26.61773,-24.39546],[26.76114,-24.29717],[26.83509,-24.24079],[26.97058,-23.76351],[26.98701,-23.70455],[27.08551,-23.57794],[27.14638,-23.5244],[27.18556,-23.52342],[27.24116,-23.49004],[27.3134,-23.42425],[27.39919,-23.38364],[27.49872,-23.36834],[27.56321,-23.32462],[27.59266,-23.25264],[27.64387,-23.21765],[27.71674,-23.21962],[27.75829,-23.19677],[27.76852,-23.14892],[27.8126,-23.10799],[27.89053,-23.07389],[27.93135,-23.03358],[27.93507,-22.98702],[28.02799,-22.87369],[28.2102,-22.69365],[28.38176,-22.5934],[28.54289,-22.57294],[28.69554,-22.53542],[28.83982,-22.48085],[28.94581,-22.39517],[29.01351,-22.27843],[29.12988,-22.21327],[29.3648,-22.19389]],[[34.9595,-11.5781],[35.18264,-11.57485],[35.41823,-11.58317],[35.45141,-11.58953],[35.50443,-11.60482],[35.56432,-11.60234],[35.63098,-11.58198],[35.70473,-11.53216],[35.78544,-11.45294],[35.91133,-11.45465],[36.08217,-11.53733],[36.1755,-11.60927],[36.19131,-11.67066],[36.30567,-11.70631],[36.51868,-11.71623],[36.67381,-11.6843],[36.77107,-11.6104],[36.87272,-11.57128],[36.97886,-11.56694],[37.05917,-11.59221],[37.11384,-11.64714],[37.21838,-11.68652],[37.37289,-11.71045],[37.54172,-11.6751],[37.72486,-11.58064],[37.8293,-11.48194],[37.85503,-11.3791],[37.88537,-11.31667],[37.9202,-11.29476],[38.0173,-11.2821],[38.17656,-11.27869],[38.31511,-11.31109],[38.49174,-11.41331],[38.60336,-11.34535],[38.79477,-11.22893],[38.98752,-11.16728],[39.17097,-11.16686],[39.32156,-11.12258],[39.43917,-11.03452],[39.56346,-10.97855],[39.6944,-10.95478],[39.81708,-10.91236],[39.9887,-10.82084],[40.16626,-10.68746],[40.34744,-10.55155],[40.46356,-10.46432]],[[-84.34828,10.9799],[-84.25555,10.90073],[-84.20496,10.84133],[-84.19659,10.80172],[-84.16835,10.78035],[-84.0962,10.7757],[-83.91929,10.73537],[-83.81118,10.74325],[-83.71295,10.78588],[-83.65895,10.83686],[-83.64197,10.91722]],[[28.14793,56.14293],[28.1179,56.14582],[28.03202,56.13329],[27.89631,56.07616],[27.69421,55.94155],[27.64227,55.91173],[27.58946,55.8092],[27.57675,55.79879],[27.45913,55.80349],[27.42709,55.80595],[27.30922,55.80391],[27.05254,55.83055],[26.95306,55.81292],[26.82248,55.70921],[26.77183,55.69402],[26.62022,55.67965],[26.59355,55.66751]],[[28.21247,45.45046],[28.31768,45.34713],[28.45127,45.2922],[28.76071,45.23414],[28.7883,45.24096],[28.79135,45.25191],[28.76985,45.2669],[28.76665,45.28623],[28.78174,45.30984],[28.82432,45.31108],[28.89429,45.28995],[29.02741,45.32054],[29.22357,45.40291],[29.40366,45.41966],[29.56768,45.37082],[29.65197,45.3139],[29.70592,45.2599]],[[21.36007,44.82667],[21.52316,44.79008],[21.59706,44.75541],[21.63613,44.71045],[21.7402,44.68068],[21.90929,44.66611],[22.0269,44.61986],[22.09305,44.54193],[22.20095,44.56069],[22.35071,44.67614],[22.49768,44.70626],[22.64206,44.65097],[22.72092,44.60552],[22.73435,44.56992],[22.70077,44.55552],[22.62015,44.56235],[22.554,44.54033],[22.50233,44.48958],[22.49458,44.43543],[22.53065,44.37796],[22.5818,44.33833],[22.64795,44.31647],[22.6833,44.28647],[22.68784,44.24831],[22.7051,44.23779]],[[56.23427,25.30383],[56.2165,25.2667],[56.21055,25.21327],[56.24022,25.20882],[56.28182,25.23554],[56.28776,25.27859],[56.27732,25.30086],[56.23427,25.30383],[56.23427,25.30383],[56.23427,25.30383],[56.23427,25.30383],[56.23427,25.30383]],[[32.1129,-26.8395],[32.19956,-26.8335],[32.35346,-26.86162],[32.47774,-26.85852],[32.58874,-26.85572],[32.77653,-26.85102],[32.88614,-26.84932]],[[71.73658,39.98097],[71.68124,39.96867],[71.66894,39.94611],[71.70583,39.91741],[71.75296,39.90715],[71.77963,39.95022],[71.78991,39.99534],[71.76532,39.99327],[71.73658,39.98097],[71.73658,39.98097],[71.73658,39.98097],[71.73658,39.98097],[71.73658,39.98097]],[[-122.68638,48.99303],[-122.26,48.99303],[-121.83362,48.99303],[-121.40724,48.99303],[-120.98085,48.99303],[-120.55447,48.99303],[-120.12809,48.99303],[-119.70171,48.99303],[-119.27532,48.99306],[-118.84894,48.99308],[-118.42256,48.99308],[-117.99618,48.99308],[-117.56979,48.99308],[-117.14341,48.99308],[-117.03905,48.99308],[-116.71703,48.99308],[-116.29065,48.99308],[-116.04849,48.99308],[-115.86427,48.99308],[-115.43788,48.99308],[-115.0115,48.99308],[-114.58512,48.99308],[-114.15874,48.99308],[-114.06252,48.99308],[-113.73235,48.99308],[-113.30597,48.99308],[-112.87959,48.99308],[-112.45321,48.99308],[-112.02683,48.99308],[-111.60044,48.99308],[-111.17406,48.99308],[-110.74768,48.99308],[-110.3213,48.99308],[-109.99943,48.99308],[-109.89491,48.99308],[-109.46853,48.99308],[-109.04215,48.99311],[-108.61577,48.99313],[-108.18939,48.99313],[-107.763,48.99313],[-107.33662,48.99313],[-106.91024,48.99313],[-106.48386,48.99313],[-106.05747,48.99313],[-105.63109,48.99313],[-105.20471,48.99313],[-104.77833,48.99313],[-104.35195,48.99313],[-104.03393,48.99313],[-103.92556,48.99313],[-103.49918,48.99313],[-103.0728,48.99313],[-102.64642,48.99313],[-102.22003,48.99313],[-101.79365,48.99313],[-101.36727,48.99313],[-100.94089,48.99313],[-100.5145,48.99313],[-100.08812,48.99313],[-99.66174,48.99313],[-99.23536,48.99313],[-98.80898,48.99316],[-98.38259,48.99319],[-97.95621,48.99319],[-97.52983,48.99319],[-97.10345,48.99319],[-96.67706,48.99319],[-96.25068,48.99319],[-95.8243,48.99319],[-95.39792,48.99319],[-95.16204,48.99176],[-95.15824,49.20309],[-95.1553,49.36967],[-94.93934,49.34942],[-94.8748,49.31903],[-94.85433,49.30459],[-94.86041,49.2586],[-94.8426,49.11917],[-94.80346,49.00295],[-94.71277,48.86343],[-94.71256,48.86301],[-94.70509,48.80852],[-94.67535,48.77444],[-94.62089,48.74261],[-94.41415,48.70411],[-94.05518,48.65902],[-93.85163,48.60729],[-93.80354,48.54895],[-93.70774,48.52546],[-93.56428,48.53691],[-93.46362,48.56127],[-93.37783,48.61663],[-93.25795,48.62887],[-93.15521,48.62535],[-93.0517,48.61988],[-92.99626,48.61181],[-92.83673,48.56779],[-92.73265,48.53182],[-92.58326,48.4651],[-92.50058,48.43534],[-92.46089,48.36588],[-92.41459,48.27659],[-92.34844,48.27659],[-92.29868,48.32888],[-92.17178,48.33839],[-92.00515,48.30183],[-91.85839,48.19758],[-91.64729,48.10461],[-91.51831,48.05831],[-91.38723,48.05854],[-91.22065,48.10461],[-91.04348,48.1937],[-90.91605,48.20915],[-90.84032,48.20052],[-90.79732,48.13107],[-90.7444,48.10461],[-90.6071,48.11259],[-90.32014,48.09918],[-90.09178,48.1181],[-90.03995,48.07815],[-89.99365,48.01531],[-89.90104,47.99547],[-89.77537,48.01531],[-89.55057,47.99991],[-89.49838,47.9979],[-89.45565,47.99622],[-89.27318,48.01996],[-89.18564,48.04743],[-89.06259,48.09381],[-88.8987,48.15572],[-88.61177,48.264],[-88.37819,48.3031],[-88.16066,48.2254],[-87.98747,48.15691],[-87.92049,48.1304],[-87.74389,48.06053],[-87.49424,47.96175],[-87.20803,47.8485],[-86.92182,47.73523],[-86.67217,47.63642],[-86.49557,47.56658],[-86.42857,47.54007],[-86.2345,47.46005],[-86.0404,47.38003],[-85.84633,47.30001],[-85.65226,47.21999],[-85.45819,47.13996],[-85.26412,47.05994],[-85.07005,46.97992],[-84.87598,46.8999],[-84.82707,46.76686],[-84.77942,46.63728],[-84.66578,46.54326],[-84.56176,46.45737],[-84.50158,46.46187],[-84.4405,46.49814],[-84.40172,46.51561],[-84.33671,46.5185],[-84.19217,46.54956],[-84.14948,46.54277],[-84.12522,46.52724],[-84.12318,46.50295],[-84.12814,46.4836],[-84.15046,46.44479],[-84.11517,46.37081],[-84.10778,46.28862],[-84.0884,46.22653],[-84.02921,46.147],[-83.97779,46.08491],[-83.91304,46.0729],[-83.7632,46.10907],[-83.66931,46.12274],[-83.61595,46.11682],[-83.52477,46.05871],[-83.48014,46.02375],[-83.46947,45.99469],[-83.5927,45.81715],[-83.39731,45.72904],[-83.17928,45.63277],[-82.91935,45.51797],[-82.76042,45.44772],[-82.55108,45.34736],[-82.51524,45.20437],[-82.48506,45.08376],[-82.44659,44.9155],[-82.40739,44.74394],[-82.36827,44.57299],[-82.3268,44.39155],[-82.28123,44.19224],[-82.24079,44.01535],[-82.19661,43.82221],[-82.13785,43.57088],[-82.19038,43.47409],[-82.30476,43.26322],[-82.40819,43.07264],[-82.41724,43.01738],[-82.48834,42.73951],[-82.54532,42.62468],[-82.64513,42.55805],[-82.7442,42.49348],[-82.86775,42.38522],[-83.00369,42.33173],[-83.07314,42.30031],[-83.10952,42.2507],[-83.14967,42.14192],[-83.14195,41.97586],[-83.12166,41.95],[-83.02997,41.83298],[-82.8662,41.75301],[-82.69001,41.67518],[-82.43907,41.67487],[-82.21332,41.77869],[-81.97419,41.88873],[-81.76092,41.98682],[-81.50735,42.10348],[-81.27764,42.20918],[-81.0282,42.24716],[-80.68264,42.29977],[-80.52076,42.32439],[-80.24758,42.36599],[-80.03573,42.44147],[-79.76202,42.53898],[-79.44623,42.65145],[-79.17374,42.74853],[-79.03669,42.80232],[-78.93923,42.86374],[-78.91507,42.90914],[-78.92086,42.93521],[-78.946,42.96131],[-78.98076,42.98061],[-79.01168,42.99704],[-79.02618,43.01732],[-79.02907,43.06177],[-79.04801,43.08729],[-79.06605,43.1061],[-79.05923,43.27806],[-79.08305,43.33141],[-79.17185,43.46657],[-79.00248,43.52716],[-78.84557,43.58333],[-78.72043,43.62493],[-78.45825,43.6315],[-78.21478,43.63067],[-77.87925,43.62956],[-77.59652,43.6286],[-77.26672,43.62749],[-77.07335,43.62685],[-76.81996,43.62878],[-76.6965,43.7848],[-76.58612,43.9243],[-76.4646,44.05759],[-76.24854,44.21412],[-76.18578,44.24224],[-76.15116,44.30394],[-76.02024,44.36261],[-75.87593,44.41698],[-75.81932,44.46801],[-75.79196,44.49705],[-75.40126,44.77228],[-75.17938,44.89938],[-74.99614,44.97012],[-74.85664,45.00392],[-74.76246,44.99906],[-74.70887,45.00387],[-74.66324,45.00392],[-74.43039,45.00418],[-74.01426,45.00469],[-73.59814,45.00516],[-73.35218,45.00542],[-73.18201,45.00563],[-72.76589,45.00612],[-72.34976,45.00661],[-71.93364,45.00707],[-71.51752,45.00756],[-71.41902,45.20034],[-71.32729,45.2901],[-71.20162,45.26034],[-71.13465,45.26282],[-71.08454,45.29401],[-71.06023,45.30912],[-70.99987,45.33723],[-70.96018,45.3331],[-70.92623,45.2907],[-70.89799,45.26246],[-70.86505,45.2707],[-70.83683,45.3107],[-70.83782,45.36617],[-70.79919,45.40477],[-70.7533,45.41069],[-70.71095,45.40948],[-70.68979,45.42834],[-70.69214,45.45537],[-70.70741,45.49893],[-70.70222,45.55138],[-70.59638,45.64398],[-70.46657,45.70682],[-70.4211,45.73824],[-70.40787,45.80191],[-70.33345,45.86805],[-70.29625,45.90609],[-70.28715,45.93916],[-70.30643,45.97983],[-70.30451,46.0574],[-70.27888,46.15],[-70.24829,46.25087],[-70.17966,46.34182],[-70.06722,46.44104],[-70.03823,46.57142],[-70.00768,46.70893],[-69.87172,46.84293],[-69.71752,46.99486],[-69.62977,47.08136],[-69.47149,47.23867],[-69.35889,47.35065],[-69.30215,47.40199],[-69.24287,47.46299],[-69.14629,47.44475],[-69.05022,47.42661],[-69.06428,47.33814],[-69.05366,47.29458],[-69.04857,47.27365],[-69.0031,47.23645],[-68.93718,47.21125],[-68.88742,47.20283],[-68.82871,47.20332],[-68.66854,47.25345],[-68.48039,47.2858],[-68.37691,47.31616],[-68.35802,47.34453],[-68.31089,47.35447],[-68.23549,47.34595],[-68.09679,47.27484],[-67.93484,47.16761],[-67.80679,47.08281],[-67.80286,46.93574],[-67.80035,46.77986],[-67.79769,46.61563],[-67.79583,46.4984],[-67.79252,46.33738],[-67.78991,46.20932],[-67.78648,46.04215],[-67.78464,45.9528],[-67.76705,45.92699],[-67.77761,45.8918],[-67.78229,45.87418],[-67.78113,45.86015],[-67.7741,45.84253],[-67.77526,45.81788],[-67.7917,45.79558],[-67.79991,45.76976],[-67.80224,45.72752],[-67.78464,45.70171],[-67.75532,45.68646],[-67.73067,45.68646],[-67.69899,45.67119],[-67.65793,45.64419],[-67.59574,45.62073],[-67.53119,45.61254],[-67.48663,45.6184],[-67.43265,45.60311],[-67.41386,45.56559],[-67.42443,45.5304],[-67.45492,45.51397],[-67.48779,45.50105],[-67.49365,45.47407],[-67.47722,45.44591],[-67.45376,45.42126],[-67.42795,45.37795],[-67.43851,45.34038],[-67.46197,45.30871],[-67.47254,45.27589],[-67.4526,45.24768],[-67.39978,45.21016],[-67.36694,45.17378],[-67.31529,45.15383],[-67.29067,45.16792],[-67.27072,45.1867],[-67.24958,45.20078],[-67.21323,45.19254],[-67.17099,45.182],[-67.12484,45.16944]],[[107.97267,21.50794],[107.90838,21.56039],[107.80203,21.64516],[107.75924,21.65501],[107.64101,21.61393],[107.4714,21.59832],[107.43347,21.64227],[107.3512,21.60891],[107.27209,21.71064],[107.17855,21.71707],[107.06161,21.7942],[107.0198,21.83487],[107.00642,21.89342],[106.97102,21.92391],[106.92518,21.92011],[106.87449,21.95127],[106.79418,21.98199],[106.72954,22.00036],[106.6976,21.98618],[106.66355,21.97892],[106.65771,22.01822],[106.66008,22.13648],[106.65419,22.24146],[106.63652,22.28861],[106.59316,22.32453],[106.55363,22.34169],[106.53637,22.39543],[106.55043,22.50139],[106.58247,22.57325],[106.63311,22.58604],[106.70153,22.63774],[106.73636,22.71091],[106.78028,22.77889],[106.62396,22.87426],[106.54185,22.90834],[106.4509,22.8939],[106.33814,22.86346],[106.27902,22.85747],[106.24946,22.86943],[106.18394,22.95514],[106.14849,22.97007],[106.06849,22.97555],[106.001,22.97477],[105.96235,22.93746],[105.90266,22.92496],[105.84298,22.92281],[105.78231,22.96935],[105.69125,23.02991],[105.54811,23.07265],[105.53085,23.12197],[105.49457,23.18086],[105.44016,23.23533],[105.3505,23.30767],[105.27536,23.34519],[105.23878,23.32212],[105.18906,23.28103],[104.99569,23.19432],[104.91022,23.16052],[104.86474,23.13637],[104.82655,23.10019],[104.81472,23.01079],[104.7957,22.91116],[104.7401,22.86049],[104.68729,22.8222],[104.63173,22.81819],[104.57758,22.82],[104.52683,22.80409],[104.37175,22.70407],[104.29837,22.712],[104.23832,22.76851],[104.21248,22.80941],[104.14308,22.80016],[104.05389,22.75231],[104.0127,22.66637],[103.99079,22.58611],[103.97141,22.55051],[103.94149,22.54007],[103.91503,22.53824],[103.63732,22.77003],[103.62022,22.78205],[103.57071,22.73443],[103.52544,22.61157],[103.49294,22.58798],[103.47103,22.59743],[103.3561,22.75468],[103.32664,22.76977],[103.3006,22.7644],[103.26629,22.71352],[103.19332,22.63852],[103.13761,22.59299],[103.13637,22.54224],[103.07586,22.49752],[103.00537,22.453],[102.98196,22.44827],[102.93514,22.46617],[102.87427,22.52539],[102.83008,22.58715],[102.721,22.64849],[102.59852,22.7004],[102.51718,22.74099],[102.47088,22.75091],[102.42789,22.73282],[102.40644,22.70802],[102.37575,22.64663],[102.30226,22.54601],[102.23699,22.46599],[102.17597,22.41465],[102.12744,22.3792]],[[7.4387,43.75046],[7.43694,43.76146],[7.41441,43.77092],[7.39498,43.76534],[7.3801,43.75325],[7.37772,43.73175]],[[12.43059,41.90545],[12.43834,41.9062],[12.43917,41.89837],[12.43059,41.89757],[12.42749,41.90072],[12.43059,41.90545],[12.43059,41.90545]],[[113.54814,22.22262],[113.52706,22.24593],[113.49419,22.24154],[113.48106,22.21746],[113.47889,22.19554]],[[114.0154,22.51191],[114.01829,22.51444],[114.05033,22.54299],[114.09787,22.55126],[114.12288,22.565],[114.1882,22.565],[114.2282,22.55395],[114.26603,22.54098]],[[70.61205,39.78675],[70.55955,39.79091],[70.51862,39.82816],[70.48927,39.86304],[70.48276,39.88273],[70.49774,39.88242],[70.56709,39.86659],[70.66414,39.85545],[70.69825,39.84586],[70.70166,39.82527],[70.61205,39.78675]],[[71.21563,39.90679],[71.20618,39.89255],[71.15626,39.88346],[71.06422,39.88493],[71.01177,39.89514],[71.04365,39.97632],[71.04484,39.99255],[71.04102,39.9949],[71.01451,40.00577],[70.97436,40.03887],[70.96066,40.08797],[70.97627,40.13326],[71.00541,40.15228],[71.02412,40.14915],[71.08034,40.07988],[71.13026,40.05967],[71.22866,40.04815],[71.1793,39.97983],[71.21563,39.90679]],[[-1.27534,32.089],[-1.22594,32.10724],[-1.22594,32.16455],[-1.26211,32.27113],[-1.24031,32.33759],[-1.16258,32.39916],[-1.06554,32.4683],[-1.11101,32.55228],[-1.18824,32.60847],[-1.29638,32.67568],[-1.35213,32.70338],[-1.45001,32.78482],[-1.51001,32.87763],[-1.55073,33.07359],[-1.62509,33.18335],[-1.67919,33.31866],[-1.63124,33.56676],[-1.70297,33.71686],[-1.71413,33.78181],[-1.7147,33.85819],[-1.69266,33.99028],[-1.70692,34.17605],[-1.7918,34.36793],[-1.75185,34.43325],[-1.73327,34.46704],[-1.73945,34.49609],[-1.8166,34.55709],[-1.84965,34.60732],[-1.83244,34.65463],[-1.79221,34.7232],[-1.79562,34.75188],[-1.92088,34.83557],[-2.13178,34.97084],[-2.19076,35.0298],[-2.21963,35.10419]],[[28.99955,9.61016],[29.12234,9.67465],[29.24243,9.71809],[29.47317,9.7686],[29.5574,9.84829],[29.60396,9.92138],[29.60551,10.06507],[29.69104,10.12194],[29.95789,10.25025],[30.00306,10.27741],[30.47466,9.97895],[30.73934,9.74269],[30.75536,9.73122],[30.76916,9.7268],[30.7949,9.74587],[30.82704,9.75628],[30.94031,9.75938],[31.15446,9.77093],[31.2249,9.79925],[31.65489,10.22116],[31.79204,10.38316],[31.85426,10.47905],[31.93297,10.66248],[32.40415,11.05777],[32.42079,11.08912],[32.42544,11.11395],[32.35423,11.24694],[32.33883,11.3145],[32.33578,11.41855],[32.34989,11.58041],[32.34493,11.6827],[32.33532,11.71603],[32.07229,12.00674],[32.73674,12.00966],[32.73829,12.03374],[32.7231,12.09291],[32.71581,12.13926],[32.72015,12.18882],[32.71891,12.21884],[33.1993,12.21729],[33.1931,12.13502],[33.13506,11.9416],[33.1361,11.82558],[33.12251,11.69314],[33.1191,11.68241],[33.09465,11.63751],[33.073,11.59149],[33.17217,10.85017],[33.16472,10.81921],[33.13832,10.77296],[33.1315,10.75774],[33.1408,10.7379],[33.36068,10.65783],[33.37991,10.64617],[33.45907,10.55083],[33.89218,10.19896],[33.90706,10.18145],[33.95186,10.07096],[33.95842,10.02773],[33.95734,10.00719],[33.94618,9.94092],[33.9499,9.91113],[33.95734,9.89144],[33.96245,9.85581],[33.89496,9.71762],[33.87398,9.62678],[33.86778,9.55035],[33.8715,9.50614],[33.89093,9.46221],[34.07681,9.46152]],[[24.1474,8.66564],[24.16042,8.69627],[24.21354,8.76781],[24.30015,8.81424],[24.53192,8.8869],[24.54484,8.91486],[24.54939,9.00679],[24.5683,9.05172],[24.64804,9.17908],[24.6594,9.22993],[24.66292,9.33814],[24.67367,9.3893],[24.69672,9.42568],[24.76038,9.48893],[24.7826,9.52733],[24.79221,9.61032],[24.78524,9.77465],[24.79493,9.81024],[24.81769,9.83961],[24.96383,9.98885],[25.0029,10.05528],[25.01618,10.11522],[25.01484,10.17586],[25.02362,10.23581],[25.06703,10.29379],[25.10403,10.31183],[25.21172,10.32991],[25.28521,10.31849],[25.74939,10.40737],[25.79804,10.4205],[25.85819,10.4065],[25.88522,10.34609],[25.88279,10.24961],[25.89147,10.20271],[25.91912,10.16935],[26.00061,10.12341],[26.05705,10.0468],[26.08702,10.01846],[26.16954,9.9659],[26.55133,9.52583],[26.65871,9.48415],[26.7632,9.49921],[26.97048,9.59063],[27.07424,9.61383],[27.79978,9.58789],[27.8808,9.6016]],[[-56.4828,1.94213],[-56.52236,1.97481],[-56.56272,2.0051],[-56.62718,2.016],[-56.70436,2.03649],[-56.76116,2.11491],[-56.81981,2.22663],[-56.84053,2.27712],[-56.88642,2.32596],[-56.93148,2.39536],[-56.94523,2.45683],[-56.97931,2.51323],[-56.99711,2.5322],[-57.02349,2.60899],[-57.02894,2.63749],[-57.04194,2.64113],[-57.06044,2.66568],[-57.0969,2.74784],[-57.10511,2.76825],[-57.12113,2.77554],[-57.16361,2.83326],[-57.19738,2.85326],[-57.20981,2.88282],[-57.20692,2.96339],[-57.225,3.00307],[-57.23056,3.07857],[-57.23162,3.10891],[-57.24898,3.14226],[-57.27792,3.1643],[-57.28288,3.21887],[-57.28996,3.35359],[-57.30365,3.37711],[-57.42561,3.37545],[-57.43791,3.36228],[-57.49059,3.35432],[-57.54963,3.35282],[-57.59546,3.36846]],[[-54.61627,2.32678],[-54.60475,2.33577],[-54.56842,2.3426],[-54.53597,2.34329],[-54.48556,2.41613],[-54.402,2.4615],[-54.25673,2.71374],[-54.19552,2.81786],[-54.18808,2.87486],[-54.17069,2.99362],[-54.20315,3.13821],[-54.18803,3.17877],[-54.0836,3.32482],[-54.08214,3.32686]],[[33.88882,-9.67011],[33.85419,-9.66298],[33.76624,-9.61089],[33.69766,-9.59812],[33.52749,-9.60748],[33.46776,-9.61972],[33.42094,-9.60804],[33.33092,-9.51916],[33.22529,-9.50045],[33.13052,-9.49591],[32.97404,-9.39498],[32.9373,-9.39968],[32.91988,-9.40738]],[[90.3337,28.11753],[90.33374,28.11914],[90.35214,28.16818],[90.36299,28.21649],[90.34821,28.24394],[90.22078,28.27776],[90.10451,28.30204],[89.9811,28.31119],[89.8979,28.29414],[89.81693,28.25629],[89.79913,28.23823]],[[89.79913,28.23823],[89.7498,28.18818],[89.6527,28.15831],[89.53689,28.10743],[89.48067,28.05994],[89.39592,27.95814]],[[75.30365,32.31758],[75.33352,32.27922],[75.32468,32.21527],[75.25415,32.14031],[75.1388,32.10476],[75.07152,32.08933],[74.73945,31.94885],[74.63579,31.88973],[74.55553,31.81857],[74.52603,31.76514],[74.51001,31.71295],[74.58184,31.52394],[74.59393,31.46537],[74.53496,31.26137],[74.51771,31.18559],[74.53977,31.13267],[74.61031,31.11283],[74.62576,31.06875],[74.63284,31.03464],[74.50975,30.95966],[74.3804,30.89341],[74.33937,30.89357],[74.2156,30.76898],[74.009,30.51969],[73.89929,30.43538],[73.89154,30.39406],[73.88271,30.35215],[73.92462,30.28161],[73.9334,30.22208],[73.88653,30.16203],[73.80917,30.09336],[73.65807,30.03321],[73.46748,29.97169],[73.3816,29.93435],[73.31731,29.77302],[73.25783,29.6107],[73.23112,29.55063],[73.12833,29.36392],[72.94876,29.08882],[72.90328,29.02877],[72.62562,28.89614],[72.34192,28.75192],[72.29195,28.69729],[72.23386,28.5658],[72.17919,28.42178],[72.12855,28.34636],[71.94799,28.1773],[71.88887,28.04749],[71.87027,27.96251],[71.71669,27.91509],[71.543,27.86988],[71.29015,27.85525],[71.18473,27.83163],[70.87493,27.71443],[70.79793,27.70963],[70.73737,27.72903],[70.69158,27.769],[70.6491,27.83533],[70.62905,27.93744],[70.56926,27.98377],[70.4886,28.02315],[70.40369,28.02506],[70.31843,27.98165],[70.24432,27.93414],[70.19389,27.89489],[70.14459,27.84902],[70.04981,27.69474],[69.89628,27.47362],[69.72482,27.31267],[69.66131,27.26449],[69.62157,27.22808],[69.56793,27.1746],[69.53703,27.12294],[69.4945,26.95417],[69.47,26.80446],[69.48127,26.77098],[69.50695,26.74266],[69.60064,26.69909],[69.73588,26.62703],[69.91142,26.58613],[70.05932,26.57874],[70.11462,26.54804],[70.14769,26.50644],[70.15689,26.47143],[70.14924,26.34754],[70.1326,26.21478],[70.07772,26.07195],[70.07865,25.99004],[70.10025,25.91005],[70.26463,25.70654],[70.3252,25.68572],[70.44855,25.68133],[70.50591,25.68531],[70.56957,25.70598],[70.61479,25.69192],[70.64848,25.66693],[70.65722,25.62578],[70.65205,25.42289],[70.70249,25.33106],[70.80046,25.20585],[70.87777,25.06299],[70.95084,24.89161],[71.02071,24.75766],[71.04789,24.68774],[71.00236,24.6539],[70.97632,24.61876],[70.96981,24.57189],[70.97932,24.52246],[70.97322,24.48742],[71.00624,24.44435],[71.04531,24.43001],[71.04402,24.40009],[70.98283,24.36102],[70.92816,24.36234],[70.8862,24.34376],[70.80506,24.26198],[70.76729,24.24539],[70.71634,24.23798],[70.65949,24.24612],[70.57934,24.27904],[70.55588,24.3311],[70.56503,24.38577],[70.54678,24.4183],[70.48927,24.41218],[70.28907,24.35632],[70.09818,24.28748],[70.06516,24.24056],[70.02113,24.19157],[69.93375,24.17137],[69.80518,24.16524],[69.71619,24.17261],[69.63413,24.22519],[69.5592,24.27309],[69.44344,24.27537],[69.23508,24.26824],[69.11953,24.26865],[69.05153,24.28632],[68.98455,24.27309],[68.90084,24.29245],[68.86343,24.26648],[68.82828,24.264],[68.79997,24.30906],[68.78116,24.31371],[68.75893,24.30725],[68.73961,24.29201],[68.72814,24.26562],[68.7241,23.96469],[68.58659,23.9666],[68.48872,23.96724],[68.38128,23.95089],[68.28253,23.92797],[68.23421,23.90056],[68.16507,23.8573]],[[36.69444,45.6217],[36.69102,45.43085],[36.65919,45.3466],[36.61524,45.31842],[36.58871,45.30035],[36.63623,45.26033],[36.6169,45.22758],[36.50875,45.19971],[36.53689,45.13204],[36.59717,45.03053],[36.6119,44.95328]],[[-56.00107,-30.85381],[-55.99898,-30.83719],[-56.04482,-30.7776],[-56.10585,-30.71373],[-56.17618,-30.62841],[-56.40725,-30.44749],[-56.7217,-30.18694],[-56.83273,-30.10721],[-56.93724,-30.10106],[-57.03272,-30.10994],[-57.12051,-30.14447],[-57.18694,-30.26487],[-57.21446,-30.28337],[-57.38386,-30.28068],[-57.5523,-30.2612],[-57.60891,-30.18782]],[[-73.13527,-49.30066],[-73.14889,-49.188],[-73.09458,-49.09685],[-73.03365,-49.01432],[-72.98174,-48.9768],[-72.86544,-48.94399],[-72.72848,-48.89629],[-72.6513,-48.84162],[-72.6144,-48.79283],[-72.59176,-48.72969],[-72.58593,-48.66251],[-72.60841,-48.51936],[-72.58288,-48.47544],[-72.49815,-48.41735],[-72.35475,-48.36583],[-72.29302,-48.2291],[-72.32829,-48.11004],[-72.40793,-48.01588],[-72.50908,-47.97335],[-72.51792,-47.87635],[-72.47221,-47.78422],[-72.41258,-47.68551],[-72.34152,-47.57208],[-72.34594,-47.49271],[-72.28289,-47.44625],[-72.1034,-47.34274],[-72.04167,-47.24135],[-71.97852,-47.21386],[-71.90496,-47.20167],[-71.90054,-47.14431],[-71.95423,-47.08746],[-71.96297,-47.01599],[-71.95666,-46.93682],[-71.94023,-46.83125],[-71.85646,-46.79156],[-71.7327,-46.70583],[-71.69967,-46.65136],[-71.69521,-46.5784],[-71.7313,-46.42786],[-71.7621,-46.31981],[-71.77765,-46.28002],[-71.83414,-46.20674],[-71.87566,-46.16059],[-71.80928,-46.10272],[-71.68448,-46.04189],[-71.63156,-45.95368],[-71.68006,-45.87875],[-71.75063,-45.83906],[-71.77267,-45.72439],[-71.74621,-45.57887],[-71.69329,-45.53479],[-71.50808,-45.51273],[-71.49044,-45.43774],[-71.34933,-45.33191],[-71.35375,-45.23052],[-71.44346,-45.16825],[-71.53129,-45.0679],[-71.59627,-44.97917],[-71.81235,-44.93064],[-72.04167,-44.90418],[-72.07252,-44.82042],[-72.06371,-44.77189],[-71.95705,-44.79148],[-71.78282,-44.77437],[-71.65167,-44.77045],[-71.56041,-44.76197],[-71.45517,-44.74983],[-71.35814,-44.78512],[-71.26115,-44.76306],[-71.22146,-44.63076],[-71.15971,-44.56023],[-71.1509,-44.49408],[-71.21262,-44.44116],[-71.32572,-44.42494],[-71.82,-44.38308],[-71.83507,-44.33016],[-71.83078,-44.24138],[-71.81212,-44.15074],[-71.81235,-44.10604],[-71.76722,-44.06672],[-71.71616,-43.98445],[-71.68006,-43.92962],[-71.71595,-43.85836],[-71.79471,-43.75325],[-71.7374,-43.70472],[-71.73277,-43.64674],[-71.75063,-43.5901],[-71.83243,-43.52716],[-71.90496,-43.44014],[-71.90496,-43.34754],[-71.82024,-43.32299],[-71.76386,-43.29462],[-71.75063,-43.23731],[-71.78148,-43.16677],[-71.89858,-43.14527],[-72.05469,-43.10192],[-72.10239,-43.06564],[-72.14644,-42.99004],[-72.11363,-42.77677],[-72.13004,-42.64825],[-72.1437,-42.57719],[-72.10544,-42.52247],[-72.05348,-42.47327],[-72.0781,-42.3585],[-72.12458,-42.29835],[-72.10818,-42.25189],[-72.06441,-42.20538],[-72.02614,-42.14797],[-71.99333,-42.13428],[-71.9441,-42.16709],[-71.8608,-42.14782],[-71.76091,-42.10146],[-71.74998,-42.04679],[-71.77001,-41.96855],[-71.84447,-41.77197],[-71.91129,-41.65043],[-71.89762,-41.60666],[-71.87114,-41.56051],[-71.89217,-41.39339],[-71.88561,-41.29236],[-71.8807,-40.9946],[-71.87302,-40.89301],[-71.94137,-40.78914],[-71.93211,-40.69168],[-71.88377,-40.62057],[-71.83853,-40.5244],[-71.80466,-40.43913],[-71.76913,-40.40084],[-71.70898,-40.38172],[-71.69531,-40.33521],[-71.72264,-40.29971],[-71.80057,-40.24431],[-71.81832,-40.17667],[-71.80194,-40.12468],[-71.76365,-40.09461],[-71.7044,-40.09497],[-71.65976,-40.02081],[-71.64712,-39.92919],[-71.63787,-39.88682],[-71.67205,-39.83328],[-71.69683,-39.70698],[-71.71991,-39.63526],[-71.69257,-39.60518],[-71.65428,-39.59428],[-71.58702,-39.61112],[-71.53945,-39.60244],[-71.53124,-39.5642],[-71.52578,-39.52317],[-71.50775,-39.49521],[-71.46537,-39.4023],[-71.42003,-39.28721],[-71.40936,-39.20593],[-71.42558,-38.98568],[-71.40155,-38.93504],[-71.35318,-38.88884],[-71.28577,-38.84543],[-71.19728,-38.80941],[-71.0871,-38.75748],[-70.95161,-38.73846],[-70.89691,-38.68105],[-70.85864,-38.60452],[-70.84769,-38.54163],[-70.89965,-38.49786],[-70.96799,-38.44592],[-71.00052,-38.31482],[-71.01817,-38.1939],[-71.02817,-38.04124],[-71.0962,-37.90998],[-71.16759,-37.76235],[-71.18673,-37.63109],[-71.16286,-37.55921],[-71.1348,-37.44516],[-71.16487,-37.39322],[-71.2004,-37.30025],[-71.16351,-37.22744],[-71.11839,-37.11432],[-71.12384,-37.05691],[-71.1594,-36.92023],[-71.19221,-36.84364],[-71.1594,-36.76163],[-71.10744,-36.68505],[-71.06643,-36.64407],[-71.07323,-36.57802],[-71.0555,-36.52371],[-70.97794,-36.48728],[-70.90512,-36.4199],[-70.85316,-36.41168],[-70.79027,-36.41168],[-70.74927,-36.39256],[-70.73286,-36.34057],[-70.72193,-36.28316],[-70.62186,-36.2119],[-70.56336,-36.14642],[-70.45673,-36.13273],[-70.40477,-36.06167],[-70.40366,-35.97052],[-70.41572,-35.87848],[-70.38017,-35.77182],[-70.41975,-35.60914],[-70.41572,-35.523],[-70.45673,-35.45194],[-70.44851,-35.37536],[-70.4704,-35.32616],[-70.53233,-35.30787],[-70.55517,-35.24684],[-70.52507,-35.21677],[-70.46657,-35.19367],[-70.39319,-35.14685],[-70.33813,-34.92174],[-70.31211,-34.85498],[-70.28676,-34.77452],[-70.28994,-34.73287],[-70.2547,-34.67266],[-70.2107,-34.5812],[-70.14127,-34.49283],[-70.10148,-34.43206],[-70.06301,-34.35005],[-70.05205,-34.3008],[-70.00285,-34.27625],[-69.94634,-34.2699],[-69.87981,-34.2544],[-69.85245,-34.22432],[-69.85736,-34.18045],[-69.86154,-34.08355],[-69.88149,-33.92976],[-69.89431,-33.73133],[-69.88255,-33.60095],[-69.83878,-33.46969],[-69.79778,-33.39863],[-69.80871,-33.34391],[-69.81964,-33.28376],[-69.89619,-33.25094],[-69.96903,-33.27942],[-70.01983,-33.27151],[-70.08486,-33.20175],[-70.10398,-33.1279],[-70.09306,-33.02677],[-70.04213,-32.96372],[-70.02197,-32.88456],[-70.05205,-32.85996],[-70.11618,-32.80745],[-70.17692,-32.62607],[-70.16961,-32.47171],[-70.22977,-32.43068],[-70.2578,-32.30991],[-70.31999,-32.26666],[-70.34462,-32.17643],[-70.36376,-32.08347],[-70.35555,-32.04244],[-70.29092,-32.03107],[-70.25439,-31.95769],[-70.28172,-31.91666],[-70.33095,-31.8811],[-70.39384,-31.88384],[-70.45014,-31.84188],[-70.52564,-31.66639],[-70.58522,-31.56944],[-70.56641,-31.4279],[-70.55468,-31.31742],[-70.52905,-31.22285],[-70.51959,-31.14838],[-70.47311,-31.11283],[-70.42937,-31.12926],[-70.38836,-31.12105],[-70.35061,-31.06043],[-70.30906,-31.0226],[-70.3118,-30.99253],[-70.3364,-30.95971],[-70.34813,-30.90235],[-70.31924,-30.83393],[-70.26937,-30.67725],[-70.19393,-30.5047],[-70.16145,-30.44021],[-70.16964,-30.38554],[-70.15323,-30.36094],[-70.102,-30.38833],[-69.95637,-30.3582],[-69.90715,-30.28161],[-69.88803,-30.2133],[-69.84428,-30.175],[-69.86341,-30.12033],[-69.92356,-30.1039],[-69.95996,-30.07837],[-69.94544,-30.01641],[-69.92412,-29.87404],[-69.92764,-29.76919],[-69.98262,-29.54543],[-70.0268,-29.324],[-69.99559,-29.25],[-69.90033,-29.14887],[-69.82788,-29.10318],[-69.81483,-29.04546],[-69.74318,-28.78393],[-69.73491,-28.64109],[-69.68791,-28.56203],[-69.6569,-28.41361],[-69.52715,-28.28566],[-69.48888,-28.20086],[-69.43689,-28.1927],[-69.40958,-28.16536],[-69.34072,-28.07079],[-69.25122,-27.97364],[-69.17443,-27.9247],[-69.15528,-27.84817],[-69.11849,-27.74358],[-69.04219,-27.57],[-68.99943,-27.44897],[-68.94201,-27.4052],[-68.87509,-27.24671],[-68.84633,-27.15369],[-68.76978,-27.1154],[-68.70963,-27.1045],[-68.65221,-27.14837],[-68.59206,-27.14005],[-68.53736,-27.08532],[-68.40538,-27.04812],[-68.34598,-27.02791],[-68.31864,-26.97324],[-68.31864,-26.87753],[-68.37332,-26.80643],[-68.48509,-26.67031],[-68.58116,-26.51833],[-68.5916,-26.47037],[-68.59222,-26.41808],[-68.57576,-26.35198],[-68.52984,-26.277],[-68.4145,-26.15375],[-68.42677,-26.06538],[-68.51085,-25.74096],[-68.54191,-25.65161],[-68.60028,-25.48568],[-68.59206,-25.42005],[-68.54085,-25.23675],[-68.49636,-25.16301],[-68.43073,-25.14932],[-68.3952,-25.12472],[-68.38424,-25.09191],[-68.42801,-25.05092],[-68.44713,-24.99894],[-68.46628,-24.92515],[-68.52705,-24.89926],[-68.56199,-24.83766],[-68.56199,-24.74738],[-68.50729,-24.62981],[-68.44713,-24.597],[-68.42254,-24.54507],[-68.35812,-24.49726],[-68.29949,-24.46032],[-68.25027,-24.39195],[-68.04739,-24.30833],[-67.88621,-24.24338],[-67.57179,-24.11899],[-67.35619,-24.03378],[-67.3356,-23.97481],[-67.31911,-23.93466],[-67.21912,-23.63396],[-67.08978,-23.24509],[-67.00877,-23.00134],[-67.19488,-22.82171]],[[23.60526,51.51792],[23.53963,51.61892],[23.54485,51.71023],[23.58133,51.7624],[23.62572,51.80934],[23.60743,51.87978],[23.65109,51.97298],[23.65244,52.04039],[23.63327,52.06959],[23.59797,52.10307],[23.50113,52.14038],[23.45844,52.16953],[23.32713,52.20844],[23.19696,52.25691],[23.1751,52.2866],[23.18125,52.30699],[23.20409,52.33789],[23.30331,52.42838],[23.4109,52.51623],[23.47958,52.55157],[23.84473,52.66423],[23.90126,52.70361],[23.91547,52.77024],[23.9163,52.81874],[23.90937,52.90489],[23.8871,53.02757],[23.85914,53.11211],[23.78922,53.27096],[23.5989,53.59921],[23.48464,53.93981]],[[34.07808,9.46074],[34.07935,9.51348],[34.12033,9.72969],[34.15908,9.8534],[34.18523,9.91857],[34.29148,10.12476],[34.31122,10.19085],[34.31484,10.25157],[34.27566,10.52814],[34.34398,10.65863],[34.43142,10.78784],[34.508,10.84288],[34.57182,10.88019],[34.60174,10.86456],[34.67497,10.80495],[34.77124,10.74617],[34.8162,10.75916],[34.88229,10.81056],[34.93139,10.86479],[34.92493,10.96212],[34.96916,11.16177],[34.96069,11.27678],[35.00792,11.41987],[35.05965,11.62105],[35.08275,11.74827],[35.11236,11.81657],[35.25245,11.95702],[35.37276,12.15559],[35.4496,12.30059],[35.5961,12.53732],[35.67021,12.62375],[35.73056,12.66104],[35.82058,12.68486],[35.9876,12.70631],[36.10749,12.72646],[36.12522,12.75705],[36.13529,12.80534],[36.13705,12.91112],[36.1601,13.09331],[36.21224,13.27108],[36.27353,13.40574],[36.30686,13.46685],[36.34629,13.52628],[36.39068,13.62609],[36.44711,13.84202],[36.44396,13.98845],[36.52431,14.25686]],[[2.38919,11.89705],[2.36325,11.8401],[2.28723,11.69128],[2.23085,11.62916],[1.98038,11.41842],[1.85764,11.44333],[1.60004,11.40065],[1.56138,11.44915],[1.50134,11.45558],[1.42671,11.44711],[1.39974,11.42871],[1.39152,11.40799],[1.36481,11.37889],[1.31737,11.29528],[1.28047,11.27399],[1.23469,11.26102],[1.17867,11.26272],[1.1458,11.25192],[1.14549,11.2104],[1.13557,11.17436],[1.09753,11.15637],[1.08152,11.11601],[1.08457,11.07638],[1.06229,11.05819],[1.01382,11.06811],[0.98504,11.07901],[0.95801,11.0278],[0.92463,10.99282],[0.90049,10.99326]],[[31.94826,-25.95759],[31.9217,-25.9688],[31.87147,-25.98162],[31.64048,-25.86731],[31.41512,-25.74654],[31.38261,-25.74298],[31.33517,-25.75558],[31.20733,-25.84333],[31.08806,-25.98069],[31.03328,-26.09774],[30.94522,-26.21871],[30.80337,-26.41343],[30.78906,-26.45544],[30.78751,-26.61362],[30.79428,-26.76431],[30.80673,-26.78529],[30.88331,-26.79242],[30.93809,-26.91577],[31.06336,-27.1123],[31.27399,-27.23839],[31.46953,-27.29554],[31.74254,-27.30996],[31.95839,-27.30588],[31.94604,-27.17359],[31.96718,-26.96068],[31.99467,-26.81748],[32.02485,-26.81118],[32.08169,-26.82482],[32.1129,-26.8395],[32.1129,-26.8395]],[[32.1129,-26.8395],[32.10598,-26.51998],[32.07792,-26.44981],[32.04831,-26.34718],[32.04138,-26.28129],[32.05999,-26.21509],[32.06887,-26.11014],[32.0605,-26.01831],[31.96847,-25.97221],[31.94826,-25.95759]],[[27.33247,5.18635],[27.40332,5.1092],[27.43924,5.03923],[27.49102,4.96755],[27.66418,4.84601],[27.71927,4.77834],[27.76144,4.70323],[27.7881,4.64468],[27.84164,4.59776],[27.91662,4.56794],[27.9807,4.5321],[28.01982,4.47939],[28.07863,4.42479],[28.19211,4.35023],[28.2473,4.34855],[28.31102,4.33803],[28.36724,4.31868],[28.42755,4.32416],[28.5248,4.37286],[28.63952,4.45451],[28.72706,4.505],[28.93935,4.48707],[29.05738,4.44593],[29.15143,4.38821],[29.22491,4.39188],[29.38485,4.49841],[29.46965,4.61181],[29.55208,4.63605],[29.67688,4.5869],[29.77987,4.48097],[29.87025,4.32713],[29.93402,4.26853],[30.02135,4.17765],[30.19488,3.98193],[30.42071,3.8839],[30.5083,3.83571],[30.53693,3.78719],[30.55352,3.72293],[30.55936,3.6528],[30.58669,3.6242],[30.64767,3.63415],[30.69992,3.64409],[30.75717,3.6242],[30.79696,3.57317],[30.81691,3.53335],[30.83856,3.49072]],[[22.86008,10.91967],[22.93072,10.79534],[22.96437,10.7518],[23.25587,10.45779],[23.31236,10.38795],[23.45664,10.17426],[23.54505,10.03009],[23.64629,9.82292],[23.65621,9.71036],[23.64277,9.61391],[23.62267,9.34062],[23.59611,9.26192],[23.46826,9.11477],[23.46279,9.04847],[23.48909,8.99333],[23.528,8.97059],[23.55187,8.9432],[23.5373,8.81579],[23.58319,8.76582],[23.67931,8.73249],[23.92193,8.7097],[24.04818,8.69133],[24.1474,8.66564]],[[46.11443,38.87778],[46.17013,38.86905],[46.31772,38.91266],[46.49063,38.90667]],[[44.78334,39.68466],[44.81714,39.65042],[44.83817,39.62908],[45.00018,39.42354],[45.07165,39.3629],[45.11309,39.31155],[45.14126,39.2543],[45.19066,39.21564],[45.25592,39.19466],[45.33551,39.13914],[45.3892,39.09591],[45.47963,39.00625],[45.57503,38.97281],[45.92188,38.90791],[46.11443,38.87778],[46.11443,38.87778]],[[46.49063,38.90667],[46.49063,38.90667],[46.55481,38.9044],[46.78317,39.08741],[46.85257,39.14841],[46.98889,39.18019],[47.06548,39.2529],[47.18837,39.34096],[47.33843,39.4239],[47.47615,39.49836],[47.58178,39.54337],[47.77288,39.64859],[47.89225,39.68507],[47.99586,39.68393],[48.1511,39.56053],[48.28173,39.44834],[48.32215,39.39909],[48.25724,39.35496],[48.13601,39.31235],[48.11286,39.28109],[48.10438,39.24109],[48.10914,39.20283],[48.12547,39.17161],[48.27409,39.09911],[48.29104,39.05927],[48.29207,39.01886],[48.27512,38.99361],[48.242,38.97894],[48.13854,38.95863],[48.05007,38.93499],[48.01932,38.91184],[47.99266,38.88429],[47.99648,38.85375],[48.02325,38.81905],[48.20469,38.72415],[48.22525,38.68921],[48.26127,38.64229],[48.30556,38.61348],[48.38126,38.60563],[48.41744,38.58625],[48.59267,38.41107],[48.63551,38.39874],[48.84036,38.43727],[48.86873,38.43551]],[[80.54907,29.89978],[80.40184,29.73025],[80.31689,29.57207],[80.25487,29.42332],[80.25596,29.31803],[80.23296,29.19463],[80.16956,29.12432],[80.13049,29.10039],[80.0846,28.99417],[80.05163,28.87033],[80.0707,28.83018],[80.14966,28.77605],[80.22656,28.72336],[80.32484,28.66639],[80.41858,28.61203],[80.47915,28.60489],[80.49579,28.6358],[80.51791,28.66518],[80.587,28.64962],[80.67133,28.59624],[80.72621,28.55392],[80.75076,28.53971],[80.89613,28.46855],[81.01659,28.40958],[81.16893,28.33501],[81.20624,28.28938],[81.239,28.24086],[81.31083,28.17637],[81.48601,28.06221],[81.63551,27.98046],[81.75721,27.91383],[81.85261,27.86708],[81.89684,27.87448],[81.94521,27.89928],[81.98764,27.91375],[82.03699,27.9006],[82.11187,27.86497],[82.28772,27.75655],[82.45138,27.67182],[82.62992,27.68707],[82.67736,27.67345],[82.71085,27.59666],[82.73338,27.51899],[82.9328,27.46768],[83.064,27.44455],[83.21387,27.40228],[83.28973,27.37102],[83.36941,27.41026],[83.38393,27.44481],[83.44713,27.46535],[83.55162,27.45636],[83.74696,27.39595],[83.82882,27.37781],[83.89718,27.43512],[84.02483,27.46168],[84.09107,27.49135],[84.22977,27.42784],[84.48082,27.3482],[84.61022,27.2987],[84.64076,27.24986],[84.65481,27.20366],[84.65383,27.09168],[84.68541,27.04104],[84.93717,26.92688],[85.02006,26.87852],[85.08734,26.86296],[85.12538,26.861],[85.15153,26.84663],[85.17411,26.78157],[85.19178,26.76653],[85.2402,26.75036],[85.29302,26.741],[85.45642,26.79723],[85.56845,26.83984],[85.64839,26.82898],[85.69992,26.78162],[85.70741,26.71266],[85.73733,26.63974],[85.79459,26.60416],[85.85572,26.60018],[86.00729,26.64938],[86.1294,26.61171],[86.24159,26.59802],[86.36613,26.5744],[86.41439,26.55631],[86.54364,26.49601],[86.70141,26.43505],[86.76249,26.44193],[87.01642,26.55543],[87.03792,26.54161],[87.08955,26.43322],[87.1668,26.39426],[87.28742,26.3603],[87.41356,26.42296],[87.51304,26.405],[87.63334,26.39911],[87.74878,26.42932],[87.84924,26.43689],[87.99507,26.38237],[88.02701,26.39503],[88.05491,26.43002],[88.11155,26.58644],[88.16157,26.72478],[88.15723,26.8073],[88.11104,26.92846],[87.99316,27.08607],[87.98443,27.13395]],[[78.39001,32.51159],[78.4092,32.47662],[78.44878,32.42678],[78.45219,32.41678],[78.44816,32.41066],[78.44144,32.40495],[78.43638,32.39616],[78.43452,32.38376],[78.43597,32.37797],[78.43886,32.3733],[78.46099,32.2885]],[[78.67265,31.76882],[78.69559,31.74669],[78.69518,31.73796],[78.69259,31.7284],[78.69321,31.71853],[78.69807,31.71104],[78.71047,31.69817],[78.71843,31.6806],[78.72401,31.67331],[78.73135,31.66804],[78.73982,31.66603],[78.75812,31.6666],[78.79532,31.63378],[78.81889,31.60737],[78.81403,31.59502],[78.79698,31.57885],[78.69952,31.51002],[78.69538,31.48811],[78.733,31.46774],[78.76256,31.44511],[78.76008,31.41204],[78.74551,31.37354],[78.73848,31.33499],[78.74086,31.31773],[78.7451,31.30812],[78.75316,31.30197],[78.78447,31.28827],[78.79605,31.28812],[78.82199,31.2937],[78.84865,31.29091],[78.86199,31.29148],[78.87698,31.28709]],[[79.39145,31.05418],[79.39498,31.03671],[79.40159,31.02364],[79.41441,31.02038],[79.43074,31.02317],[79.44634,31.02379],[79.46164,31.0211],[79.47642,31.01403],[79.48076,31.01005],[79.48427,31.00545],[79.48686,31.00023],[79.4882,30.99449],[79.49761,30.98121],[79.5127,30.96617],[79.52965,30.95356],[79.54422,30.94741],[79.56592,30.94245],[79.57781,30.93837],[79.58949,30.94023],[79.63031,30.9625],[79.64819,30.96576],[79.6885,30.96741],[79.69608,30.96919]],[[80.19543,30.56262],[80.21622,30.56682],[80.25281,30.56501],[80.32588,30.54651],[80.42499,30.49783],[80.47543,30.48047],[80.5083,30.46233],[80.52514,30.45861],[80.54509,30.46104],[80.55997,30.46512],[80.57527,30.46626],[80.59635,30.4598],[80.69474,30.41174],[80.72306,30.39205],[80.73536,30.3782],[80.755,30.3458],[80.76719,30.33143],[80.78166,30.32099],[80.86698,30.28849],[80.94377,30.27014],[80.97602,30.25521],[80.99627,30.22689],[81.0033,30.21273],[80.99602,30.19697],[80.98816,30.19656],[80.92083,30.17666],[80.90331,30.18043],[80.89365,30.1981],[80.88388,30.21041],[80.88368,30.21028],[80.86791,30.20017],[80.85039,30.18193],[80.83644,30.17005],[80.84967,30.14338],[80.82982,30.11713],[80.76967,30.07729],[80.75572,30.06457],[80.72575,30.02277],[80.71583,30.01331],[80.68017,29.99207],[80.65413,29.97058],[80.64141,29.96344],[80.62229,29.95817],[80.58622,29.95414],[80.57134,29.94685],[80.56287,29.9297],[80.54953,29.89368]],[[88.07688,26.99179],[88.05595,27.01804],[88.04282,27.02895],[88.02737,27.03535],[88.00949,27.04564],[87.9913,27.0815]],[[87.98934,27.21839],[88.00466,27.24916],[88.02902,27.29808],[88.03512,27.32257],[88.03254,27.33389],[88.02014,27.35337],[88.01579,27.36422],[88.01476,27.37807],[88.01724,27.38923],[88.02582,27.41208],[88.02959,27.41874],[88.03481,27.42381],[88.03931,27.42949],[88.04163,27.43807],[88.03977,27.44236],[88.03078,27.45073],[88.02809,27.45512],[88.02334,27.47465],[88.0221,27.48424],[88.02334,27.49491],[88.04877,27.54535],[88.11088,27.6395],[88.13486,27.72317],[88.14933,27.74877],[88.15966,27.77412],[88.1546,27.81515],[88.16659,27.8336],[88.16462,27.84536],[88.15641,27.85127],[88.14302,27.85572],[88.12566,27.85933]],[[88.10287,27.88634],[88.0975,27.90401],[88.09992,27.92832],[88.11574,27.94726],[88.12669,27.95044],[88.15119,27.94721],[88.16297,27.9469],[88.17485,27.94977],[88.19785,27.95829],[88.37877,27.98263],[88.39975,27.99473],[88.39985,27.99473],[88.39991,27.99488],[88.45577,28.03152],[88.4754,28.03625],[88.50207,28.02888],[88.51716,28.03958],[88.5308,28.05901],[88.55282,28.07805],[88.594,28.10661],[88.61049,28.10583],[88.63168,28.08335],[88.65203,28.0694],[88.71012,28.06198],[88.73565,28.05526],[88.78014,28.02834],[88.80293,28.01101],[88.8175,27.99488],[88.81771,27.99488],[88.81771,27.99473],[88.81967,27.97734],[88.80975,27.9445],[88.81068,27.92786],[88.8189,27.9152],[88.84277,27.89241],[88.85156,27.87716],[88.85507,27.85918],[88.85388,27.84368],[88.80567,27.65511],[88.78309,27.62204],[88.76738,27.5862],[88.74815,27.56013],[88.74102,27.54571],[88.74164,27.53168],[88.75756,27.51145],[88.7572,27.49496],[88.75436,27.46422],[88.75978,27.43507],[88.77358,27.40851],[88.79539,27.38593],[88.8082,27.37838],[88.81983,27.37363],[88.83084,27.36732],[88.85202,27.34236],[88.86463,27.33239],[88.89233,27.31554],[88.88463,27.28635],[88.87612,27.28049],[88.86143,27.27038],[88.80117,27.25643],[88.77585,27.24087],[88.75436,27.2126],[88.73844,27.17979],[88.73457,27.16648]],[[88.74929,27.13955],[88.80526,27.11302],[88.82763,27.09788],[88.84081,27.07525],[88.84561,27.04957],[88.84561,26.99494]],[[91.50742,26.80803],[91.52065,26.79759],[91.53935,26.79883],[91.57563,26.81015],[91.59372,26.81077],[91.63795,26.79898],[91.65376,26.79795],[91.70213,26.80348],[91.73159,26.81619],[91.79525,26.8535],[91.82512,26.85846],[91.84393,26.84937],[91.84951,26.83475],[91.85241,26.81852],[91.86305,26.80477],[91.87866,26.80302],[91.88693,26.81444],[91.8859,26.83087],[91.87401,26.84431],[91.89551,26.8535],[91.89551,26.86828],[91.89313,26.88136],[91.90822,26.88518],[91.92569,26.87867],[91.95741,26.85428],[91.97509,26.84663],[92.03586,26.85485],[92.07276,26.88777],[92.07986,26.91932]],[[95.26977,26.65029],[95.26057,26.64763],[95.24693,26.6489],[95.23907,26.64964],[95.22326,26.67036],[95.20486,26.66757],[95.19556,26.66075],[95.18161,26.64168],[95.17324,26.63383],[95.16342,26.62974],[95.14141,26.62499],[95.13262,26.62081],[95.1228,26.61161],[95.11908,26.60422],[95.11588,26.57564],[95.11619,26.56933],[95.11495,26.56257],[95.10957,26.5513],[95.09924,26.53611],[95.06989,26.50624],[95.05438,26.49492]],[[73.79894,36.82799],[73.79777,36.82855],[73.7855,36.83445],[73.77475,36.83811],[73.73775,36.84344],[73.73021,36.84576],[73.72504,36.84814],[73.72302,36.84941],[73.72029,36.85114],[73.7145,36.85646],[73.71171,36.86111],[73.71166,36.86134],[73.71156,36.86179],[73.70892,36.87382],[73.71171,36.8932],[73.71184,36.89414],[73.77289,36.89201],[73.83408,36.88287],[73.86508,36.87258],[73.94694,36.83088],[73.9767,36.82483],[74.00637,36.81574],[74.0353,36.81558],[74.09432,36.83124],[74.10393,36.84132],[74.10879,36.87563],[74.1153,36.88953],[74.12967,36.89842],[74.146,36.9017],[74.21173,36.89514],[74.23571,36.90217],[74.28459,36.93423],[74.3681,36.97676],[74.39404,36.99402],[74.43559,37.00322],[74.45698,37.00438],[74.47662,36.99932],[74.48034,36.99692],[74.48365,36.99397],[74.50174,36.97242],[74.52137,36.95849],[74.53739,36.96224],[74.54421,36.99402],[74.54814,37.00164],[74.54928,37.00893],[74.54742,37.01568],[74.54235,37.02167],[74.56178,37.02968]]]}},{"type":"Feature","properties":{"kind":"claim"},"geometry":{"type":"MultiLineString","coordinates":[[[78.91769,33.38626],[78.96499,33.34425],[78.99345,33.33078],[79.02304,33.31798],[79.05328,33.30787],[79.07505,33.29574],[79.09803,33.28766],[79.12504,33.2902],[79.15021,33.29256],[79.26006,33.29178],[79.34031,33.27513],[79.42008,33.27517],[79.4561,33.2504],[79.42347,33.15783],[79.37317,33.11214],[79.38106,33.06177],[79.39927,33.02688],[79.33979,33.01326],[79.33359,32.99429],[79.37846,32.97888],[79.41409,32.97205],[79.47109,32.90896],[79.56409,32.79393],[79.61391,32.76503],[79.62067,32.72872],[79.57617,32.67065],[79.5312,32.64832],[79.51574,32.60812],[79.47211,32.56547],[79.4435,32.53477],[79.40682,32.52968],[79.37948,32.57645],[79.32047,32.59227],[79.28741,32.53258],[79.23561,32.5043],[79.21525,32.50791],[79.19117,32.50427],[79.1614,32.49647],[79.13287,32.48546],[79.11293,32.47239],[79.1029,32.44985],[79.09174,32.39056],[79.07531,32.37079],[79.06632,32.37007],[79.03965,32.37598],[79.02818,32.37709],[79.01474,32.37399],[78.98983,32.3641],[78.97619,32.36162],[78.94343,32.34637],[78.91129,32.35475],[78.88152,32.37627],[78.85568,32.40045],[78.77145,32.46166],[78.75471,32.49381],[78.73693,32.54579],[78.73497,32.56065],[78.74065,32.57868],[78.74913,32.59587],[78.75099,32.61279],[78.73683,32.62984],[78.71326,32.63752],[78.69445,32.62966],[78.66489,32.59902],[78.64774,32.58597],[78.63017,32.57801],[78.58986,32.56992],[78.44754,32.56626],[78.40816,32.55838],[78.38481,32.54755],[78.38098,32.52804],[78.39001,32.51159],[78.39964,32.52728]],[[78.48856,32.27654],[78.46099,32.2885],[78.46273,32.2818],[78.46139,32.26015],[78.45633,32.24212],[78.45798,32.22966],[78.46854,32.22667],[78.46902,32.22653],[78.47648,32.22442],[78.51307,32.20757],[78.53498,32.18134],[78.55182,32.15039],[78.64929,32.03644],[78.67833,32.01676],[78.72215,31.99459],[78.73383,31.98466],[78.74458,31.9642],[78.74199,31.94534],[78.72019,31.90291],[78.71419,31.88302],[78.70665,31.8408],[78.70034,31.82168],[78.67409,31.78695],[78.67089,31.77052],[78.67265,31.76882],[78.70571,31.774]],[[78.88199,31.28836],[78.87698,31.28709],[78.88697,31.28417],[78.92101,31.26968],[78.94028,31.30158],[78.95955,31.32512],[78.9888,31.34326],[79.01553,31.3834],[79.04994,31.42295],[79.07021,31.46138],[79.07799,31.46166],[79.1314,31.43843],[79.15769,31.41493],[79.17922,31.3938],[79.19244,31.36979],[79.20763,31.35137],[79.23832,31.32966],[79.23924,31.31172],[79.25411,31.29901],[79.26202,31.27851],[79.24843,31.2567],[79.25286,31.24544],[79.27832,31.24004],[79.28832,31.22547],[79.29808,31.20324],[79.30321,31.1831],[79.30216,31.16345],[79.31942,31.14228],[79.36705,31.11156],[79.37234,31.09407],[79.38259,31.07833],[79.38836,31.06947],[79.39145,31.05418],[79.41862,31.04896]],[[79.6974,30.97143],[79.69608,30.96919],[79.73904,30.97925],[79.76064,30.97723],[79.8335,30.96152],[79.85035,30.95449],[79.86286,30.94152],[79.88043,30.91284],[79.90316,30.89021],[79.91464,30.88382],[79.91937,30.88118],[79.93489,30.87253],[80.00559,30.84727],[80.02863,30.83078],[80.04445,30.8067],[80.06253,30.78479],[80.0922,30.77451],[80.10925,30.77812],[80.14067,30.79321],[80.1571,30.79316],[80.1693,30.78525],[80.19607,30.7481],[80.22459,30.73409],[80.23141,30.72495],[80.20702,30.68614],[80.19989,30.68071],[80.19173,30.67968],[80.18201,30.68004],[80.17292,30.67916],[80.16661,30.67441],[80.16692,30.6619],[80.17726,30.64986],[80.19059,30.63798],[80.19989,30.62588],[80.2033,30.60635],[80.19782,30.59136],[80.18842,30.577],[80.17984,30.55948],[80.19543,30.56262],[80.21135,30.58458]],[[80.56849,29.88727],[80.54953,29.89368],[80.54953,29.89368]],[[88.07688,26.99179],[88.07688,26.99179],[88.09196,27.00496]],[[87.99517,27.1036],[87.9913,27.0815],[87.9913,27.0815]],[[87.98934,27.21839],[87.98934,27.21839],[88.01199,27.21601]],[[88.13919,27.87793],[88.12566,27.85933],[88.11822,27.86088],[88.10488,27.87972],[88.10287,27.88634],[88.12477,27.90372]],[[88.75734,27.16532],[88.73457,27.16648],[88.73007,27.15095],[88.73308,27.14897],[88.74257,27.14274],[88.74929,27.13955],[88.7495,27.1417]],[[88.87012,26.99536],[88.84561,26.99494],[88.84561,26.99494]],[[91.48447,26.85273],[91.50742,26.80803],[91.50742,26.80803],[91.50856,26.79374]],[[92.10967,26.8892],[92.07986,26.91932],[92.08037,26.92157],[92.08392,26.93732],[92.06697,26.99484],[92.06697,26.99494],[92.04971,27.02683],[91.99989,27.07153],[91.9877,27.10403],[91.9879,27.12227],[91.9908,27.14077],[91.99586,27.15803],[92.00299,27.17261],[92.00579,27.17611],[92.00847,27.17948],[92.02149,27.19183],[92.02707,27.19984],[92.02997,27.20847],[92.03317,27.22743],[92.03679,27.23648],[92.05064,27.25141],[92.08185,27.27513],[92.08878,27.29234],[92.08485,27.30423],[92.0236,27.44678],[91.97509,27.47243],[91.96331,27.46892],[91.90059,27.45973],[91.85658,27.46624],[91.81623,27.46136],[91.77956,27.45648],[91.72709,27.45994],[91.72704,27.46],[91.70492,27.46876],[91.68022,27.47285],[91.65738,27.47915],[91.64167,27.49496],[91.63289,27.51166],[91.60447,27.53214],[91.59506,27.54638],[91.57325,27.61971],[91.57987,27.65798],[91.62669,27.71642],[91.63496,27.74657],[91.63577,27.78252],[91.60534,27.81066],[91.56602,27.82107],[91.56436,27.85137],[91.62834,27.85269],[91.68013,27.84982],[91.72987,27.80414],[91.82659,27.80763],[91.85637,27.76454],[91.86491,27.72999],[91.90874,27.7319],[91.95225,27.72482],[91.968,27.74628],[91.9889,27.7694],[92.06488,27.76172],[92.10616,27.78608],[92.12629,27.81272],[92.23957,27.86528],[92.24918,27.86264],[92.25827,27.8482],[92.27523,27.81169],[92.28876,27.79309],[92.30385,27.78616],[92.31729,27.80368],[92.32918,27.83293],[92.33465,27.83127],[92.33982,27.81556],[92.35005,27.80254],[92.36793,27.80383],[92.37558,27.82112],[92.38106,27.84246],[92.39284,27.85603],[92.40442,27.85383],[92.41733,27.82895],[92.42757,27.82117],[92.43904,27.82329],[92.47511,27.8466],[92.51815,27.83947],[92.57498,27.84781],[92.59291,27.86819],[92.63647,27.89537],[92.68367,27.91045],[92.71077,27.9497],[92.73639,27.98591],[92.70135,28.02524],[92.70135,28.03783],[92.68926,28.04831],[92.65422,28.05209],[92.63892,28.05749],[92.63727,28.07198],[92.65484,28.10583],[92.67861,28.13306],[92.70786,28.15541],[92.77008,28.19218],[92.77917,28.1959],[92.78289,28.19094],[92.78538,28.18329],[92.79023,28.1789],[92.80532,28.17802],[92.8199,28.17926],[92.83478,28.18353],[92.85028,28.19195],[92.86537,28.2052],[92.88955,28.23582],[92.90382,28.2497],[92.92201,28.25864],[92.96035,28.27021],[92.97492,28.28231],[93.0464,28.3021],[93.12983,28.32596],[93.20782,28.34054],[93.21807,28.39465],[93.18629,28.432],[93.21884,28.45744],[93.25907,28.49602],[93.28697,28.52052],[93.30284,28.55692],[93.31717,28.60346],[93.35543,28.62407],[93.44621,28.67189],[93.55174,28.67895],[93.60713,28.6722],[93.62553,28.67236],[93.64341,28.68024],[93.66491,28.69024],[93.70552,28.69189],[93.72248,28.69665],[93.78174,28.6805],[93.86308,28.70487],[93.92779,28.68275],[93.96109,28.72994],[93.98159,28.76813],[93.99314,28.80189],[93.99202,28.84465],[94.01145,28.85302],[94.02685,28.86418],[94.07947,28.88307],[94.1354,28.89779],[94.17366,28.93016],[94.25018,28.93311],[94.29139,28.97726],[94.34731,29.02435],[94.30905,29.05967],[94.27079,29.09793],[94.2875,29.14794],[94.32378,29.14603],[94.33577,29.14962],[94.34631,29.15907],[94.36254,29.18533],[94.37287,29.19631],[94.39644,29.20708],[94.42238,29.21049],[94.47499,29.2108],[94.49824,29.21522],[94.51478,29.22106],[94.52863,29.23124],[94.58268,29.30291],[94.59994,29.31664],[94.63043,29.31945],[94.66846,29.30661],[94.70422,29.2847],[94.75642,29.23052],[94.76768,29.21385],[94.76148,29.17471],[94.77657,29.1667],[94.79879,29.16644],[94.81543,29.16887],[94.85409,29.17],[94.89129,29.1605],[94.98906,29.15398],[95.04767,29.14081],[95.09903,29.11378],[95.11691,29.10809],[95.19153,29.09683],[95.1997,29.09425],[95.20786,29.08959],[95.21282,29.08187],[95.21406,29.07308],[95.21634,29.065],[95.22492,29.05936],[95.28155,29.05267],[95.36741,29.0365],[95.42982,29.04652],[95.48758,29.06899],[95.51131,29.13179],[95.52143,29.13786],[95.52268,29.16119],[95.51193,29.19755],[95.51534,29.20943],[95.55017,29.21248],[95.55203,29.22013],[95.55068,29.23028],[95.55379,29.23904],[95.56443,29.24561],[95.57291,29.24726],[95.58169,29.24747],[95.59234,29.24969],[95.6467,29.22835],[95.71716,29.21828],[95.74737,29.27365],[95.74478,29.34043],[95.77641,29.34555],[95.79594,29.35289],[95.86313,29.32399],[95.95373,29.35922],[96.01413,29.36425],[96.07454,29.36929],[96.14197,29.36847],[96.15096,29.35408],[96.16605,29.30317],[96.17628,29.28646],[96.20542,29.25695],[96.23529,29.24121],[96.26785,29.24173],[96.30413,29.26121],[96.32325,29.27501],[96.3371,29.27971],[96.34991,29.27424],[96.36624,29.25723],[96.36686,29.24421],[96.34237,29.21065],[96.32748,29.18044],[96.31642,29.17186],[96.21008,29.14577],[96.19364,29.13693],[96.18351,29.12378],[96.17463,29.10884],[96.17595,29.01735],[96.19532,28.94111],[96.24859,28.94534],[96.29466,28.99232],[96.36657,29.03654],[96.45761,28.99459],[96.4512,28.98138],[96.45213,28.97038],[96.46009,28.96335],[96.47466,28.96206],[96.49223,28.948],[96.50039,28.92924],[96.51083,28.88553],[96.52375,28.86442],[96.57667,28.80853],[96.59258,28.75788],[96.59801,28.70991],[96.50104,28.68763],[96.50238,28.64448],[96.40902,28.55893],[96.33646,28.47967],[96.30185,28.42071],[96.36964,28.37812],[96.44113,28.39542],[96.49523,28.42147],[96.51238,28.42881],[96.56152,28.44729],[96.60443,28.44453],[96.71692,28.43654],[96.89789,28.3547],[96.93396,28.33662],[96.96579,28.33047],[96.99742,28.33708],[97.03297,28.35703],[97.07845,28.37514],[97.11555,28.36656],[97.18273,28.31499],[97.19327,28.3114],[97.20278,28.31155],[97.21053,28.30809],[97.22076,28.28339],[97.22965,28.27461],[97.28526,28.23567],[97.3235,28.21748],[97.32866,28.19001],[97.2989,28.12924],[97.2929,28.09508],[97.30655,28.06966],[97.35512,28.02304],[97.36225,27.99488],[97.35677,27.98057],[97.34003,27.95181],[97.33569,27.93561],[97.33631,27.91318],[97.33817,27.90155],[97.33352,27.89416],[97.31492,27.8846],[97.2929,27.87755],[97.28867,27.88435],[97.28805,27.89776],[97.27637,27.91034],[97.26066,27.91204],[97.24123,27.90786],[97.22293,27.89972],[97.21094,27.88951],[97.19803,27.87326],[97.18211,27.85727],[97.13178,27.81686],[97.1232,27.81215],[97.11245,27.80921],[97.10604,27.80554],[97.09819,27.79102],[97.09219,27.78549],[97.07235,27.77918],[97.06532,27.77399],[97.06201,27.76335],[97.06036,27.75045],[97.05674,27.74678],[97.05054,27.74678],[97.03618,27.74292],[97.00403,27.73428],[96.99091,27.72663],[96.95701,27.68808],[96.93954,27.67402],[96.89975,27.64948],[96.88352,27.63632],[96.87019,27.61909],[96.86213,27.5993],[96.86203,27.57837],[96.86616,27.56845],[96.87732,27.55307],[96.88032,27.54385],[96.88104,27.53439],[96.88466,27.51584],[96.88848,27.50718],[96.89024,27.49248],[96.87701,27.46308],[96.88135,27.44411],[96.90512,27.40841],[97.0679,27.2171],[97.0955,27.19126],[97.10129,27.1833],[97.1017,27.16527],[97.10439,27.15602],[97.11173,27.14883],[97.12082,27.14393],[97.1293,27.13788],[97.13477,27.12734],[97.13302,27.11959],[97.12289,27.0937],[97.11917,27.08729],[97.10604,27.08259],[97.09798,27.08589],[97.08992,27.0922],[97.07721,27.09649],[97.06697,27.09525],[97.05883,27.09208],[97.04785,27.0878],[97.03803,27.08703],[97.02677,27.09147],[97.01892,27.09871],[97.01189,27.10703],[97.003,27.11452],[96.86533,27.17162],[96.8427,27.18852],[96.84177,27.20439],[96.85128,27.22118],[96.85965,27.24072],[96.85376,27.24873],[96.82172,27.27306],[96.80993,27.28578],[96.78916,27.31797],[96.77635,27.33063],[96.75888,27.34174],[96.72415,27.35626],[96.70524,27.36076],[96.68725,27.36174],[96.67589,27.35766],[96.65925,27.34143],[96.64902,27.33621],[96.63641,27.33554],[96.62928,27.33869],[96.62318,27.34365],[96.61419,27.34841],[96.5869,27.35358],[96.57605,27.34541],[96.56747,27.32831],[96.54732,27.30645],[96.53181,27.29854],[96.51094,27.29249],[96.49006,27.29074],[96.47466,27.29539],[96.40779,27.29818],[96.14259,27.25751],[96.07417,27.22986],[96.01319,27.1908],[95.97484,27.14289],[95.93836,27.0799],[95.91645,27.05137],[95.88886,27.02703],[95.86147,27.01422],[95.80493,27.00476],[95.77796,26.99515],[95.73496,26.9473],[95.70923,26.90745],[95.6993,26.89619],[95.68608,26.89128],[95.63998,26.88642],[95.62427,26.88074],[95.61332,26.86792],[95.60339,26.84425],[95.5913,26.82374],[95.57476,26.81614],[95.55441,26.81661],[95.53136,26.82028],[95.48981,26.81072],[95.46273,26.77718],[95.43999,26.73537],[95.41064,26.70163],[95.39266,26.69176],[95.31597,26.66907],[95.27897,26.65295],[95.26977,26.65029],[95.22932,26.674]],[[95.07689,26.47672],[95.05438,26.49492],[95.05438,26.49492]],[[75.2984,32.33243],[75.23017,32.3802],[75.19616,32.3973],[75.12599,32.41174],[75.09219,32.42934],[75.05488,32.45554],[75.02367,32.46626],[74.9907,32.46337],[74.94843,32.44877],[74.90698,32.44518],[74.83815,32.47487],[74.79939,32.47267],[74.76353,32.46267],[74.72498,32.46081],[74.68932,32.47135],[74.66255,32.49838],[74.63258,32.56817],[74.62958,32.58809],[74.63692,32.60625],[74.64798,32.62362],[74.65604,32.64067],[74.65728,32.66059],[74.65015,32.70123],[74.64974,32.72315],[74.65697,32.74534],[74.68229,32.78733],[74.68912,32.80882],[74.68529,32.83123],[74.67175,32.84058],[74.65356,32.83743],[74.63589,32.82208],[74.62628,32.80265],[74.62204,32.78542],[74.61408,32.7704],[74.59341,32.75787],[74.57377,32.75255],[74.52096,32.74529],[74.50091,32.74601],[74.48448,32.75353],[74.45533,32.7786],[74.43869,32.78598],[74.41895,32.78462],[74.38639,32.76777],[74.36769,32.76353],[74.34619,32.76689],[74.32934,32.77642],[74.31632,32.79107],[74.3065,32.80991],[74.31594,32.82175],[74.31699,32.82307],[73.98301,32.96907],[73.97701,32.97587],[73.96006,33.00052],[73.95944,33.00181],[73.95624,33.00618],[73.95107,33.01145],[73.94301,33.01819],[73.92606,33.02597],[73.90735,33.02995],[73.87376,33.02873],[73.8595,33.02698],[73.84948,33.02455],[73.84763,33.02371],[73.82974,33.01558],[73.82913,33.01539],[73.8224,33.01321],[73.80586,33.01514],[73.78602,33.02465],[73.7732,33.03065],[73.76349,33.04566],[73.73196,33.06266],[73.67274,33.08491],[73.6405,33.1033],[73.62251,33.12449],[73.64535,33.14309],[73.64442,33.15439],[73.6498,33.16185],[73.65455,33.17304],[73.65486,33.18469],[73.64928,33.19485],[73.64081,33.20105],[73.62076,33.212],[73.61766,33.21689],[73.616,33.22358],[73.61538,33.22957],[73.61466,33.23244],[73.60949,33.23255],[73.60143,33.23097],[73.59995,33.23036],[73.59471,33.22821],[73.59443,33.22822],[73.58779,33.22846],[73.58376,33.22764],[73.58117,33.22916],[73.57994,33.23843],[73.57983,33.23926],[73.58303,33.23911],[73.58832,33.24075],[73.58996,33.24125],[73.59688,33.24425],[73.60029,33.24671],[73.59916,33.26642],[73.59492,33.28572],[73.59347,33.3043],[73.59761,33.31502],[73.60029,33.32182],[73.60319,33.33303],[73.59843,33.34287],[73.58686,33.35556],[73.57642,33.36954],[73.57383,33.38739],[73.58283,33.39988],[73.5944,33.41173],[73.60422,33.44158],[73.61273,33.44652],[73.61321,33.4468],[73.62058,33.44825],[73.62241,33.44861],[73.62758,33.45207],[73.6282,33.46171],[73.62592,33.46966],[73.62262,33.47716],[73.61497,33.51013],[73.61466,33.51966],[73.61817,33.52617],[73.62448,33.52821],[73.63099,33.53118],[73.63502,33.5408],[73.63285,33.55684],[73.6252,33.57547],[73.61466,33.59312],[73.60381,33.60593],[73.57642,33.62637],[73.57311,33.63366],[73.57838,33.64756],[73.57642,33.65402],[73.57745,33.66324],[73.59564,33.69539],[73.60029,33.70859],[73.59936,33.72748],[73.59574,33.74562],[73.58851,33.76233],[73.57642,33.77714],[73.56722,33.80344],[73.58252,33.87674],[73.57983,33.91046],[73.51864,34.00777],[73.51858,34.00832],[73.51856,34.00847],[73.51844,34.00942],[73.50852,34.06839],[73.49081,34.1282],[73.49043,34.12949],[73.48979,34.14006],[73.4894,34.14652],[73.48957,34.14964],[73.49136,34.18127],[73.49043,34.19835],[73.47414,34.269],[73.4741,34.26918],[73.45953,34.2824],[73.45549,34.29217],[73.44723,34.30597],[73.40713,34.35504],[73.4002,34.37553],[73.40383,34.38092],[73.41508,34.39764],[73.42025,34.40963],[73.42537,34.42833],[73.42592,34.43033],[73.42687,34.43573],[73.42676,34.46601],[73.42748,34.47003],[73.42775,34.47053],[73.42904,34.47294],[73.43534,34.4818],[73.43658,34.48464],[73.43751,34.48772],[73.43782,34.49113],[73.43606,34.51733],[73.43668,34.52216],[73.43813,34.52596],[73.4432,34.53345],[73.44495,34.53686],[73.44557,34.54037],[73.44568,34.54916],[73.44619,34.55381],[73.44712,34.55805],[73.45012,34.56259],[73.45446,34.56637],[73.46357,34.57033],[73.46407,34.57055],[73.49415,34.57494],[73.49753,34.57498],[73.4989,34.575],[73.50386,34.57458],[73.52474,34.57117],[73.52693,34.57112],[73.52888,34.57107],[73.53307,34.57153],[73.53404,34.57164],[73.55283,34.5795],[73.56577,34.58492],[73.57456,34.58719],[73.58324,34.58838],[73.59124,34.58834],[73.59316,34.58833],[73.6004,34.5873],[73.60535,34.58492],[73.60652,34.58303],[73.60783,34.58089],[73.6079,34.58075],[73.61011,34.57562],[73.61383,34.56921],[73.61601,34.56677],[73.61844,34.56404],[73.62328,34.56399],[73.62344,34.56399],[73.62493,34.56538],[73.62923,34.56942],[73.63895,34.58549],[73.65951,34.63365],[73.66034,34.63897],[73.65972,34.64399],[73.65786,34.64946],[73.65125,34.65902],[73.64918,34.66305],[73.64794,34.66781],[73.64897,34.67246],[73.65083,34.6767],[73.6808,34.7153],[73.68556,34.72326],[73.69424,34.7446],[73.70127,34.75566],[73.70871,34.76331],[73.71884,34.77132],[73.74023,34.78475],[73.75042,34.7899],[73.75057,34.78997],[73.75842,34.7925],[73.77723,34.79162],[73.78374,34.79245],[73.78912,34.79411],[73.79656,34.79751],[73.79744,34.79805],[73.81564,34.80912],[73.8195,34.81049],[73.8411,34.8141],[73.88384,34.8107],[73.884,34.81069],[73.88743,34.81193],[73.88958,34.81271],[73.88987,34.8129],[73.90808,34.8247],[73.91102,34.82609],[73.91624,34.82857],[73.92379,34.83353],[73.92526,34.8349],[73.92872,34.8381],[73.93002,34.83931],[73.93009,34.83937],[73.93722,34.8494],[73.9425,34.85379],[73.94742,34.85788],[73.94766,34.85808],[73.95438,34.86268],[73.95462,34.86276],[73.96223,34.86521],[73.97815,34.86655],[73.98386,34.86771],[73.98911,34.86878],[74.00051,34.87243],[74.01214,34.87616],[74.01236,34.87633],[74.01571,34.87898],[74.01784,34.88066],[74.01796,34.8808],[74.02248,34.88605],[74.02425,34.8881],[74.02993,34.90505],[74.03417,34.91451],[74.03431,34.91467],[74.03666,34.9173],[74.04151,34.92273],[74.04173,34.92287],[74.05257,34.9295],[74.05424,34.93084],[74.0568,34.93291],[74.06145,34.94169],[74.06404,34.95017],[74.063,34.96546],[74.06445,34.9743],[74.06693,34.98179],[74.07561,34.9911],[74.08533,34.99962],[74.08552,34.99973],[74.09192,35.00339],[74.09752,35.0066],[74.10031,35.00965],[74.10041,35.01006],[74.10135,35.01394],[74.09773,35.02143],[74.09267,35.0267],[74.08812,35.02965],[74.07603,35.0343],[74.07493,35.03495],[74.07272,35.03626],[74.07079,35.03803],[74.06962,35.0391],[74.06908,35.03992],[74.06755,35.04225],[74.06621,35.04551],[74.066,35.0497],[74.06755,35.05538],[74.07654,35.07202],[74.08109,35.07827],[74.08117,35.07835],[74.08843,35.08504],[74.09938,35.09274],[74.1247,35.0992],[74.1247,35.09937],[74.12469,35.09948],[74.1244,35.10497],[74.1244,35.10509],[74.12305,35.10747],[74.11933,35.11124],[74.10517,35.12137],[74.10238,35.12649],[74.10166,35.13062],[74.103,35.13491],[74.10352,35.13801],[74.10219,35.14],[74.10186,35.14049],[74.10037,35.14107],[74.09814,35.14194],[74.09799,35.14194],[74.09727,35.14192],[74.07933,35.14163],[74.07914,35.14164],[74.05161,35.1439],[74.03704,35.1451],[74.03619,35.14536],[74.03148,35.1468],[74.02549,35.14964],[74.00853,35.16338],[74.00636,35.16515],[74.00399,35.16824],[74.00265,35.17129],[73.99872,35.17388],[73.99482,35.17472],[73.99466,35.17476],[73.99228,35.17527],[73.9767,35.17434],[73.96844,35.17248],[73.96068,35.16917],[73.95879,35.16962],[73.95848,35.16969],[73.9581,35.16978],[73.95407,35.17072],[73.94921,35.17258],[73.9243,35.19889],[73.91499,35.20174],[73.91007,35.20325],[73.89836,35.20684],[73.89766,35.20693],[73.88782,35.20808],[73.86994,35.20255],[73.86435,35.2023],[73.86423,35.20235],[73.86337,35.20271],[73.85888,35.20462],[73.83935,35.22183],[73.82105,35.23015],[73.81299,35.23253],[73.80962,35.23352],[73.80844,35.23371],[73.80121,35.2349],[73.7763,35.23506],[73.7731,35.23449],[73.7699,35.2332],[73.76659,35.23124],[73.74581,35.21377],[73.74189,35.21124],[73.73868,35.20979],[73.73569,35.20927],[73.73227,35.20938],[73.73219,35.20942],[73.73211,35.20946],[73.73151,35.20975],[73.72783,35.21155],[73.72215,35.21573],[73.71553,35.22514],[73.71481,35.23015],[73.71512,35.23403],[73.7176,35.2393],[73.72029,35.25464],[73.71998,35.25888],[73.71842,35.2641],[73.68887,35.30674],[73.68742,35.31015],[73.68711,35.31361],[73.68732,35.31769],[73.69083,35.34518],[73.69062,35.34854],[73.6899,35.35454],[73.69021,35.35743],[73.69155,35.3611],[73.69424,35.36637],[73.71719,35.398],[73.72287,35.40849],[73.72442,35.41246],[73.72587,35.41515],[73.72752,35.41763],[73.74251,35.42776],[73.76752,35.43934],[73.77692,35.44244],[73.78147,35.44466],[73.78416,35.44714],[73.78467,35.44988],[73.78405,35.45293],[73.78261,35.45685],[73.78168,35.46089],[73.77847,35.50233],[73.77785,35.50569],[73.77206,35.52197],[73.77185,35.52205],[73.77164,35.52213],[73.75842,35.52703],[73.7578,35.52711],[73.62954,35.543],[73.56608,35.54181],[73.5048,35.53385],[73.50437,35.53411],[73.50427,35.53417],[73.50355,35.53461],[73.46573,35.55757],[73.46565,35.55759],[73.46546,35.55762],[73.46393,35.5579],[73.44258,35.56176],[73.40971,35.54775],[73.40948,35.54815],[73.40941,35.54825],[73.40894,35.54906],[73.39669,35.56982],[73.39493,35.57483],[73.39235,35.58015],[73.38832,35.58398],[73.38253,35.58822],[73.38218,35.58839],[73.37431,35.59218],[73.37385,35.5924],[73.3662,35.59493],[73.36568,35.59502],[73.35473,35.59685],[73.34894,35.59716],[73.3292,35.59545],[73.32506,35.59587],[73.3108,35.59896],[73.30987,35.5993],[73.30708,35.60031],[73.30684,35.60047],[73.30674,35.60054],[73.30398,35.60238],[73.29923,35.61323],[73.29685,35.6171],[73.29044,35.62284],[73.28996,35.62311],[73.28227,35.62751],[73.25158,35.64506],[73.24372,35.65095],[73.24031,35.65431],[73.22781,35.66366],[73.13531,35.71498],[73.12921,35.72025],[73.12559,35.7248],[73.12384,35.73033],[73.12311,35.73689],[73.12311,35.74449],[73.12849,35.79632],[73.12993,35.79942],[73.13262,35.80242],[73.15133,35.81745],[73.15412,35.82133],[73.15474,35.82489],[73.15298,35.8281],[73.14957,35.83192],[73.14882,35.83233],[73.12936,35.84294],[73.1197,35.8482],[73.11953,35.84832],[73.1191,35.84862],[73.10833,35.85616],[73.09428,35.86835],[73.09221,35.87114],[73.09056,35.87414],[73.08839,35.8759],[73.08816,35.87594],[73.08797,35.87598],[73.08636,35.8763],[73.08528,35.87652],[73.08063,35.87342],[73.07247,35.86489],[73.06813,35.86164],[73.06431,35.85952],[73.05955,35.85776],[73.05273,35.85652],[73.04219,35.85605],[73.03164,35.85683],[73.01645,35.86112],[73.01574,35.86141],[73.0088,35.86422],[73.00717,35.86511],[73.00054,35.86872],[73.00038,35.86878],[72.98565,35.87492],[72.98251,35.87583],[72.9778,35.87719],[72.9716,35.87812],[72.87217,35.8743],[72.86463,35.8728],[72.85615,35.87022],[72.81802,35.8512],[72.8146,35.8481],[72.80892,35.84133],[72.80613,35.83869],[72.79848,35.83771],[72.79238,35.83756],[72.75001,35.84484],[72.65585,35.85414],[72.65389,35.85484],[72.55675,35.88934],[72.5156,35.90396],[72.58816,36.01279],[72.58909,36.01615],[72.58836,36.01868],[72.58072,36.0348],[72.57917,36.04276],[72.57265,36.05005],[72.54124,36.07253],[72.53803,36.0764],[72.53628,36.07966],[72.53524,36.08307],[72.53121,36.09108],[72.52914,36.09754],[72.52925,36.1026],[72.53028,36.10808],[72.53173,36.11232],[72.53441,36.1165],[72.56025,36.14389],[72.56211,36.14999],[72.56056,36.15573],[72.55312,36.16653],[72.55136,36.17004],[72.55136,36.17356],[72.55384,36.18911],[72.5649,36.23014],[72.568,36.23676],[72.57203,36.2427],[72.57803,36.24988],[72.58599,36.25784],[72.59426,36.26425],[72.60748,36.27272],[72.62185,36.27665],[72.63343,36.27856],[72.64293,36.27898],[72.65451,36.2781],[72.68087,36.26931],[72.68696,36.26916],[72.69244,36.27107],[72.71394,36.29618],[72.7188,36.30011],[72.73771,36.31096],[72.7527,36.31654],[72.76727,36.32001],[72.77378,36.32269],[72.78453,36.32879],[72.82163,36.3646],[72.83021,36.37039],[72.83837,36.37396],[72.86928,36.37969],[72.87693,36.38429],[72.88364,36.39199],[72.88654,36.39706],[72.88737,36.40233],[72.88612,36.41395],[72.88592,36.43891],[72.8885,36.45251],[72.88995,36.4571],[72.89574,36.46155],[72.90649,36.46563],[72.92602,36.46837],[72.95599,36.46811],[72.9808,36.47085],[72.98493,36.47276],[72.98834,36.47617],[72.98958,36.48377],[72.98855,36.48909],[72.98493,36.4956],[72.98183,36.50015],[72.97987,36.50429],[72.97987,36.5078],[72.98297,36.51126],[72.98917,36.51447],[73.04219,36.53116],[73.04891,36.53513],[73.055,36.53963],[73.06306,36.54899],[73.06616,36.55612],[73.06937,36.56867],[73.07216,36.57363],[73.08539,36.59007],[73.09448,36.6033],[73.09552,36.6066],[73.09552,36.6095],[73.09304,36.61771],[73.07753,36.65115],[73.0734,36.6636],[73.07268,36.68588],[73.07154,36.69109],[73.07133,36.69497],[73.0734,36.69854],[73.07815,36.70081],[73.09727,36.70282],[73.13055,36.70939],[73.14203,36.71399],[73.17158,36.733],[73.17655,36.73486],[73.18208,36.73389],[73.19236,36.72825],[73.20791,36.71569],[73.20848,36.71523],[73.21344,36.7129],[73.21789,36.71239],[73.2431,36.71652],[73.2708,36.71848],[73.28755,36.71724],[73.29633,36.71745],[73.31411,36.72112],[73.41601,36.75207],[73.42966,36.75109],[73.45384,36.74721],[73.51399,36.73135],[73.51988,36.73073],[73.54138,36.7328],[73.55316,36.73233],[73.55751,36.73125],[73.56536,36.72794],[73.57104,36.72773],[73.57673,36.72923],[73.59068,36.73512],[73.59481,36.73546],[73.59512,36.73548],[73.59916,36.73264],[73.60763,36.72169],[73.61352,36.71559],[73.61712,36.71276],[73.61786,36.71218],[73.62231,36.71016],[73.6283,36.70975],[73.65486,36.71058],[73.66199,36.70913],[73.67336,36.70453],[73.67863,36.70396],[73.68411,36.70489],[73.69538,36.71037],[73.71512,36.72499],[73.72122,36.72711],[73.72855,36.72655],[73.73631,36.72437],[73.75625,36.71642],[73.76163,36.71605],[73.76741,36.7176],[73.78715,36.72841],[73.79087,36.72918],[73.80193,36.72846],[73.83335,36.72143],[73.85423,36.71476],[73.87397,36.71104],[73.87935,36.71161],[73.88575,36.71419],[73.88813,36.71993],[73.88782,36.72556],[73.88658,36.73016],[73.88637,36.73404],[73.8873,36.73797],[73.89144,36.74675],[73.89206,36.75151],[73.89123,36.7561],[73.89112,36.75652],[73.88898,36.76438],[73.8873,36.77052],[73.88724,36.77059],[73.88698,36.77083],[73.881,36.77646],[73.86901,36.78499],[73.86808,36.7855],[73.81299,36.81569],[73.81219,36.81639],[73.79894,36.82799],[73.79997,36.8906]],[[74.56168,37.03006],[74.56178,37.02968],[74.56178,37.02968],[74.62607,37.04275],[74.66245,37.05448],[74.67795,37.05169],[74.69222,37.03588],[74.71919,37.01645],[74.79257,37.01516],[74.8243,36.99412],[74.82451,36.99412],[74.85324,36.95898],[74.86089,36.94689],[74.86678,36.91656],[74.87236,36.9071],[74.8858,36.91144],[74.892,36.92098],[74.90078,36.94992],[74.9105,36.96255],[74.92497,36.97087],[74.94233,36.977],[74.97685,36.98428],[75.01447,36.98449],[75.10015,36.99412],[75.11855,36.99123],[75.13281,36.9847],[75.16123,36.9642],[75.19513,36.94888],[75.31347,36.92876],[75.3513,36.91578],[75.37796,36.89429],[75.3945,36.86426],[75.40142,36.82587],[75.40339,36.78478],[75.41052,36.74732],[75.43191,36.72293],[75.49258,36.72071],[75.49889,36.72763],[75.50188,36.73797],[75.50798,36.74763],[75.57051,36.76675],[75.64978,36.75404],[75.72874,36.72319],[75.79055,36.68784],[75.84977,36.64474],[75.87478,36.61947],[75.97658,36.46263],[75.97681,36.46176],[75.98108,36.44544],[76.14928,36.42455],[76.239,36.3199],[76.31858,36.33008],[76.38886,36.30977],[76.42865,36.23955],[76.46926,36.22001],[76.56828,36.1904],[76.66894,36.1904],[76.71876,36.15991],[76.75865,36.11004],[76.77891,36.03982],[76.77891,35.97966],[76.77891,35.91026],[76.83906,35.85952],[76.939,35.84004],[77.00856,35.81973],[77.06861,35.77994],[77.08959,35.7402],[77.12948,35.73007],[77.20896,35.70966],[77.3089,35.71979],[77.34859,35.71979],[77.42135,35.64015],[77.46889,35.65188],[77.50868,35.58015],[77.51881,35.48492],[77.51961,35.47744],[77.66061,35.4581],[77.68966,35.46269],[77.71673,35.47541],[77.74743,35.49432],[77.76035,35.49809],[77.77358,35.49897],[77.80035,35.49541],[77.82949,35.49179],[77.86029,35.48409],[77.88985,35.48176],[77.91517,35.49417],[77.93202,35.52269],[77.94122,35.54672],[77.95476,35.56171],[77.98452,35.56326],[78.0733,35.54021],[78.10162,35.5383],[78.11485,35.54455],[78.1288,35.583],[78.14234,35.60579],[78.16187,35.62362],[78.18554,35.63596],[78.22936,35.64749],[78.24104,35.65679],[78.26099,35.68278],[78.27577,35.69472],[78.29262,35.70123],[78.32993,35.70924],[78.36672,35.72516],[78.40021,35.74542],[78.43524,35.76097],[78.50893,35.7679],[78.54531,35.78113],[78.65228,35.84091],[78.66479,35.85254],[78.73654,35.86806],[78.77675,35.86665],[78.82526,35.86521],[78.97143,35.88743],[79.02808,35.85237],[79.13253,35.83622],[79.19405,35.88692],[79.18362,35.94132],[79.29008,35.97729],[79.32366,35.98003],[79.36366,35.97517],[79.40025,35.96199],[79.42392,35.93982],[79.42826,35.90851],[79.46082,35.88577],[79.48865,35.87883],[79.54567,35.86463],[79.56758,35.85874],[79.62333,35.84565],[79.71636,35.81718],[79.73754,35.80201],[79.79644,35.79725],[79.87556,35.78496],[79.91855,35.82225],[79.96028,35.83886],[80.00452,35.83893],[80.03824,35.79976],[80.05823,35.74994],[80.08849,35.72469],[80.11107,35.68001],[80.1779,35.66695],[80.24357,35.63866],[80.2915,35.60742],[80.30597,35.57272],[80.31225,35.54896],[80.31553,35.53188],[80.31921,35.50925],[80.32712,35.47687],[80.32632,35.46678],[80.30943,35.46281],[80.28442,35.44552],[80.28405,35.39597],[80.27771,35.34523],[80.25549,35.31268],[80.26128,35.26989],[80.24183,35.22316],[80.20257,35.19085],[80.18796,35.15064],[80.18325,35.10318],[80.17385,35.07192],[80.16261,34.95088],[80.11656,34.88393],[80.07791,34.83733],[80.07387,34.79227],[80.08558,34.77659],[80.06636,34.73742],[80.04972,34.67313],[80.03525,34.65747],[79.99577,34.6475],[79.93773,34.65692],[79.9073,34.66186],[79.86678,34.65804],[79.85211,34.64445],[79.84456,34.62316],[79.83929,34.60006],[79.83071,34.58084],[79.81335,34.56538],[79.79444,34.55882],[79.75144,34.55195],[79.73149,34.54508],[79.71362,34.53484],[79.70214,34.52035],[79.70173,34.5003],[79.71144,34.48645],[79.7255,34.47562],[79.73677,34.46332],[79.73801,34.44472],[79.71268,34.41532],[79.71059,34.41493],[79.66959,34.40744],[79.62287,34.41198],[79.5436,34.42867],[79.52303,34.42609],[79.51032,34.41216],[79.50949,34.39216],[79.52469,34.35152],[79.54835,34.25065],[79.55156,34.20957],[79.53285,34.18417],[79.51394,34.18298],[79.49802,34.18642],[79.4882,34.18189],[79.48727,34.15673],[79.49781,34.12019],[79.49502,34.10593],[79.47642,34.08893],[79.44851,34.06751],[79.40552,34.0219],[79.37596,34.01141],[79.13226,34.02648],[79.10166,34.01999],[79.09391,34.01444],[79.08099,34.0001],[79.07066,33.9955],[79.06239,33.99529],[79.03934,34.00196],[78.93506,34.00715],[78.90281,33.98317],[78.88751,33.94646],[78.89754,33.90747],[78.91604,33.8707],[78.92875,33.83416],[78.94539,33.79982],[78.97619,33.76949],[78.99128,33.75192],[78.99521,33.72967],[78.99614,33.70546],[79.01133,33.658],[79.01278,33.63368],[79.00255,33.61934],[78.97619,33.62498],[78.94539,33.63412],[78.91738,33.6334],[78.89599,33.62009],[78.88524,33.59177],[78.88689,33.56689],[78.90405,33.5216],[78.90984,33.49424],[78.90601,33.44799],[78.90757,33.42354],[78.91253,33.4023],[78.91769,33.38626]]]}},{"type":"Feature","properties":{"kind":"state"},"geometry":{"type":"MultiLineString","coordinates":[[[95.17644,27.03318],[95.18502,27.04202],[95.1906,27.04463],[95.1997,27.0468],[95.21582,27.04649],[95.23835,27.04277],[95.25075,27.04535],[95.26119,27.04887],[95.30491,27.07912],[95.3569,27.11506],[95.3693,27.12201],[95.38604,27.12865],[95.40527,27.13375],[95.42377,27.14129],[95.44816,27.15912],[95.46314,27.17687],[95.47327,27.19483],[95.47854,27.21007],[95.48319,27.23048],[95.48805,27.24154],[95.49343,27.25004],[95.50118,27.25586],[95.5111,27.26198],[95.53425,27.27177],[95.54593,27.27394],[95.55957,27.27138],[95.57539,27.26459],[95.59771,27.24787],[95.62241,27.23296],[95.64381,27.23033],[95.79956,27.28588],[95.81186,27.28635],[95.84555,27.28278],[95.85186,27.28355],[95.86095,27.28578],[95.87067,27.28704],[95.87893,27.28609],[95.90374,27.27609],[95.90911,27.27735],[95.91428,27.28234],[95.91769,27.28836],[95.92172,27.2988],[95.92699,27.30438],[95.93164,27.30769],[95.95056,27.31208],[95.9549,27.31358],[95.95924,27.31627],[95.96193,27.31955],[95.9642,27.32451],[95.96875,27.33748],[95.97216,27.34334],[95.97608,27.34691],[95.98177,27.35066],[96.00006,27.35921],[96.00378,27.36153],[96.00719,27.36513],[96.00968,27.36975],[96.01112,27.37636],[96.01184,27.40466],[96.00937,27.41344],[96.00409,27.4229],[95.98508,27.44517],[95.97826,27.44969],[95.96885,27.45091],[95.961,27.45106],[95.95293,27.45024],[95.94611,27.44889],[95.94033,27.44688],[95.93557,27.44427],[95.93216,27.44132],[95.90095,27.40528],[95.8932,27.3997],[95.88772,27.40179],[95.88483,27.40975],[95.88917,27.42802],[95.89041,27.43866],[95.88668,27.44783],[95.8809,27.45171],[95.87955,27.45809],[95.87955,27.46261],[95.89578,27.49755],[95.89206,27.51468],[95.88679,27.557],[95.87997,27.56951],[95.87159,27.57638],[95.84751,27.58731],[95.8378,27.59403],[95.82798,27.60496],[95.82364,27.6078],[95.81186,27.61356],[95.80431,27.61937],[95.79852,27.62772],[95.79511,27.63697],[95.78798,27.6957],[95.7822,27.70485],[95.77589,27.71733],[95.78736,27.74174],[95.81341,27.77443],[95.90074,27.86538],[95.93815,27.91915],[95.95149,27.94786],[95.96637,27.96987],[95.97267,27.98163],[95.97309,27.98881],[95.9641,27.9933],[95.71677,27.9902],[95.67233,27.97796],[95.58841,27.9307],[95.56898,27.91638],[95.54355,27.90207],[95.49301,27.88566],[95.40837,27.87083],[95.38263,27.87044],[95.36641,27.87298],[95.35276,27.8767],[95.34088,27.88119],[95.31318,27.89579],[95.30481,27.89589],[95.29406,27.89238],[95.24703,27.86615],[94.94814,27.76952],[94.89619,27.74581]],[[94.89619,27.74581],[94.89619,27.74581],[94.82679,27.71415],[94.79848,27.70123],[94.78898,27.69944],[94.72241,27.68691],[94.66278,27.6687],[94.60707,27.6465],[94.5629,27.61839],[94.55664,27.61441],[94.52594,27.6039],[94.51591,27.60458],[94.4999,27.60568],[94.47458,27.59387],[94.44915,27.6162],[94.35293,27.59312],[94.32347,27.60682],[94.312,27.61038],[94.28906,27.61516],[94.28151,27.62023],[94.27149,27.63361],[94.26601,27.63932],[94.25516,27.64684],[94.25082,27.6486],[94.24306,27.64798],[94.21898,27.62663],[94.21227,27.61255],[94.21723,27.59684],[94.22859,27.58304],[94.24089,27.57462],[94.24978,27.56504],[94.25579,27.55077],[94.25691,27.54809],[94.24947,27.53465],[94.24306,27.52597],[94.11263,27.42253],[94.06633,27.38582],[94.0285,27.36254],[93.99371,27.33619],[93.98251,27.32771],[93.95952,27.30593],[93.8466,27.19891],[93.84659,27.19889],[93.83451,27.18335],[93.82707,27.16705],[93.82583,27.14152],[93.83492,27.11388],[93.83389,27.10605],[93.82655,27.09599],[93.79648,27.08062],[93.77284,27.06457],[93.75968,27.05564],[93.73477,27.03264],[93.71814,27.01988],[93.69467,27.00595],[93.63204,26.98337],[93.60207,26.97716],[93.54636,26.9729],[93.52497,26.9681],[93.4798,26.94921],[93.46068,26.94724],[93.43102,26.96748],[93.41913,26.97729],[93.40032,26.98554],[93.375,26.98879],[93.0203,26.95301],[92.98846,26.9583],[92.96459,26.96572],[92.94495,26.97864],[92.93917,26.9874],[92.93699,26.9961],[92.9371,27.00029],[92.93617,27.00145],[92.90258,27.01838],[92.81483,27.0508],[92.74052,27.06264],[92.69877,27.06592],[92.67882,27.06109],[92.65546,27.0431],[92.6412,27.02848],[92.62621,27.01807],[92.60575,27.00944],[92.54735,26.99944],[92.47552,26.97678],[92.36566,26.94998],[92.32887,26.93575],[92.31584,26.93345],[92.27864,26.93236],[92.25766,26.92456],[92.21032,26.91234],[92.11213,26.92022],[92.08037,26.92157]]]}}]}
